entry_date,account_code,account_name,description,debit,credit,source_table,source_id,source_ref
2012-01-02,1000,Cash / Clearing,Charter #4606 - Res #005656 - credit_card,267.50,0.00,income_ledger,18890,0005377
2012-01-02,41000,Charter Revenue,Charter #4606 - Res #005656 - credit_card,0.00,267.50,income_ledger,18890,0005377
2012-01-02,1000,Cash / Clearing,Charter #4615 - Res #005665 - cash,514.00,0.00,income_ledger,18922,0005369
2012-01-02,41000,Charter Revenue,Charter #4615 - Res #005665 - cash,0.00,514.00,income_ledger,18922,0005369
2012-01-02,1000,Cash / Clearing,Charter #4619 - Res #005669 - credit_card,721.86,0.00,income_ledger,19419,0005401
2012-01-02,41000,Charter Revenue,Charter #4619 - Res #005669 - credit_card,0.00,721.86,income_ledger,19419,0005401
2012-01-02,1000,Cash / Clearing,Charter #4644 - Res #005678 - cash,200.00,0.00,income_ledger,19421,0005382
2012-01-02,41000,Charter Revenue,Charter #4644 - Res #005678 - cash,0.00,200.00,income_ledger,19421,0005382
2012-01-02,1000,Cash / Clearing,Charter #4653 - Res #005687 - unknown,288.74,0.00,income_ledger,20930,0005024
2012-01-02,41000,Charter Revenue,Charter #4653 - Res #005687 - unknown,0.00,288.74,income_ledger,20930,0005024
2012-01-02,1000,Cash / Clearing,Charter #4659 - Res #005694 - unknown,370.00,0.00,income_ledger,20935,0005027
2012-01-02,41000,Charter Revenue,Charter #4659 - Res #005694 - unknown,0.00,370.00,income_ledger,20935,0005027
2012-01-02,1000,Cash / Clearing,Charter #4666 - Res #005701 - unknown,22.00,0.00,income_ledger,20936,0005034
2012-01-02,41000,Charter Revenue,Charter #4666 - Res #005701 - unknown,0.00,22.00,income_ledger,20936,0005034
2012-01-03,1000,Cash / Clearing,Charter #4370 - Res #005419 - credit_card,481.26,0.00,income_ledger,18781,0005419
2012-01-03,41000,Charter Revenue,Charter #4370 - Res #005419 - credit_card,0.00,481.26,income_ledger,18781,0005419
2012-01-03,1000,Cash / Clearing,Charter #4370 - Res #005419 - credit_card,1268.74,0.00,income_ledger,18787,0005420
2012-01-03,41000,Charter Revenue,Charter #4370 - Res #005419 - credit_card,0.00,1268.74,income_ledger,18787,0005420
2012-01-03,1000,Cash / Clearing,Charter #4568 - Res #005618 - credit_card,1233.37,0.00,income_ledger,18826,0005408
2012-01-03,41000,Charter Revenue,Charter #4568 - Res #005618 - credit_card,0.00,1233.37,income_ledger,18826,0005408
2012-01-03,1000,Cash / Clearing,Charter #4669 - Res #005704 - unknown,875.00,0.00,income_ledger,18882,0005056
2012-01-03,41000,Charter Revenue,Charter #4669 - Res #005704 - unknown,0.00,875.00,income_ledger,18882,0005056
2012-01-04,1000,Cash / Clearing,Charter #4678 - Res #005713 - unknown,78.75,0.00,income_ledger,18894,0005425
2012-01-04,41000,Charter Revenue,Charter #4678 - Res #005713 - unknown,0.00,78.75,income_ledger,18894,0005425
2012-01-04,1000,Cash / Clearing,Charter #4679 - Res #005714 - unknown,78.75,0.00,income_ledger,18897,0005426
2012-01-04,41000,Charter Revenue,Charter #4679 - Res #005714 - unknown,0.00,78.75,income_ledger,18897,0005426
2012-01-04,1000,Cash / Clearing,Charter #4682 - Res #005717 - unknown,173.25,0.00,income_ledger,20781,0005403
2012-01-04,41000,Charter Revenue,Charter #4682 - Res #005717 - unknown,0.00,173.25,income_ledger,20781,0005403
2012-01-04,1000,Cash / Clearing,Charter #4680 - Res #005715 - unknown,175.00,0.00,income_ledger,20927,0005427
2012-01-04,41000,Charter Revenue,Charter #4680 - Res #005715 - unknown,0.00,175.00,income_ledger,20927,0005427
2012-01-08,1000,Cash / Clearing,Charter #4607 - Res #005657 - unknown,472.50,0.00,income_ledger,18858,0005404
2012-01-08,41000,Charter Revenue,Charter #4607 - Res #005657 - unknown,0.00,472.50,income_ledger,18858,0005404
2012-01-09,1000,Cash / Clearing,Charter #4695 - Res #005730 - unknown,205.00,0.00,income_ledger,18883,0005417
2012-01-09,41000,Charter Revenue,Charter #4695 - Res #005730 - unknown,0.00,205.00,income_ledger,18883,0005417
2012-01-09,1000,Cash / Clearing,Charter #4675 - Res #005710 - unknown,250.00,0.00,income_ledger,18884,0005416
2012-01-09,41000,Charter Revenue,Charter #4675 - Res #005710 - unknown,0.00,250.00,income_ledger,18884,0005416
2012-01-09,1000,Cash / Clearing,Charter #4683 - Res #005718 - cash,1000.00,0.00,income_ledger,18891,0005440
2012-01-09,41000,Charter Revenue,Charter #4683 - Res #005718 - cash,0.00,1000.00,income_ledger,18891,0005440
2012-01-09,1000,Cash / Clearing,Charter #4683 - Res #005718 - credit_card,205.00,0.00,income_ledger,18892,0005441
2012-01-09,41000,Charter Revenue,Charter #4683 - Res #005718 - credit_card,0.00,205.00,income_ledger,18892,0005441
2012-01-09,1000,Cash / Clearing,Charter #4686 - Res #005721 - cash,205.00,0.00,income_ledger,19422,0005439
2012-01-09,41000,Charter Revenue,Charter #4686 - Res #005721 - cash,0.00,205.00,income_ledger,19422,0005439
2012-01-09,1000,Cash / Clearing,Charter #4694 - Res #005729 - unknown,75.00,0.00,income_ledger,19992,0005412
2012-01-09,41000,Charter Revenue,Charter #4694 - Res #005729 - unknown,0.00,75.00,income_ledger,19992,0005412
2012-01-09,1000,Cash / Clearing,Charter #4663 - Res #005698 - unknown,99.00,0.00,income_ledger,20763,0005410
2012-01-09,41000,Charter Revenue,Charter #4663 - Res #005698 - unknown,0.00,99.00,income_ledger,20763,0005410
2012-01-09,1000,Cash / Clearing,Charter #4688 - Res #005723 - unknown,250.00,0.00,income_ledger,20767,0005406
2012-01-09,41000,Charter Revenue,Charter #4688 - Res #005723 - unknown,0.00,250.00,income_ledger,20767,0005406
2012-01-09,1000,Cash / Clearing,Charter #4682 - Res #005717 - unknown,609.99,0.00,income_ledger,20782,0005407
2012-01-09,41000,Charter Revenue,Charter #4682 - Res #005717 - unknown,0.00,609.99,income_ledger,20782,0005407
2012-01-09,1000,Cash / Clearing,Charter #4692 - Res #005727 - unknown,400.00,0.00,income_ledger,20783,0005411
2012-01-09,41000,Charter Revenue,Charter #4692 - Res #005727 - unknown,0.00,400.00,income_ledger,20783,0005411
2012-01-09,1000,Cash / Clearing,Charter #4693 - Res #005728 - unknown,200.00,0.00,income_ledger,20784,0005412
2012-01-09,41000,Charter Revenue,Charter #4693 - Res #005728 - unknown,0.00,200.00,income_ledger,20784,0005412
2012-01-09,1000,Cash / Clearing,Charter #4690 - Res #005725 - unknown,119.99,0.00,income_ledger,20937,0005409
2012-01-09,41000,Charter Revenue,Charter #4690 - Res #005725 - unknown,0.00,119.99,income_ledger,20937,0005409
2012-01-09,1000,Cash / Clearing,Charter #4687 - Res #005722 - unknown,330.00,0.00,income_ledger,21132,0005405
2012-01-09,41000,Charter Revenue,Charter #4687 - Res #005722 - unknown,0.00,330.00,income_ledger,21132,0005405
2012-01-11,1000,Cash / Clearing,Charter #4689 - Res #005724 - unknown,261.00,0.00,income_ledger,20764,0005419
2012-01-11,41000,Charter Revenue,Charter #4689 - Res #005724 - unknown,0.00,261.00,income_ledger,20764,0005419
2012-01-11,1000,Cash / Clearing,Charter #4700 - Res #005735 - unknown,205.00,0.00,income_ledger,20765,0005418
2012-01-11,41000,Charter Revenue,Charter #4700 - Res #005735 - unknown,0.00,205.00,income_ledger,20765,0005418
2012-01-11,1000,Cash / Clearing,Charter #4702 - Res #005737 - unknown,500.00,0.00,income_ledger,20766,0005418
2012-01-11,41000,Charter Revenue,Charter #4702 - Res #005737 - unknown,0.00,500.00,income_ledger,20766,0005418
2012-01-13,1000,Cash / Clearing,Charter #4706 - Res #005741 - unknown,78.75,0.00,income_ledger,18899,0005450
2012-01-13,41000,Charter Revenue,Charter #4706 - Res #005741 - unknown,0.00,78.75,income_ledger,18899,0005450
2012-01-13,1000,Cash / Clearing,Charter #4650 - Res #005684 - credit_card,350.00,0.00,income_ledger,18923,
2012-01-13,41000,Charter Revenue,Charter #4650 - Res #005684 - credit_card,0.00,350.00,income_ledger,18923,
2012-01-13,1000,Cash / Clearing,Charter #4705 - Res #005740 - unknown,205.00,0.00,income_ledger,21398,0005427
2012-01-13,41000,Charter Revenue,Charter #4705 - Res #005740 - unknown,0.00,205.00,income_ledger,21398,0005427
2012-01-16,1000,Cash / Clearing,Charter #4710 - Res #005745 - unknown,75.00,0.00,income_ledger,19993,0005429
2012-01-16,41000,Charter Revenue,Charter #4710 - Res #005745 - unknown,0.00,75.00,income_ledger,19993,0005429
2012-01-17,1000,Cash / Clearing,Charter #4697 - Res #005732 - unknown,388.13,0.00,income_ledger,19994,0005431
2012-01-17,41000,Charter Revenue,Charter #4697 - Res #005732 - unknown,0.00,388.13,income_ledger,19994,0005431
2012-01-17,1000,Cash / Clearing,Charter #4701 - Res #005736 - unknown,109.25,0.00,income_ledger,19995,0005433
2012-01-17,41000,Charter Revenue,Charter #4701 - Res #005736 - unknown,0.00,109.25,income_ledger,19995,0005433
2012-01-17,1000,Cash / Clearing,Charter #4722 - Res #005757 - unknown,0.01,0.00,income_ledger,20774,0005430
2012-01-17,41000,Charter Revenue,Charter #4722 - Res #005757 - unknown,0.00,0.01,income_ledger,20774,0005430
2012-01-17,1000,Cash / Clearing,Charter #4698 - Res #005733 - unknown,86.25,0.00,income_ledger,20775,0005434
2012-01-17,41000,Charter Revenue,Charter #4698 - Res #005733 - unknown,0.00,86.25,income_ledger,20775,0005434
2012-01-17,1000,Cash / Clearing,Charter #4699 - Res #005734 - unknown,764.75,0.00,income_ledger,20776,0005432
2012-01-17,41000,Charter Revenue,Charter #4699 - Res #005734 - unknown,0.00,764.75,income_ledger,20776,0005432
2012-01-18,1000,Cash / Clearing,Charter #4678 - Res #005713 - unknown,152.25,0.00,income_ledger,18895,0005455
2012-01-18,41000,Charter Revenue,Charter #4678 - Res #005713 - unknown,0.00,152.25,income_ledger,18895,0005455
2012-01-18,1000,Cash / Clearing,Charter #4725 - Res #005760 - unknown,205.00,0.00,income_ledger,18896,0005460
2012-01-18,41000,Charter Revenue,Charter #4725 - Res #005760 - unknown,0.00,205.00,income_ledger,18896,0005460
2012-01-18,1000,Cash / Clearing,Charter #4692 - Res #005727 - unknown,667.00,0.00,income_ledger,19996,0005446
2012-01-18,41000,Charter Revenue,Charter #4692 - Res #005727 - unknown,0.00,667.00,income_ledger,19996,0005446
2012-01-18,1000,Cash / Clearing,Charter #4729 - Res #005764 - unknown,205.00,0.00,income_ledger,19997,0005448
2012-01-18,41000,Charter Revenue,Charter #4729 - Res #005764 - unknown,0.00,205.00,income_ledger,19997,0005448
2012-01-18,1000,Cash / Clearing,Charter #4731 - Res #005766 - unknown,75.00,0.00,income_ledger,20744,0005449
2012-01-18,41000,Charter Revenue,Charter #4731 - Res #005766 - unknown,0.00,75.00,income_ledger,20744,0005449
2012-01-18,1000,Cash / Clearing,Charter #4726 - Res #005761 - unknown,75.00,0.00,income_ledger,20770,0005442
2012-01-18,41000,Charter Revenue,Charter #4726 - Res #005761 - unknown,0.00,75.00,income_ledger,20770,0005442
2012-01-18,1000,Cash / Clearing,Charter #4712 - Res #005747 - unknown,250.00,0.00,income_ledger,20772,0005437
2012-01-18,41000,Charter Revenue,Charter #4712 - Res #005747 - unknown,0.00,250.00,income_ledger,20772,0005437
2012-01-18,1000,Cash / Clearing,Charter #4710 - Res #005745 - unknown,156.00,0.00,income_ledger,20773,0005438
2012-01-18,41000,Charter Revenue,Charter #4710 - Res #005745 - unknown,0.00,156.00,income_ledger,20773,0005438
2012-01-18,1000,Cash / Clearing,Charter #4702 - Res #005737 - unknown,573.00,0.00,income_ledger,20777,0005445
2012-01-18,41000,Charter Revenue,Charter #4702 - Res #005737 - unknown,0.00,573.00,income_ledger,20777,0005445
2012-01-18,1000,Cash / Clearing,Charter #4677 - Res #005712 - unknown,250.00,0.00,income_ledger,20778,0005436
2012-01-18,41000,Charter Revenue,Charter #4677 - Res #005712 - unknown,0.00,250.00,income_ledger,20778,0005436
2012-01-18,1000,Cash / Clearing,Charter #4727 - Res #005762 - unknown,75.00,0.00,income_ledger,20791,0005443
2012-01-18,41000,Charter Revenue,Charter #4727 - Res #005762 - unknown,0.00,75.00,income_ledger,20791,0005443
2012-01-18,1000,Cash / Clearing,Charter #4728 - Res #005763 - unknown,175.00,0.00,income_ledger,21292,0005444
2012-01-18,41000,Charter Revenue,Charter #4728 - Res #005763 - unknown,0.00,175.00,income_ledger,21292,0005444
2012-01-19,1000,Cash / Clearing,Charter #4711 - Res #005746 - unknown,231.00,0.00,income_ledger,18893,0005449
2012-01-19,41000,Charter Revenue,Charter #4711 - Res #005746 - unknown,0.00,231.00,income_ledger,18893,0005449
2012-01-19,1000,Cash / Clearing,Charter #4703 - Res #005738 - credit_card,82.87,0.00,income_ledger,19423,0005469
2012-01-19,41000,Charter Revenue,Charter #4703 - Res #005738 - credit_card,0.00,82.87,income_ledger,19423,0005469
2012-01-19,1000,Cash / Clearing,Charter #4703 - Res #005738 - credit_card,291.87,0.00,income_ledger,19424,0005470
2012-01-19,41000,Charter Revenue,Charter #4703 - Res #005738 - credit_card,0.00,291.87,income_ledger,19424,0005470
2012-01-19,1000,Cash / Clearing,Charter #4703 - Res #005738 - credit_card,153.38,0.00,income_ledger,19425,0005471
2012-01-19,41000,Charter Revenue,Charter #4703 - Res #005738 - credit_card,0.00,153.38,income_ledger,19425,0005471
2012-01-19,1000,Cash / Clearing,Charter #4704 - Res #005739 - unknown,1071.24,0.00,income_ledger,21040,0005450
2012-01-19,41000,Charter Revenue,Charter #4704 - Res #005739 - unknown,0.00,1071.24,income_ledger,21040,0005450
2012-01-21,1000,Cash / Clearing,Charter #4753 - Res #005788 - unknown,175.00,0.00,income_ledger,20794,0005549
2012-01-21,41000,Charter Revenue,Charter #4753 - Res #005788 - unknown,0.00,175.00,income_ledger,20794,0005549
2012-01-21,1000,Cash / Clearing,Charter #4752 - Res #005787 - unknown,205.00,0.00,income_ledger,21327,0006124
2012-01-21,41000,Charter Revenue,Charter #4752 - Res #005787 - unknown,0.00,205.00,income_ledger,21327,0006124
2012-01-23,1000,Cash / Clearing,Charter #4661 - Res #005696 - unknown,220.00,0.00,income_ledger,18885,0005584
2012-01-23,41000,Charter Revenue,Charter #4661 - Res #005696 - unknown,0.00,220.00,income_ledger,18885,0005584
2012-01-23,1000,Cash / Clearing,Charter #4755 - Res #005790 - unknown,165.00,0.00,income_ledger,18903,0005585
2012-01-23,41000,Charter Revenue,Charter #4755 - Res #005790 - unknown,0.00,165.00,income_ledger,18903,0005585
2012-01-23,1000,Cash / Clearing,Charter #2954 - Res #003978 - trade_of_services,30.00,0.00,income_ledger,18916,0005492
2012-01-23,41000,Charter Revenue,Charter #2954 - Res #003978 - trade_of_services,0.00,30.00,income_ledger,18916,0005492
2012-01-23,1000,Cash / Clearing,Charter #3185 - Res #004227 - trade_of_services,259.88,0.00,income_ledger,19332,0005501
2012-01-23,41000,Charter Revenue,Charter #3185 - Res #004227 - trade_of_services,0.00,259.88,income_ledger,19332,0005501
2012-01-23,1000,Cash / Clearing,Charter #4553 - Res #005603 - cash,105.28,0.00,income_ledger,20392,0005503
2012-01-23,41000,Charter Revenue,Charter #4553 - Res #005603 - cash,0.00,105.28,income_ledger,20392,0005503
2012-01-23,1000,Cash / Clearing,Charter #4505 - Res #005554 - check,900.00,0.00,income_ledger,20393,0005504
2012-01-23,41000,Charter Revenue,Charter #4505 - Res #005554 - check,0.00,900.00,income_ledger,20393,0005504
2012-01-23,1000,Cash / Clearing,Charter #4735 - Res #005770 - unknown,100.01,0.00,income_ledger,20798,0005577
2012-01-23,41000,Charter Revenue,Charter #4735 - Res #005770 - unknown,0.00,100.01,income_ledger,20798,0005577
2012-01-23,1000,Cash / Clearing,Charter #4685 - Res #005720 - unknown,345.00,0.00,income_ledger,20945,0005584
2012-01-23,41000,Charter Revenue,Charter #4685 - Res #005720 - unknown,0.00,345.00,income_ledger,20945,0005584
2012-01-24,1000,Cash / Clearing,Charter #4623 - Res #005792 - unknown,123.12,0.00,income_ledger,18910,0005591
2012-01-24,41000,Charter Revenue,Charter #4623 - Res #005792 - unknown,0.00,123.12,income_ledger,18910,0005591
2012-01-24,1000,Cash / Clearing,Charter #4754 - Res #005789 - unknown,175.00,0.00,income_ledger,20810,0005586
2012-01-24,41000,Charter Revenue,Charter #4754 - Res #005789 - unknown,0.00,175.00,income_ledger,20810,0005586
2012-01-24,1000,Cash / Clearing,Charter #4750 - Res #005785 - unknown,50.00,0.00,income_ledger,20813,0005590
2012-01-24,41000,Charter Revenue,Charter #4750 - Res #005785 - unknown,0.00,50.00,income_ledger,20813,0005590
2012-01-24,1000,Cash / Clearing,Charter #4754 - Res #005789 - unknown,157.50,0.00,income_ledger,20952,0005587
2012-01-24,41000,Charter Revenue,Charter #4754 - Res #005789 - unknown,0.00,157.50,income_ledger,20952,0005587
2012-01-24,1000,Cash / Clearing,Charter #4749 - Res #005784 - unknown,50.00,0.00,income_ledger,21050,0005589
2012-01-24,41000,Charter Revenue,Charter #4749 - Res #005784 - unknown,0.00,50.00,income_ledger,21050,0005589
2012-01-24,1000,Cash / Clearing,Charter #4753 - Res #005788 - unknown,220.00,0.00,income_ledger,25203,
2012-01-24,41000,Charter Revenue,Charter #4753 - Res #005788 - unknown,0.00,220.00,income_ledger,25203,
2012-01-25,1000,Cash / Clearing,Charter #4625 - Res #005794 - unknown,250.00,0.00,income_ledger,18908,0005592
2012-01-25,41000,Charter Revenue,Charter #4625 - Res #005794 - unknown,0.00,250.00,income_ledger,18908,0005592
2012-01-25,1000,Cash / Clearing,Charter #4752 - Res #005787 - unknown,263.00,0.00,income_ledger,19998,0005594
2012-01-25,41000,Charter Revenue,Charter #4752 - Res #005787 - unknown,0.00,263.00,income_ledger,19998,0005594
2012-01-25,1000,Cash / Clearing,Charter #4217 - Res #005264 - unknown,162.75,0.00,income_ledger,20814,0005593
2012-01-25,41000,Charter Revenue,Charter #4217 - Res #005264 - unknown,0.00,162.75,income_ledger,20814,0005593
2012-01-26,1000,Cash / Clearing,Charter #4705 - Res #005740 - unknown,378.00,0.00,income_ledger,21066,0005595
2012-01-26,41000,Charter Revenue,Charter #4705 - Res #005740 - unknown,0.00,378.00,income_ledger,21066,0005595
2012-01-27,1000,Cash / Clearing,Charter #4627 - Res #005796 - unknown,429.00,0.00,income_ledger,18906,0005596
2012-01-27,41000,Charter Revenue,Charter #4627 - Res #005796 - unknown,0.00,429.00,income_ledger,18906,0005596
2012-01-27,1000,Cash / Clearing,Charter #4628 - Res #005797 - unknown,223.00,0.00,income_ledger,21067,0005597
2012-01-27,41000,Charter Revenue,Charter #4628 - Res #005797 - unknown,0.00,223.00,income_ledger,21067,0005597
2012-01-27,1000,Cash / Clearing,Charter #4626 - Res #005795 - unknown,449.45,0.00,income_ledger,21083,0005598
2012-01-27,41000,Charter Revenue,Charter #4626 - Res #005795 - unknown,0.00,449.45,income_ledger,21083,0005598
2012-01-27,1000,Cash / Clearing,Charter #4634 - Res #005803 - unknown,234.00,0.00,income_ledger,21084,0005599
2012-01-27,41000,Charter Revenue,Charter #4634 - Res #005803 - unknown,0.00,234.00,income_ledger,21084,0005599
2012-01-30,1000,Cash / Clearing,Charter #3183 - Res #004225 - unknown,102.38,0.00,income_ledger,3927,
2012-01-30,41000,Charter Revenue,Charter #3183 - Res #004225 - unknown,0.00,102.38,income_ledger,3927,
2012-01-30,1000,Cash / Clearing,Charter #4629 - Res #005798 - unknown,196.50,0.00,income_ledger,18905,0005601
2012-01-30,41000,Charter Revenue,Charter #4629 - Res #005798 - unknown,0.00,196.50,income_ledger,18905,0005601
2012-01-30,1000,Cash / Clearing,Charter #4635 - Res #005804 - unknown,412.50,0.00,income_ledger,18907,0005603
2012-01-30,41000,Charter Revenue,Charter #4635 - Res #005804 - unknown,0.00,412.50,income_ledger,18907,0005603
2012-01-30,1000,Cash / Clearing,Charter #4635 - Res #005804 - unknown,-82.50,0.00,income_ledger,19999,0005604
2012-01-30,41000,Charter Revenue,Charter #4635 - Res #005804 - unknown,0.00,-82.50,income_ledger,19999,0005604
2012-01-30,1000,Cash / Clearing,Charter #4695 - Res #005730 - unknown,224.00,0.00,income_ledger,20000,0005605
2012-01-30,41000,Charter Revenue,Charter #4695 - Res #005730 - unknown,0.00,224.00,income_ledger,20000,0005605
2012-01-30,1000,Cash / Clearing,Charter #4624 - Res #005793 - unknown,23.75,0.00,income_ledger,20001,0005608
2012-01-30,41000,Charter Revenue,Charter #4624 - Res #005793 - unknown,0.00,23.75,income_ledger,20001,0005608
2012-01-30,1000,Cash / Clearing,Charter #4733 - Res #005768 - unknown,400.00,0.00,income_ledger,20002,0005609
2012-01-30,41000,Charter Revenue,Charter #4733 - Res #005768 - unknown,0.00,400.00,income_ledger,20002,0005609
2012-01-30,1000,Cash / Clearing,Charter #4735 - Res #005770 - unknown,200.00,0.00,income_ledger,20003,0005610
2012-01-30,41000,Charter Revenue,Charter #4735 - Res #005770 - unknown,0.00,200.00,income_ledger,20003,0005610
2012-01-30,1000,Cash / Clearing,Charter #4755 - Res #005790 - unknown,323.74,0.00,income_ledger,20004,0005613
2012-01-30,41000,Charter Revenue,Charter #4755 - Res #005790 - unknown,0.00,323.74,income_ledger,20004,0005613
2012-01-30,1000,Cash / Clearing,Charter #2317 - Res #003353 - trade_of_services,204.75,0.00,income_ledger,20589,0005537
2012-01-30,41000,Charter Revenue,Charter #2317 - Res #003353 - trade_of_services,0.00,204.75,income_ledger,20589,0005537
2012-01-30,1000,Cash / Clearing,Charter #4756 - Res #005807 - unknown,500.00,0.00,income_ledger,20811,0005612
2012-01-30,41000,Charter Revenue,Charter #4756 - Res #005807 - unknown,0.00,500.00,income_ledger,20811,0005612
2012-01-30,1000,Cash / Clearing,Charter #4622 - Res #005791 - unknown,726.00,0.00,income_ledger,20812,0005614
2012-01-30,41000,Charter Revenue,Charter #4622 - Res #005791 - unknown,0.00,726.00,income_ledger,20812,0005614
2012-01-30,1000,Cash / Clearing,Charter #4624 - Res #005793 - unknown,990.00,0.00,income_ledger,20826,0005606
2012-01-30,41000,Charter Revenue,Charter #4624 - Res #005793 - unknown,0.00,990.00,income_ledger,20826,0005606
2012-01-30,1000,Cash / Clearing,Charter #4624 - Res #005793 - unknown,325.00,0.00,income_ledger,20835,0005607
2012-01-30,41000,Charter Revenue,Charter #4624 - Res #005793 - unknown,0.00,325.00,income_ledger,20835,0005607
2012-01-30,1000,Cash / Clearing,Charter #4634 - Res #005803 - unknown,55.25,0.00,income_ledger,21085,0005602
2012-01-30,41000,Charter Revenue,Charter #4634 - Res #005803 - unknown,0.00,55.25,income_ledger,21085,0005602
2012-01-30,1000,Cash / Clearing,Charter #4758 - Res #005809 - unknown,231.00,0.00,income_ledger,21086,0005620
2012-01-30,41000,Charter Revenue,Charter #4758 - Res #005809 - unknown,0.00,231.00,income_ledger,21086,0005620
2012-01-30,1000,Cash / Clearing,Charter #4637 - Res #005806 - unknown,160.00,0.00,income_ledger,21627,0005611
2012-01-30,41000,Charter Revenue,Charter #4637 - Res #005806 - unknown,0.00,160.00,income_ledger,21627,0005611
2012-01-31,1000,Cash / Clearing,Charter #4760 - Res #005811 - unknown,75.00,0.00,income_ledger,18909,0005623
2012-01-31,41000,Charter Revenue,Charter #4760 - Res #005811 - unknown,0.00,75.00,income_ledger,18909,0005623
2012-01-31,1000,Cash / Clearing,Charter #4761 - Res #005812 - unknown,173.25,0.00,income_ledger,20005,0005624
2012-01-31,41000,Charter Revenue,Charter #4761 - Res #005812 - unknown,0.00,173.25,income_ledger,20005,0005624
2012-01-31,1000,Cash / Clearing,Charter #4554 - Res #005604 - credit_card,466.25,0.00,income_ledger,20590,0005539
2012-01-31,41000,Charter Revenue,Charter #4554 - Res #005604 - credit_card,0.00,466.25,income_ledger,20590,0005539
2012-02-01,1000,Cash / Clearing,Charter #4764 - Res #005815 - unknown,400.00,0.00,income_ledger,18904,0005626
2012-02-01,41000,Charter Revenue,Charter #4764 - Res #005815 - unknown,0.00,400.00,income_ledger,18904,0005626
2012-02-01,1000,Cash / Clearing,Charter #4765 - Res #005816 - unknown,220.00,0.00,income_ledger,20006,0005627
2012-02-01,41000,Charter Revenue,Charter #4765 - Res #005816 - unknown,0.00,220.00,income_ledger,20006,0005627
2012-02-01,1000,Cash / Clearing,Charter #4766 - Res #005817 - unknown,175.00,0.00,income_ledger,21091,0005628
2012-02-01,41000,Charter Revenue,Charter #4766 - Res #005817 - unknown,0.00,175.00,income_ledger,21091,0005628
2012-02-03,1000,Cash / Clearing,Charter #4757 - Res #005808 - unknown,1527.62,0.00,income_ledger,20808,0005629
2012-02-03,41000,Charter Revenue,Charter #4757 - Res #005808 - unknown,0.00,1527.62,income_ledger,20808,0005629
2012-02-04,1000,Cash / Clearing,Charter #4778 - Res #005829 - unknown,200.00,0.00,income_ledger,20007,0005631
2012-02-04,41000,Charter Revenue,Charter #4778 - Res #005829 - unknown,0.00,200.00,income_ledger,20007,0005631
2012-02-05,1000,Cash / Clearing,Charter #4781 - Res #005832 - unknown,251.00,0.00,income_ledger,20008,0005633
2012-02-05,41000,Charter Revenue,Charter #4781 - Res #005832 - unknown,0.00,251.00,income_ledger,20008,0005633
2012-02-05,1000,Cash / Clearing,Charter #4780 - Res #005831 - unknown,251.00,0.00,income_ledger,20954,0005632
2012-02-05,41000,Charter Revenue,Charter #4780 - Res #005831 - unknown,0.00,251.00,income_ledger,20954,0005632
2012-02-06,1000,Cash / Clearing,Charter #4774 - Res #005825 - unknown,137.77,0.00,income_ledger,20009,0005635
2012-02-06,41000,Charter Revenue,Charter #4774 - Res #005825 - unknown,0.00,137.77,income_ledger,20009,0005635
2012-02-06,1000,Cash / Clearing,Charter #4772 - Res #005823 - unknown,200.00,0.00,income_ledger,20010,0005638
2012-02-06,41000,Charter Revenue,Charter #4772 - Res #005823 - unknown,0.00,200.00,income_ledger,20010,0005638
2012-02-06,1000,Cash / Clearing,Charter #4773 - Res #005824 - unknown,130.34,0.00,income_ledger,20806,0005634
2012-02-06,41000,Charter Revenue,Charter #4773 - Res #005824 - unknown,0.00,130.34,income_ledger,20806,0005634
2012-02-06,1000,Cash / Clearing,Charter #4772 - Res #005823 - unknown,210.00,0.00,income_ledger,20828,0005637
2012-02-06,41000,Charter Revenue,Charter #4772 - Res #005823 - unknown,0.00,210.00,income_ledger,20828,0005637
2012-02-06,1000,Cash / Clearing,Charter #4777 - Res #005828 - unknown,975.00,0.00,income_ledger,20839,0005636
2012-02-06,41000,Charter Revenue,Charter #4777 - Res #005828 - unknown,0.00,975.00,income_ledger,20839,0005636
2012-02-07,1000,Cash / Clearing,Charter #4785 - Res #005836 - unknown,300.00,0.00,income_ledger,21450,0005639
2012-02-07,41000,Charter Revenue,Charter #4785 - Res #005836 - unknown,0.00,300.00,income_ledger,21450,0005639
2012-02-08,1000,Cash / Clearing,Charter #4794 - Res #005845 - unknown,200.00,0.00,income_ledger,13353,
2012-02-08,41000,Charter Revenue,Charter #4794 - Res #005845 - unknown,0.00,200.00,income_ledger,13353,
2012-02-08,1000,Cash / Clearing,Charter #4787 - Res #005838 - unknown,175.00,0.00,income_ledger,18913,0005563
2012-02-08,41000,Charter Revenue,Charter #4787 - Res #005838 - unknown,0.00,175.00,income_ledger,18913,0005563
2012-02-08,1000,Cash / Clearing,Charter #4791 - Res #005842 - unknown,100.00,0.00,income_ledger,19013,0005565
2012-02-08,41000,Charter Revenue,Charter #4791 - Res #005842 - unknown,0.00,100.00,income_ledger,19013,0005565
2012-02-08,1000,Cash / Clearing,Charter #4791 - Res #005842 - unknown,100.00,0.00,income_ledger,19014,0005566
2012-02-08,41000,Charter Revenue,Charter #4791 - Res #005842 - unknown,0.00,100.00,income_ledger,19014,0005566
2012-02-08,1000,Cash / Clearing,Charter #4726 - Res #005761 - unknown,420.00,0.00,income_ledger,20011,0005640
2012-02-08,41000,Charter Revenue,Charter #4726 - Res #005761 - unknown,0.00,420.00,income_ledger,20011,0005640
2012-02-08,1000,Cash / Clearing,Charter #4788 - Res #005839 - unknown,300.00,0.00,income_ledger,20012,0005643
2012-02-08,41000,Charter Revenue,Charter #4788 - Res #005839 - unknown,0.00,300.00,income_ledger,20012,0005643
2012-02-08,1000,Cash / Clearing,Charter #4792 - Res #005843 - unknown,115.00,0.00,income_ledger,20014,0005649
2012-02-08,41000,Charter Revenue,Charter #4792 - Res #005843 - unknown,0.00,115.00,income_ledger,20014,0005649
2012-02-08,1000,Cash / Clearing,Charter #4786 - Res #005837 - unknown,332.50,0.00,income_ledger,20805,0005642
2012-02-08,41000,Charter Revenue,Charter #4786 - Res #005837 - unknown,0.00,332.50,income_ledger,20805,0005642
2012-02-08,1000,Cash / Clearing,Charter #4789 - Res #005840 - unknown,205.00,0.00,income_ledger,20825,0005644
2012-02-08,41000,Charter Revenue,Charter #4789 - Res #005840 - unknown,0.00,205.00,income_ledger,20825,0005644
2012-02-08,1000,Cash / Clearing,Charter #4790 - Res #005841 - unknown,200.00,0.00,income_ledger,20829,0005646
2012-02-08,41000,Charter Revenue,Charter #4790 - Res #005841 - unknown,0.00,200.00,income_ledger,20829,0005646
2012-02-08,1000,Cash / Clearing,Charter #4793 - Res #005844 - unknown,0.01,0.00,income_ledger,20831,0005650
2012-02-08,41000,Charter Revenue,Charter #4793 - Res #005844 - unknown,0.00,0.01,income_ledger,20831,0005650
2012-02-08,1000,Cash / Clearing,Charter #4727 - Res #005762 - unknown,502.50,0.00,income_ledger,21257,0005641
2012-02-08,41000,Charter Revenue,Charter #4727 - Res #005762 - unknown,0.00,502.50,income_ledger,21257,0005641
2012-02-09,1000,Cash / Clearing,Charter #4770 - Res #005821 - unknown,173.25,0.00,income_ledger,20015,0005655
2012-02-09,41000,Charter Revenue,Charter #4770 - Res #005821 - unknown,0.00,173.25,income_ledger,20015,0005655
2012-02-09,1000,Cash / Clearing,Charter #4769 - Res #005820 - unknown,173.25,0.00,income_ledger,20016,0005656
2012-02-09,41000,Charter Revenue,Charter #4769 - Res #005820 - unknown,0.00,173.25,income_ledger,20016,0005656
2012-02-09,1000,Cash / Clearing,Charter #4795 - Res #005846 - unknown,175.00,0.00,income_ledger,20827,0005652
2012-02-09,41000,Charter Revenue,Charter #4795 - Res #005846 - unknown,0.00,175.00,income_ledger,20827,0005652
2012-02-09,1000,Cash / Clearing,Charter #4796 - Res #005847 - unknown,175.00,0.00,income_ledger,20833,0005653
2012-02-09,41000,Charter Revenue,Charter #4796 - Res #005847 - unknown,0.00,175.00,income_ledger,20833,0005653
2012-02-09,1000,Cash / Clearing,Charter #4797 - Res #005848 - unknown,500.00,0.00,income_ledger,20837,0005654
2012-02-09,41000,Charter Revenue,Charter #4797 - Res #005848 - unknown,0.00,500.00,income_ledger,20837,0005654
2012-02-10,1000,Cash / Clearing,Charter #4679 - Res #005714 - unknown,152.25,0.00,income_ledger,18900,0005577
2012-02-10,41000,Charter Revenue,Charter #4679 - Res #005714 - unknown,0.00,152.25,income_ledger,18900,0005577
2012-02-10,1000,Cash / Clearing,Charter #4813 - Res #005864 - unknown,250.00,0.00,income_ledger,20017,0005658
2012-02-10,41000,Charter Revenue,Charter #4813 - Res #005864 - unknown,0.00,250.00,income_ledger,20017,0005658
2012-02-10,1000,Cash / Clearing,Charter #4767 - Res #005818 - unknown,200.00,0.00,income_ledger,20018,0005659
2012-02-10,41000,Charter Revenue,Charter #4767 - Res #005818 - unknown,0.00,200.00,income_ledger,20018,0005659
2012-02-10,1000,Cash / Clearing,Charter #4816 - Res #005867 - unknown,615.00,0.00,income_ledger,20953,0005657
2012-02-10,41000,Charter Revenue,Charter #4816 - Res #005867 - unknown,0.00,615.00,income_ledger,20953,0005657
2012-02-11,1000,Cash / Clearing,Charter #4818 - Res #005869 - unknown,330.00,0.00,income_ledger,20818,0005662
2012-02-11,41000,Charter Revenue,Charter #4818 - Res #005869 - unknown,0.00,330.00,income_ledger,20818,0005662
2012-02-15,1000,Cash / Clearing,Charter #4347 - Res #005396 - unknown,932.50,0.00,income_ledger,20815,0005581
2012-02-15,41000,Charter Revenue,Charter #4347 - Res #005396 - unknown,0.00,932.50,income_ledger,20815,0005581
2012-02-15,1000,Cash / Clearing,Charter #4824 - Res #005875 - unknown,235.00,0.00,income_ledger,20820,0005663
2012-02-15,41000,Charter Revenue,Charter #4824 - Res #005875 - unknown,0.00,235.00,income_ledger,20820,0005663
2012-02-15,1000,Cash / Clearing,Charter #4821 - Res #005872 - unknown,462.50,0.00,income_ledger,20844,0005665
2012-02-15,41000,Charter Revenue,Charter #4821 - Res #005872 - unknown,0.00,462.50,income_ledger,20844,0005665
2012-02-17,1000,Cash / Clearing,Charter #4826 - Res #005877 - unknown,250.00,0.00,income_ledger,21399,0005666
2012-02-17,41000,Charter Revenue,Charter #4826 - Res #005877 - unknown,0.00,250.00,income_ledger,21399,0005666
2012-02-21,1000,Cash / Clearing,Charter #4839 - Res #005890 - unknown,250.00,0.00,income_ledger,20029,0005674
2012-02-21,41000,Charter Revenue,Charter #4839 - Res #005890 - unknown,0.00,250.00,income_ledger,20029,0005674
2012-02-22,1000,Cash / Clearing,Charter #4643 - Res #005677 - unknown,220.00,0.00,income_ledger,18901,0005592
2012-02-22,41000,Charter Revenue,Charter #4643 - Res #005677 - unknown,0.00,220.00,income_ledger,18901,0005592
2012-02-22,1000,Cash / Clearing,Charter #4650 - Res #005684 - credit_card,1022.00,0.00,income_ledger,18924,0005587
2012-02-22,41000,Charter Revenue,Charter #4650 - Res #005684 - credit_card,0.00,1022.00,income_ledger,18924,0005587
2012-02-22,1000,Cash / Clearing,Charter #4846 - Res #005897 - credit_card,205.00,0.00,income_ledger,19426,0005604
2012-02-22,41000,Charter Revenue,Charter #4846 - Res #005897 - credit_card,0.00,205.00,income_ledger,19426,0005604
2012-02-22,1000,Cash / Clearing,Charter #4841 - Res #005892 - unknown,907.50,0.00,income_ledger,20030,0005675
2012-02-22,41000,Charter Revenue,Charter #4841 - Res #005892 - unknown,0.00,907.50,income_ledger,20030,0005675
2012-02-22,1000,Cash / Clearing,Charter #4843 - Res #005894 - unknown,300.00,0.00,income_ledger,20031,0005679
2012-02-22,41000,Charter Revenue,Charter #4843 - Res #005894 - unknown,0.00,300.00,income_ledger,20031,0005679
2012-02-22,1000,Cash / Clearing,Charter #4845 - Res #005896 - unknown,60.00,0.00,income_ledger,20032,0005684
2012-02-22,41000,Charter Revenue,Charter #4845 - Res #005896 - unknown,0.00,60.00,income_ledger,20032,0005684
2012-02-22,1000,Cash / Clearing,Charter #4820 - Res #005871 - unknown,250.00,0.00,income_ledger,20033,0005689
2012-02-22,41000,Charter Revenue,Charter #4820 - Res #005871 - unknown,0.00,250.00,income_ledger,20033,0005689
2012-02-22,1000,Cash / Clearing,Charter #4823 - Res #005874 - unknown,239.00,0.00,income_ledger,20034,0005691
2012-02-22,41000,Charter Revenue,Charter #4823 - Res #005874 - unknown,0.00,239.00,income_ledger,20034,0005691
2012-02-22,1000,Cash / Clearing,Charter #4822 - Res #005873 - unknown,191.50,0.00,income_ledger,20035,0005692
2012-02-22,41000,Charter Revenue,Charter #4822 - Res #005873 - unknown,0.00,191.50,income_ledger,20035,0005692
2012-02-22,1000,Cash / Clearing,Charter #4832 - Res #005883 - unknown,245.50,0.00,income_ledger,20842,0005678
2012-02-22,41000,Charter Revenue,Charter #4832 - Res #005883 - unknown,0.00,245.50,income_ledger,20842,0005678
2012-02-22,1000,Cash / Clearing,Charter #4815 - Res #005866 - unknown,468.00,0.00,income_ledger,20843,0005683
2012-02-22,41000,Charter Revenue,Charter #4815 - Res #005866 - unknown,0.00,468.00,income_ledger,20843,0005683
2012-02-22,1000,Cash / Clearing,Charter #4782 - Res #005833 - unknown,265.65,0.00,income_ledger,20845,0005690
2012-02-22,41000,Charter Revenue,Charter #4782 - Res #005833 - unknown,0.00,265.65,income_ledger,20845,0005690
2012-02-22,1000,Cash / Clearing,Charter #4844 - Res #005895 - unknown,420.00,0.00,income_ledger,20846,0005680
2012-02-22,41000,Charter Revenue,Charter #4844 - Res #005895 - unknown,0.00,420.00,income_ledger,20846,0005680
2012-02-22,1000,Cash / Clearing,Charter #4827 - Res #005878 - unknown,1100.00,0.00,income_ledger,20847,0005682
2012-02-22,41000,Charter Revenue,Charter #4827 - Res #005878 - unknown,0.00,1100.00,income_ledger,20847,0005682
2012-02-22,1000,Cash / Clearing,Charter #4631 - Res #005800 - unknown,231.00,0.00,income_ledger,20955,0005685
2012-02-22,41000,Charter Revenue,Charter #4631 - Res #005800 - unknown,0.00,231.00,income_ledger,20955,0005685
2012-02-22,1000,Cash / Clearing,Charter #4696 - Res #005731 - unknown,205.00,0.00,income_ledger,20956,0005687
2012-02-22,41000,Charter Revenue,Charter #4696 - Res #005731 - unknown,0.00,205.00,income_ledger,20956,0005687
2012-02-22,1000,Cash / Clearing,Charter #4696 - Res #005731 - unknown,518.00,0.00,income_ledger,20975,0005688
2012-02-22,41000,Charter Revenue,Charter #4696 - Res #005731 - unknown,0.00,518.00,income_ledger,20975,0005688
2012-02-22,1000,Cash / Clearing,Charter #4778 - Res #005829 - unknown,229.00,0.00,income_ledger,21716,0005686
2012-02-22,41000,Charter Revenue,Charter #4778 - Res #005829 - unknown,0.00,229.00,income_ledger,21716,0005686
2012-02-23,1000,Cash / Clearing,Charter #4849 - Res #005900 - unknown,205.00,0.00,income_ledger,20957,0005696
2012-02-23,41000,Charter Revenue,Charter #4849 - Res #005900 - unknown,0.00,205.00,income_ledger,20957,0005696
2012-02-23,1000,Cash / Clearing,Charter #4847 - Res #005898 - unknown,75.00,0.00,income_ledger,20968,0005694
2012-02-23,41000,Charter Revenue,Charter #4847 - Res #005898 - unknown,0.00,75.00,income_ledger,20968,0005694
2012-02-23,1000,Cash / Clearing,Charter #4783 - Res #005834 - unknown,266.00,0.00,income_ledger,20969,0005697
2012-02-23,41000,Charter Revenue,Charter #4783 - Res #005834 - unknown,0.00,266.00,income_ledger,20969,0005697
2012-02-23,1000,Cash / Clearing,Charter #4848 - Res #005899 - unknown,75.00,0.00,income_ledger,21090,0005695
2012-02-23,41000,Charter Revenue,Charter #4848 - Res #005899 - unknown,0.00,75.00,income_ledger,21090,0005695
2012-02-25,1000,Cash / Clearing,Charter #4760 - Res #005811 - unknown,156.00,0.00,income_ledger,20036,0005699
2012-02-25,41000,Charter Revenue,Charter #4760 - Res #005811 - unknown,0.00,156.00,income_ledger,20036,0005699
2012-02-25,1000,Cash / Clearing,Charter #4784 - Res #005835 - unknown,250.00,0.00,income_ledger,20958,0005698
2012-02-25,41000,Charter Revenue,Charter #4784 - Res #005835 - unknown,0.00,250.00,income_ledger,20958,0005698
2012-02-27,1000,Cash / Clearing,Charter #4763 - Res #005814 - unknown,205.00,0.00,income_ledger,19030,0005543
2012-02-27,41000,Charter Revenue,Charter #4763 - Res #005814 - unknown,0.00,205.00,income_ledger,19030,0005543
2012-02-27,1000,Cash / Clearing,Charter #4858 - Res #005909 - unknown,205.00,0.00,income_ledger,19747,0005625
2012-02-27,41000,Charter Revenue,Charter #4858 - Res #005909 - unknown,0.00,205.00,income_ledger,19747,0005625
2012-02-27,1000,Cash / Clearing,Charter #4817 - Res #005868 - unknown,192.50,0.00,income_ledger,20019,0005661
2012-02-27,41000,Charter Revenue,Charter #4817 - Res #005868 - unknown,0.00,192.50,income_ledger,20019,0005661
2012-02-27,1000,Cash / Clearing,Charter #4854 - Res #005905 - unknown,500.00,0.00,income_ledger,20037,0005700
2012-02-27,41000,Charter Revenue,Charter #4854 - Res #005905 - unknown,0.00,500.00,income_ledger,20037,0005700
2012-02-27,1000,Cash / Clearing,Charter #4850 - Res #005901 - unknown,250.00,0.00,income_ledger,20038,0005701
2012-02-27,41000,Charter Revenue,Charter #4850 - Res #005901 - unknown,0.00,250.00,income_ledger,20038,0005701
2012-02-27,1000,Cash / Clearing,Charter #4855 - Res #005906 - unknown,250.00,0.00,income_ledger,20039,0005702
2012-02-27,41000,Charter Revenue,Charter #4855 - Res #005906 - unknown,0.00,250.00,income_ledger,20039,0005702
2012-02-27,1000,Cash / Clearing,Charter #4841 - Res #005892 - unknown,181.50,0.00,income_ledger,20040,0005710
2012-02-27,41000,Charter Revenue,Charter #4841 - Res #005892 - unknown,0.00,181.50,income_ledger,20040,0005710
2012-02-27,1000,Cash / Clearing,Charter #4776 - Res #005827 - unknown,200.02,0.00,income_ledger,20821,0005716
2012-02-27,41000,Charter Revenue,Charter #4776 - Res #005827 - unknown,0.00,200.02,income_ledger,20821,0005716
2012-02-27,1000,Cash / Clearing,Charter #4768 - Res #005819 - unknown,858.75,0.00,income_ledger,20823,0005709
2012-02-27,41000,Charter Revenue,Charter #4768 - Res #005819 - unknown,0.00,858.75,income_ledger,20823,0005709
2012-02-27,1000,Cash / Clearing,Charter #4814 - Res #005865 - unknown,261.00,0.00,income_ledger,20834,0005710
2012-02-27,41000,Charter Revenue,Charter #4814 - Res #005865 - unknown,0.00,261.00,income_ledger,20834,0005710
2012-02-27,1000,Cash / Clearing,Charter #4775 - Res #005826 - unknown,175.02,0.00,income_ledger,20836,0005715
2012-02-27,41000,Charter Revenue,Charter #4775 - Res #005826 - unknown,0.00,175.02,income_ledger,20836,0005715
2012-02-27,1000,Cash / Clearing,Charter #4856 - Res #005907 - unknown,220.50,0.00,income_ledger,20840,0005703
2012-02-27,41000,Charter Revenue,Charter #4856 - Res #005907 - unknown,0.00,220.50,income_ledger,20840,0005703
2012-02-27,1000,Cash / Clearing,Charter #4728 - Res #005763 - unknown,810.00,0.00,income_ledger,20959,0005705
2012-02-27,41000,Charter Revenue,Charter #4728 - Res #005763 - unknown,0.00,810.00,income_ledger,20959,0005705
2012-02-27,1000,Cash / Clearing,Charter #4857 - Res #005908 - unknown,210.00,0.00,income_ledger,20960,0005706
2012-02-27,41000,Charter Revenue,Charter #4857 - Res #005908 - unknown,0.00,210.00,income_ledger,20960,0005706
2012-02-27,1000,Cash / Clearing,Charter #4852 - Res #005903 - unknown,214.50,0.00,income_ledger,20961,0005707
2012-02-27,41000,Charter Revenue,Charter #4852 - Res #005903 - unknown,0.00,214.50,income_ledger,20961,0005707
2012-02-27,1000,Cash / Clearing,Charter #4790 - Res #005841 - unknown,163.00,0.00,income_ledger,20962,0005712
2012-02-27,41000,Charter Revenue,Charter #4790 - Res #005841 - unknown,0.00,163.00,income_ledger,20962,0005712
2012-02-27,1000,Cash / Clearing,Charter #4764 - Res #005815 - unknown,773.75,0.00,income_ledger,20970,0005704
2012-02-27,41000,Charter Revenue,Charter #4764 - Res #005815 - unknown,0.00,773.75,income_ledger,20970,0005704
2012-02-27,1000,Cash / Clearing,Charter #4779 - Res #005830 - unknown,250.00,0.00,income_ledger,20973,0005714
2012-02-27,41000,Charter Revenue,Charter #4779 - Res #005830 - unknown,0.00,250.00,income_ledger,20973,0005714
2012-02-27,1000,Cash / Clearing,Charter #4828 - Res #005879 - unknown,1446.74,0.00,income_ledger,20974,0005711
2012-02-27,41000,Charter Revenue,Charter #4828 - Res #005879 - unknown,0.00,1446.74,income_ledger,20974,0005711
2012-02-27,1000,Cash / Clearing,Charter #4816 - Res #005867 - unknown,-555.00,0.00,income_ledger,21307,0005708
2012-02-27,41000,Charter Revenue,Charter #4816 - Res #005867 - unknown,0.00,-555.00,income_ledger,21307,0005708
2012-02-28,1000,Cash / Clearing,Charter #4873 - Res #005924 - unknown,205.00,0.00,income_ledger,18947,0005632
2012-02-28,41000,Charter Revenue,Charter #4873 - Res #005924 - unknown,0.00,205.00,income_ledger,18947,0005632
2012-02-28,1000,Cash / Clearing,Charter #4846 - Res #005897 - credit_card,1107.50,0.00,income_ledger,19427,0005629
2012-02-28,41000,Charter Revenue,Charter #4846 - Res #005897 - credit_card,0.00,1107.50,income_ledger,19427,0005629
2012-02-28,1000,Cash / Clearing,Charter #4846 - Res #005897 - credit_card,360.00,0.00,income_ledger,19428,0005630
2012-02-28,41000,Charter Revenue,Charter #4846 - Res #005897 - credit_card,0.00,360.00,income_ledger,19428,0005630
2012-02-28,1000,Cash / Clearing,Charter #4847 - Res #005898 - unknown,176.00,0.00,income_ledger,20971,0005719
2012-02-28,41000,Charter Revenue,Charter #4847 - Res #005898 - unknown,0.00,176.00,income_ledger,20971,0005719
2012-02-29,1000,Cash / Clearing,Charter #4876 - Res #005927 - unknown,205.00,0.00,income_ledger,19016,0005636
2012-02-29,41000,Charter Revenue,Charter #4876 - Res #005927 - unknown,0.00,205.00,income_ledger,19016,0005636
2012-02-29,1000,Cash / Clearing,Charter #4879 - Res #005930 - unknown,310.00,0.00,income_ledger,20041,0005726
2012-02-29,41000,Charter Revenue,Charter #4879 - Res #005930 - unknown,0.00,310.00,income_ledger,20041,0005726
2012-02-29,1000,Cash / Clearing,Charter #4878 - Res #005929 - unknown,310.00,0.00,income_ledger,20978,0005725
2012-02-29,41000,Charter Revenue,Charter #4878 - Res #005929 - unknown,0.00,310.00,income_ledger,20978,0005725
2012-02-29,1000,Cash / Clearing,Charter #4833 - Res #005884 - unknown,1050.00,0.00,income_ledger,21111,0005723
2012-02-29,41000,Charter Revenue,Charter #4833 - Res #005884 - unknown,0.00,1050.00,income_ledger,21111,0005723
2012-02-29,1000,Cash / Clearing,Charter #4851 - Res #005902 - unknown,250.00,0.00,income_ledger,21126,0005721
2012-02-29,41000,Charter Revenue,Charter #4851 - Res #005902 - unknown,0.00,250.00,income_ledger,21126,0005721
2012-02-29,1000,Cash / Clearing,Charter #4842 - Res #005893 - unknown,250.00,0.00,income_ledger,21533,0005722
2012-02-29,41000,Charter Revenue,Charter #4842 - Res #005893 - unknown,0.00,250.00,income_ledger,21533,0005722
2012-03-01,1000,Cash / Clearing,Charter #4731 - Res #005766 - unknown,135.00,0.00,income_ledger,20042,0005728
2012-03-01,41000,Charter Revenue,Charter #4731 - Res #005766 - unknown,0.00,135.00,income_ledger,20042,0005728
2012-03-01,1000,Cash / Clearing,Charter #4880 - Res #005931 - unknown,205.00,0.00,income_ledger,20822,0005727
2012-03-01,41000,Charter Revenue,Charter #4880 - Res #005931 - unknown,0.00,205.00,income_ledger,20822,0005727
2012-03-02,1000,Cash / Clearing,Charter #4882 - Res #005933 - unknown,256.00,0.00,income_ledger,20972,0005730
2012-03-02,41000,Charter Revenue,Charter #4882 - Res #005933 - unknown,0.00,256.00,income_ledger,20972,0005730
2012-03-02,1000,Cash / Clearing,Charter #4883 - Res #005934 - unknown,75.00,0.00,income_ledger,21037,0005729
2012-03-02,41000,Charter Revenue,Charter #4883 - Res #005934 - unknown,0.00,75.00,income_ledger,21037,0005729
2012-03-03,1000,Cash / Clearing,Charter #4886 - Res #005937 - unknown,200.00,0.00,income_ledger,20824,0005732
2012-03-03,41000,Charter Revenue,Charter #4886 - Res #005937 - unknown,0.00,200.00,income_ledger,20824,0005732
2012-03-03,1000,Cash / Clearing,Charter #4884 - Res #005935 - unknown,250.00,0.00,income_ledger,20838,0005731
2012-03-03,41000,Charter Revenue,Charter #4884 - Res #005935 - unknown,0.00,250.00,income_ledger,20838,0005731
2012-03-06,1000,Cash / Clearing,Charter #4896 - Res #005947 - unknown,270.00,0.00,income_ledger,18920,0005647
2012-03-06,41000,Charter Revenue,Charter #4896 - Res #005947 - unknown,0.00,270.00,income_ledger,18920,0005647
2012-03-06,1000,Cash / Clearing,Charter #4893 - Res #005944 - unknown,250.00,0.00,income_ledger,18927,0005646
2012-03-06,41000,Charter Revenue,Charter #4893 - Res #005944 - unknown,0.00,250.00,income_ledger,18927,0005646
2012-03-06,1000,Cash / Clearing,Charter #4889 - Res #005940 - unknown,250.00,0.00,income_ledger,18935,0005648
2012-03-06,41000,Charter Revenue,Charter #4889 - Res #005940 - unknown,0.00,250.00,income_ledger,18935,0005648
2012-03-08,1000,Cash / Clearing,Charter #4894 - Res #005945 - unknown,381.00,0.00,income_ledger,20013,0005738
2012-03-08,41000,Charter Revenue,Charter #4894 - Res #005945 - unknown,0.00,381.00,income_ledger,20013,0005738
2012-03-08,1000,Cash / Clearing,Charter #4894 - Res #005945 - unknown,-0.01,0.00,income_ledger,20832,0005739
2012-03-08,41000,Charter Revenue,Charter #4894 - Res #005945 - unknown,0.00,-0.01,income_ledger,20832,0005739
2012-03-08,1000,Cash / Clearing,Charter #4888 - Res #005939 - unknown,200.00,0.00,income_ledger,21110,0005740
2012-03-08,41000,Charter Revenue,Charter #4888 - Res #005939 - unknown,0.00,200.00,income_ledger,21110,0005740
2012-03-08,1000,Cash / Clearing,Charter #4218 - Res #005265 - unknown,162.75,0.00,income_ledger,21510,0005737
2012-03-08,41000,Charter Revenue,Charter #4218 - Res #005265 - unknown,0.00,162.75,income_ledger,21510,0005737
2012-03-09,1000,Cash / Clearing,Charter #4900 - Res #005951 - credit_card,205.00,0.00,income_ledger,20591,0005653
2012-03-09,41000,Charter Revenue,Charter #4900 - Res #005951 - credit_card,0.00,205.00,income_ledger,20591,0005653
2012-03-09,1000,Cash / Clearing,Charter #4900 - Res #005951 - unknown,205.00,0.00,income_ledger,21112,0005741
2012-03-09,41000,Charter Revenue,Charter #4900 - Res #005951 - unknown,0.00,205.00,income_ledger,21112,0005741
2012-03-10,1000,Cash / Clearing,Charter #4902 - Res #005953 - unknown,105.00,0.00,income_ledger,20964,0005742
2012-03-10,41000,Charter Revenue,Charter #4902 - Res #005953 - unknown,0.00,105.00,income_ledger,20964,0005742
2012-03-10,1000,Cash / Clearing,Charter #4903 - Res #005954 - unknown,105.00,0.00,income_ledger,21142,0005743
2012-03-10,41000,Charter Revenue,Charter #4903 - Res #005954 - unknown,0.00,105.00,income_ledger,21142,0005743
2012-03-12,1000,Cash / Clearing,Charter #4877 - Res #005928 - unknown,231.00,0.00,income_ledger,12782,
2012-03-12,41000,Charter Revenue,Charter #4877 - Res #005928 - unknown,0.00,231.00,income_ledger,12782,
2012-03-12,1000,Cash / Clearing,Charter #4831 - Res #005882 - unknown,214.50,0.00,income_ledger,21039,0005748
2012-03-12,41000,Charter Revenue,Charter #4831 - Res #005882 - unknown,0.00,214.50,income_ledger,21039,0005748
2012-03-12,1000,Cash / Clearing,Charter #4906 - Res #005957 - unknown,175.00,0.00,income_ledger,21114,0005745
2012-03-12,41000,Charter Revenue,Charter #4906 - Res #005957 - unknown,0.00,175.00,income_ledger,21114,0005745
2012-03-12,1000,Cash / Clearing,Charter #4891 - Res #005942 - unknown,657.63,0.00,income_ledger,21127,0005746
2012-03-12,41000,Charter Revenue,Charter #4891 - Res #005942 - unknown,0.00,657.63,income_ledger,21127,0005746
2012-03-12,1000,Cash / Clearing,Charter #4829 - Res #005880 - unknown,214.50,0.00,income_ledger,21145,0005749
2012-03-12,41000,Charter Revenue,Charter #4829 - Res #005880 - unknown,0.00,214.50,income_ledger,21145,0005749
2012-03-12,1000,Cash / Clearing,Charter #4890 - Res #005941 - unknown,391.25,0.00,income_ledger,21146,0005744
2012-03-12,41000,Charter Revenue,Charter #4890 - Res #005941 - unknown,0.00,391.25,income_ledger,21146,0005744
2012-03-12,1000,Cash / Clearing,Charter #4905 - Res #005956 - unknown,210.00,0.00,income_ledger,21147,0005747
2012-03-12,41000,Charter Revenue,Charter #4905 - Res #005956 - unknown,0.00,210.00,income_ledger,21147,0005747
2012-03-12,1000,Cash / Clearing,Charter #4830 - Res #005881 - unknown,990.00,0.00,income_ledger,21218,0005751
2012-03-12,41000,Charter Revenue,Charter #4830 - Res #005881 - unknown,0.00,990.00,income_ledger,21218,0005751
2012-03-13,1000,Cash / Clearing,Charter #4915 - Res #005966 - unknown,205.00,0.00,income_ledger,20841,0005757
2012-03-13,41000,Charter Revenue,Charter #4915 - Res #005966 - unknown,0.00,205.00,income_ledger,20841,0005757
2012-03-13,1000,Cash / Clearing,Charter #4911 - Res #005962 - unknown,205.00,0.00,income_ledger,21148,0005753
2012-03-13,41000,Charter Revenue,Charter #4911 - Res #005962 - unknown,0.00,205.00,income_ledger,21148,0005753
2012-03-13,1000,Cash / Clearing,Charter #4895 - Res #005946 - unknown,231.00,0.00,income_ledger,21168,0005756
2012-03-13,41000,Charter Revenue,Charter #4895 - Res #005946 - unknown,0.00,231.00,income_ledger,21168,0005756
2012-03-13,1000,Cash / Clearing,Charter #4908 - Res #005959 - unknown,500.00,0.00,income_ledger,21169,0005752
2012-03-13,41000,Charter Revenue,Charter #4908 - Res #005959 - unknown,0.00,500.00,income_ledger,21169,0005752
2012-03-13,1000,Cash / Clearing,Charter #4908 - Res #005959 - unknown,1187.67,0.00,income_ledger,21170,0005759
2012-03-13,41000,Charter Revenue,Charter #4908 - Res #005959 - unknown,0.00,1187.67,income_ledger,21170,0005759
2012-03-13,1000,Cash / Clearing,Charter #4897 - Res #005948 - unknown,580.00,0.00,income_ledger,21187,0005758
2012-03-13,41000,Charter Revenue,Charter #4897 - Res #005948 - unknown,0.00,580.00,income_ledger,21187,0005758
2012-03-13,1000,Cash / Clearing,Charter #4914 - Res #005965 - unknown,995.00,0.00,income_ledger,21297,0005755
2012-03-13,41000,Charter Revenue,Charter #4914 - Res #005965 - unknown,0.00,995.00,income_ledger,21297,0005755
2012-03-13,1000,Cash / Clearing,Charter #4910 - Res #005961 - unknown,205.00,0.00,income_ledger,21402,0005754
2012-03-13,41000,Charter Revenue,Charter #4910 - Res #005961 - unknown,0.00,205.00,income_ledger,21402,0005754
2012-03-16,1000,Cash / Clearing,Charter #4926 - Res #005977 - unknown,260.00,0.00,income_ledger,21149,0005760
2012-03-16,41000,Charter Revenue,Charter #4926 - Res #005977 - unknown,0.00,260.00,income_ledger,21149,0005760
2012-03-16,1000,Cash / Clearing,Charter #4927 - Res #005978 - unknown,102.50,0.00,income_ledger,21287,0005762
2012-03-16,41000,Charter Revenue,Charter #4927 - Res #005978 - unknown,0.00,102.50,income_ledger,21287,0005762
2012-03-16,1000,Cash / Clearing,Charter #4928 - Res #005979 - unknown,102.50,0.00,income_ledger,21442,0005761
2012-03-16,41000,Charter Revenue,Charter #4928 - Res #005979 - unknown,0.00,102.50,income_ledger,21442,0005761
2012-03-17,1000,Cash / Clearing,Charter #4931 - Res #005982 - unknown,205.00,0.00,income_ledger,19017,0005675
2012-03-17,41000,Charter Revenue,Charter #4931 - Res #005982 - unknown,0.00,205.00,income_ledger,19017,0005675
2012-03-17,1000,Cash / Clearing,Charter #4633 - Res #005802 - unknown,105.00,0.00,income_ledger,21157,0005764
2012-03-17,41000,Charter Revenue,Charter #4633 - Res #005802 - unknown,0.00,105.00,income_ledger,21157,0005764
2012-03-18,1000,Cash / Clearing,Charter #4938 - Res #005989 - unknown,330.00,0.00,income_ledger,21198,0005766
2012-03-18,41000,Charter Revenue,Charter #4938 - Res #005989 - unknown,0.00,330.00,income_ledger,21198,0005766
2012-03-19,1000,Cash / Clearing,Charter #4935 - Res #005986 - unknown,429.00,0.00,income_ledger,13340,
2012-03-19,41000,Charter Revenue,Charter #4935 - Res #005986 - unknown,0.00,429.00,income_ledger,13340,
2012-03-19,1000,Cash / Clearing,Charter #4931 - Res #005982 - unknown,438.50,0.00,income_ledger,19018,0005679
2012-03-19,41000,Charter Revenue,Charter #4931 - Res #005982 - unknown,0.00,438.50,income_ledger,19018,0005679
2012-03-19,1000,Cash / Clearing,Charter #4930 - Res #005981 - unknown,82.50,0.00,income_ledger,20043,0005842
2012-03-19,41000,Charter Revenue,Charter #4930 - Res #005981 - unknown,0.00,82.50,income_ledger,20043,0005842
2012-03-19,1000,Cash / Clearing,Charter #4909 - Res #005960 - unknown,250.00,0.00,income_ledger,20044,0005845
2012-03-19,41000,Charter Revenue,Charter #4909 - Res #005960 - unknown,0.00,250.00,income_ledger,20044,0005845
2012-03-19,1000,Cash / Clearing,Charter #4849 - Res #005900 - unknown,250.00,0.00,income_ledger,21171,0005839
2012-03-19,41000,Charter Revenue,Charter #4849 - Res #005900 - unknown,0.00,250.00,income_ledger,21171,0005839
2012-03-19,1000,Cash / Clearing,Charter #4917 - Res #005968 - unknown,265.65,0.00,income_ledger,21197,0005843
2012-03-19,41000,Charter Revenue,Charter #4917 - Res #005968 - unknown,0.00,265.65,income_ledger,21197,0005843
2012-03-19,1000,Cash / Clearing,Charter #4934 - Res #005985 - unknown,770.00,0.00,income_ledger,21210,0005844
2012-03-19,41000,Charter Revenue,Charter #4934 - Res #005985 - unknown,0.00,770.00,income_ledger,21210,0005844
2012-03-19,1000,Cash / Clearing,Charter #4849 - Res #005900 - unknown,625.00,0.00,income_ledger,21503,0006313
2012-03-19,41000,Charter Revenue,Charter #4849 - Res #005900 - unknown,0.00,625.00,income_ledger,21503,0006313
2012-03-20,1000,Cash / Clearing,Charter #4941 - Res #005992 - unknown,180.00,0.00,income_ledger,20045,0005847
2012-03-20,41000,Charter Revenue,Charter #4941 - Res #005992 - unknown,0.00,180.00,income_ledger,20045,0005847
2012-03-20,1000,Cash / Clearing,Charter #4945 - Res #005996 - unknown,500.00,0.00,income_ledger,20046,0005848
2012-03-20,41000,Charter Revenue,Charter #4945 - Res #005996 - unknown,0.00,500.00,income_ledger,20046,0005848
2012-03-20,1000,Cash / Clearing,Charter #4911 - Res #005962 - unknown,320.77,0.00,income_ledger,20047,0005852
2012-03-20,41000,Charter Revenue,Charter #4911 - Res #005962 - unknown,0.00,320.77,income_ledger,20047,0005852
2012-03-20,1000,Cash / Clearing,Charter #4948 - Res #005999 - unknown,110.00,0.00,income_ledger,20048,0005853
2012-03-20,41000,Charter Revenue,Charter #4948 - Res #005999 - unknown,0.00,110.00,income_ledger,20048,0005853
2012-03-20,1000,Cash / Clearing,Charter #4946 - Res #005997 - unknown,120.00,0.00,income_ledger,21215,0005849
2012-03-20,41000,Charter Revenue,Charter #4946 - Res #005997 - unknown,0.00,120.00,income_ledger,21215,0005849
2012-03-20,1000,Cash / Clearing,Charter #4936 - Res #005987 - unknown,100.01,0.00,income_ledger,21219,0005851
2012-03-20,41000,Charter Revenue,Charter #4936 - Res #005987 - unknown,0.00,100.01,income_ledger,21219,0005851
2012-03-20,1000,Cash / Clearing,Charter #4939 - Res #005990 - unknown,663.70,0.00,income_ledger,21220,0005854
2012-03-20,41000,Charter Revenue,Charter #4939 - Res #005990 - unknown,0.00,663.70,income_ledger,21220,0005854
2012-03-20,1000,Cash / Clearing,Charter #4950 - Res #006001 - unknown,123.74,0.00,income_ledger,21221,0005856
2012-03-20,41000,Charter Revenue,Charter #4950 - Res #006001 - unknown,0.00,123.74,income_ledger,21221,0005856
2012-03-20,1000,Cash / Clearing,Charter #4947 - Res #005998 - unknown,310.00,0.00,income_ledger,21228,0005850
2012-03-20,41000,Charter Revenue,Charter #4947 - Res #005998 - unknown,0.00,310.00,income_ledger,21228,0005850
2012-03-20,1000,Cash / Clearing,Charter #4925 - Res #005976 - unknown,1980.00,0.00,income_ledger,21239,0005855
2012-03-20,41000,Charter Revenue,Charter #4925 - Res #005976 - unknown,0.00,1980.00,income_ledger,21239,0005855
2012-03-21,1000,Cash / Clearing,Charter #4942 - Res #005993 - unknown,200.00,0.00,income_ledger,21222,0005858
2012-03-21,41000,Charter Revenue,Charter #4942 - Res #005993 - unknown,0.00,200.00,income_ledger,21222,0005858
2012-03-22,1000,Cash / Clearing,Charter #4876 - Res #005927 - unknown,200.00,0.00,income_ledger,19019,0005702
2012-03-22,41000,Charter Revenue,Charter #4876 - Res #005927 - unknown,0.00,200.00,income_ledger,19019,0005702
2012-03-22,1000,Cash / Clearing,Charter #4876 - Res #005927 - unknown,550.00,0.00,income_ledger,19022,0005703
2012-03-22,41000,Charter Revenue,Charter #4876 - Res #005927 - unknown,0.00,550.00,income_ledger,19022,0005703
2012-03-22,1000,Cash / Clearing,Charter #4941 - Res #005992 - unknown,37.00,0.00,income_ledger,21172,0005860
2012-03-22,41000,Charter Revenue,Charter #4941 - Res #005992 - unknown,0.00,37.00,income_ledger,21172,0005860
2012-03-22,1000,Cash / Clearing,Charter #4941 - Res #005992 - unknown,637.00,0.00,income_ledger,21223,0005859
2012-03-22,41000,Charter Revenue,Charter #4941 - Res #005992 - unknown,0.00,637.00,income_ledger,21223,0005859
2012-03-22,1000,Cash / Clearing,Charter #4937 - Res #005988 - unknown,50.00,0.00,income_ledger,21251,0005862
2012-03-22,41000,Charter Revenue,Charter #4937 - Res #005988 - unknown,0.00,50.00,income_ledger,21251,0005862
2012-03-22,1000,Cash / Clearing,Charter #4954 - Res #006005 - unknown,205.00,0.00,income_ledger,21252,0005866
2012-03-22,41000,Charter Revenue,Charter #4954 - Res #006005 - unknown,0.00,205.00,income_ledger,21252,0005866
2012-03-22,1000,Cash / Clearing,Charter #4933 - Res #005984 - unknown,140.00,0.00,income_ledger,21275,0005861
2012-03-22,41000,Charter Revenue,Charter #4933 - Res #005984 - unknown,0.00,140.00,income_ledger,21275,0005861
2012-03-22,1000,Cash / Clearing,Charter #4952 - Res #006003 - unknown,40.00,0.00,income_ledger,21541,0005863
2012-03-22,41000,Charter Revenue,Charter #4952 - Res #006003 - unknown,0.00,40.00,income_ledger,21541,0005863
2012-03-23,1000,Cash / Clearing,Charter #4892 - Res #005943 - unknown,175.00,0.00,income_ledger,18925,0005645
2012-03-23,41000,Charter Revenue,Charter #4892 - Res #005943 - unknown,0.00,175.00,income_ledger,18925,0005645
2012-03-23,1000,Cash / Clearing,Charter #4892 - Res #005943 - unknown,46.25,0.00,income_ledger,18936,0005710
2012-03-23,41000,Charter Revenue,Charter #4892 - Res #005943 - unknown,0.00,46.25,income_ledger,18936,0005710
2012-03-23,1000,Cash / Clearing,Charter #4951 - Res #006002 - unknown,215.00,0.00,income_ledger,20049,0005867
2012-03-23,41000,Charter Revenue,Charter #4951 - Res #006002 - unknown,0.00,215.00,income_ledger,20049,0005867
2012-03-23,1000,Cash / Clearing,Charter #4942 - Res #005993 - unknown,874.00,0.00,income_ledger,20050,0005867
2012-03-23,41000,Charter Revenue,Charter #4942 - Res #005993 - unknown,0.00,874.00,income_ledger,20050,0005867
2012-03-23,1000,Cash / Clearing,Charter #4955 - Res #006006 - unknown,250.00,0.00,income_ledger,20807,0005867
2012-03-23,41000,Charter Revenue,Charter #4955 - Res #006006 - unknown,0.00,250.00,income_ledger,20807,0005867
2012-03-23,1000,Cash / Clearing,Charter #4956 - Res #006007 - unknown,500.00,0.00,income_ledger,20809,0005867
2012-03-23,41000,Charter Revenue,Charter #4956 - Res #006007 - unknown,0.00,500.00,income_ledger,20809,0005867
2012-03-23,1000,Cash / Clearing,Charter #4906 - Res #005957 - unknown,1112.00,0.00,income_ledger,21092,0005867
2012-03-23,41000,Charter Revenue,Charter #4906 - Res #005957 - unknown,0.00,1112.00,income_ledger,21092,0005867
2012-03-23,1000,Cash / Clearing,Charter #4901 - Res #005952 - unknown,183.75,0.00,income_ledger,21093,0005867
2012-03-23,41000,Charter Revenue,Charter #4901 - Res #005952 - unknown,0.00,183.75,income_ledger,21093,0005867
2012-03-24,1000,Cash / Clearing,Charter #4958 - Res #006009 - unknown,82.50,0.00,income_ledger,20051,0005867
2012-03-24,41000,Charter Revenue,Charter #4958 - Res #006009 - unknown,0.00,82.50,income_ledger,20051,0005867
2012-03-24,1000,Cash / Clearing,Charter #4949 - Res #006000 - unknown,600.00,0.00,income_ledger,20052,0005867
2012-03-24,41000,Charter Revenue,Charter #4949 - Res #006000 - unknown,0.00,600.00,income_ledger,20052,0005867
2012-03-26,1000,Cash / Clearing,Charter #4962 - Res #006013 - unknown,205.00,0.00,income_ledger,18949,0005720
2012-03-26,41000,Charter Revenue,Charter #4962 - Res #006013 - unknown,0.00,205.00,income_ledger,18949,0005720
2012-03-26,1000,Cash / Clearing,Charter #4943 - Res #005994 - unknown,210.00,0.00,income_ledger,20054,0005867
2012-03-26,41000,Charter Revenue,Charter #4943 - Res #005994 - unknown,0.00,210.00,income_ledger,20054,0005867
2012-03-26,1000,Cash / Clearing,Charter #4954 - Res #006005 - unknown,751.00,0.00,income_ledger,20055,0005867
2012-03-26,41000,Charter Revenue,Charter #4954 - Res #006005 - unknown,0.00,751.00,income_ledger,20055,0005867
2012-03-26,1000,Cash / Clearing,Charter #4632 - Res #005801 - unknown,231.00,0.00,income_ledger,20056,0005867
2012-03-26,41000,Charter Revenue,Charter #4632 - Res #005801 - unknown,0.00,231.00,income_ledger,20056,0005867
2012-03-26,1000,Cash / Clearing,Charter #4961 - Res #006012 - unknown,590.00,0.00,income_ledger,20817,0005867
2012-03-26,41000,Charter Revenue,Charter #4961 - Res #006012 - unknown,0.00,590.00,income_ledger,20817,0005867
2012-03-26,1000,Cash / Clearing,Charter #4885 - Res #005936 - unknown,278.25,0.00,income_ledger,20819,0005867
2012-03-26,41000,Charter Revenue,Charter #4885 - Res #005936 - unknown,0.00,278.25,income_ledger,20819,0005867
2012-03-26,1000,Cash / Clearing,Charter #4964 - Res #006015 - unknown,205.00,0.00,income_ledger,21234,0005870
2012-03-26,41000,Charter Revenue,Charter #4964 - Res #006015 - unknown,0.00,205.00,income_ledger,21234,0005870
2012-03-26,1000,Cash / Clearing,Charter #4957 - Res #006008 - unknown,110.00,0.00,income_ledger,21236,0005868
2012-03-26,41000,Charter Revenue,Charter #4957 - Res #006008 - unknown,0.00,110.00,income_ledger,21236,0005868
2012-03-26,1000,Cash / Clearing,Charter #4968 - Res #006019 - unknown,175.00,0.00,income_ledger,21253,0005871
2012-03-26,41000,Charter Revenue,Charter #4968 - Res #006019 - unknown,0.00,175.00,income_ledger,21253,0005871
2012-03-30,1000,Cash / Clearing,Charter #4976 - Res #006027 - unknown,205.00,0.00,income_ledger,19011,0005724
2012-03-30,41000,Charter Revenue,Charter #4976 - Res #006027 - unknown,0.00,205.00,income_ledger,19011,0005724
2012-03-30,1000,Cash / Clearing,Charter #4791 - Res #005842 - unknown,140.00,0.00,income_ledger,19023,0005723
2012-03-30,41000,Charter Revenue,Charter #4791 - Res #005842 - unknown,0.00,140.00,income_ledger,19023,0005723
2012-03-30,1000,Cash / Clearing,Charter #4974 - Res #006025 - credit_card,120.00,0.00,income_ledger,20592,0005725
2012-03-30,41000,Charter Revenue,Charter #4974 - Res #006025 - credit_card,0.00,120.00,income_ledger,20592,0005725
2012-03-30,1000,Cash / Clearing,Charter #4974 - Res #006025 - unknown,120.00,0.00,income_ledger,21237,0005874
2012-03-30,41000,Charter Revenue,Charter #4974 - Res #006025 - unknown,0.00,120.00,income_ledger,21237,0005874
2012-03-31,1000,Cash / Clearing,Charter #4960 - Res #006011 - unknown,477.00,0.00,income_ledger,20053,0005867
2012-03-31,41000,Charter Revenue,Charter #4960 - Res #006011 - unknown,0.00,477.00,income_ledger,20053,0005867
2012-03-31,1000,Cash / Clearing,Charter #4887 - Res #005938 - unknown,82.50,0.00,income_ledger,21229,0005881
2012-03-31,41000,Charter Revenue,Charter #4887 - Res #005938 - unknown,0.00,82.50,income_ledger,21229,0005881
2012-03-31,1000,Cash / Clearing,Charter #4953 - Res #006004 - unknown,600.00,0.00,income_ledger,21233,0005879
2012-03-31,41000,Charter Revenue,Charter #4953 - Res #006004 - unknown,0.00,600.00,income_ledger,21233,0005879
2012-03-31,1000,Cash / Clearing,Charter #4885 - Res #005936 - unknown,267.50,0.00,income_ledger,21238,0005875
2012-03-31,41000,Charter Revenue,Charter #4885 - Res #005936 - unknown,0.00,267.50,income_ledger,21238,0005875
2012-03-31,1000,Cash / Clearing,Charter #4885 - Res #005936 - unknown,277.50,0.00,income_ledger,21240,0005876
2012-03-31,41000,Charter Revenue,Charter #4885 - Res #005936 - unknown,0.00,277.50,income_ledger,21240,0005876
2012-03-31,1000,Cash / Clearing,Charter #4978 - Res #006029 - unknown,660.00,0.00,income_ledger,21241,0005877
2012-03-31,41000,Charter Revenue,Charter #4978 - Res #006029 - unknown,0.00,660.00,income_ledger,21241,0005877
2012-03-31,1000,Cash / Clearing,Charter #4978 - Res #006029 - unknown,145.00,0.00,income_ledger,21254,0005878
2012-03-31,41000,Charter Revenue,Charter #4978 - Res #006029 - unknown,0.00,145.00,income_ledger,21254,0005878
2012-03-31,1000,Cash / Clearing,Charter #4916 - Res #005967 - unknown,231.00,0.00,income_ledger,21255,0005880
2012-03-31,41000,Charter Revenue,Charter #4916 - Res #005967 - unknown,0.00,231.00,income_ledger,21255,0005880
2012-03-31,1000,Cash / Clearing,Charter #4983 - Res #006034 - unknown,500.00,0.00,income_ledger,21256,0005882
2012-03-31,41000,Charter Revenue,Charter #4983 - Res #006034 - unknown,0.00,500.00,income_ledger,21256,0005882
2012-04-01,1000,Cash / Clearing,Charter #4976 - Res #006027 - unknown,224.00,0.00,income_ledger,19012,0005741
2012-04-01,41000,Charter Revenue,Charter #4976 - Res #006027 - unknown,0.00,224.00,income_ledger,19012,0005741
2012-04-01,1000,Cash / Clearing,Charter #4990 - Res #006042 - unknown,104.50,0.00,income_ledger,19021,0005895
2012-04-01,41000,Charter Revenue,Charter #4990 - Res #006042 - unknown,0.00,104.50,income_ledger,19021,0005895
2012-04-01,1000,Cash / Clearing,Charter #4791 - Res #005842 - unknown,798.75,0.00,income_ledger,19024,0005745
2012-04-01,41000,Charter Revenue,Charter #4791 - Res #005842 - unknown,0.00,798.75,income_ledger,19024,0005745
2012-04-01,1000,Cash / Clearing,Charter #4985 - Res #006036 - unknown,195.00,0.00,income_ledger,20057,0005886
2012-04-01,41000,Charter Revenue,Charter #4985 - Res #006036 - unknown,0.00,195.00,income_ledger,20057,0005886
2012-04-01,1000,Cash / Clearing,Charter #4989 - Res #006041 - unknown,100.00,0.00,income_ledger,20058,0005891
2012-04-01,41000,Charter Revenue,Charter #4989 - Res #006041 - unknown,0.00,100.00,income_ledger,20058,0005891
2012-04-01,1000,Cash / Clearing,Charter #4983 - Res #006034 - unknown,490.00,0.00,income_ledger,20059,0005892
2012-04-01,41000,Charter Revenue,Charter #4983 - Res #006034 - unknown,0.00,490.00,income_ledger,20059,0005892
2012-04-01,1000,Cash / Clearing,Charter #4983 - Res #006034 - unknown,184.00,0.00,income_ledger,20060,0005893
2012-04-01,41000,Charter Revenue,Charter #4983 - Res #006034 - unknown,0.00,184.00,income_ledger,20060,0005893
2012-04-01,1000,Cash / Clearing,Charter #4921 - Res #005972 - unknown,250.00,0.00,income_ledger,21186,0005734
2012-04-01,41000,Charter Revenue,Charter #4921 - Res #005972 - unknown,0.00,250.00,income_ledger,21186,0005734
2012-04-01,1000,Cash / Clearing,Charter #4981 - Res #006032 - unknown,225.00,0.00,income_ledger,21190,0005884
2012-04-01,41000,Charter Revenue,Charter #4981 - Res #006032 - unknown,0.00,225.00,income_ledger,21190,0005884
2012-04-01,1000,Cash / Clearing,Charter #4982 - Res #006033 - unknown,435.00,0.00,income_ledger,21231,0005897
2012-04-01,41000,Charter Revenue,Charter #4982 - Res #006033 - unknown,0.00,435.00,income_ledger,21231,0005897
2012-04-01,1000,Cash / Clearing,Charter #4977 - Res #006028 - unknown,180.00,0.00,income_ledger,21235,0005896
2012-04-01,41000,Charter Revenue,Charter #4977 - Res #006028 - unknown,0.00,180.00,income_ledger,21235,0005896
2012-04-01,1000,Cash / Clearing,Charter #4969 - Res #006020 - unknown,120.00,0.00,income_ledger,21247,0005885
2012-04-01,41000,Charter Revenue,Charter #4969 - Res #006020 - unknown,0.00,120.00,income_ledger,21247,0005885
2012-04-01,1000,Cash / Clearing,Charter #4922 - Res #005973 - unknown,20.00,0.00,income_ledger,21250,0005888
2012-04-01,41000,Charter Revenue,Charter #4922 - Res #005973 - unknown,0.00,20.00,income_ledger,21250,0005888
2012-04-01,1000,Cash / Clearing,Charter #4963 - Res #006014 - unknown,224.00,0.00,income_ledger,21286,0005889
2012-04-01,41000,Charter Revenue,Charter #4963 - Res #006014 - unknown,0.00,224.00,income_ledger,21286,0005889
2012-04-01,1000,Cash / Clearing,Charter #4922 - Res #005973 - unknown,350.00,0.00,income_ledger,21288,0005887
2012-04-01,41000,Charter Revenue,Charter #4922 - Res #005973 - unknown,0.00,350.00,income_ledger,21288,0005887
2012-04-04,1000,Cash / Clearing,Charter #4998 - Res #006050 - unknown,205.00,0.00,income_ledger,21245,0005899
2012-04-04,41000,Charter Revenue,Charter #4998 - Res #006050 - unknown,0.00,205.00,income_ledger,21245,0005899
2012-04-04,1000,Cash / Clearing,Charter #5000 - Res #006052 - unknown,234.00,0.00,income_ledger,21269,0005900
2012-04-04,41000,Charter Revenue,Charter #5000 - Res #006052 - unknown,0.00,234.00,income_ledger,21269,0005900
2012-04-04,1000,Cash / Clearing,Charter #5002 - Res #006054 - unknown,500.00,0.00,income_ledger,21278,0005902
2012-04-04,41000,Charter Revenue,Charter #5002 - Res #006054 - unknown,0.00,500.00,income_ledger,21278,0005902
2012-04-04,1000,Cash / Clearing,Charter #5004 - Res #006056 - unknown,787.50,0.00,income_ledger,21302,0005904
2012-04-04,41000,Charter Revenue,Charter #5004 - Res #006056 - unknown,0.00,787.50,income_ledger,21302,0005904
2012-04-04,1000,Cash / Clearing,Charter #5003 - Res #006055 - unknown,205.00,0.00,income_ledger,21303,0005903
2012-04-04,41000,Charter Revenue,Charter #5003 - Res #006055 - unknown,0.00,205.00,income_ledger,21303,0005903
2012-04-04,1000,Cash / Clearing,Charter #5001 - Res #006053 - unknown,240.00,0.00,income_ledger,21633,0005901
2012-04-04,41000,Charter Revenue,Charter #5001 - Res #006053 - unknown,0.00,240.00,income_ledger,21633,0005901
2012-04-05,1000,Cash / Clearing,Charter #4876 - Res #005927 - unknown,900.00,0.00,income_ledger,19010,0005757
2012-04-05,41000,Charter Revenue,Charter #4876 - Res #005927 - unknown,0.00,900.00,income_ledger,19010,0005757
2012-04-07,1000,Cash / Clearing,Charter #5010 - Res #006062 - unknown,594.00,0.00,income_ledger,21351,0005906
2012-04-07,41000,Charter Revenue,Charter #5010 - Res #006062 - unknown,0.00,594.00,income_ledger,21351,0005906
2012-04-09,1000,Cash / Clearing,Charter #5046 - Res #006073 - unknown,205.00,0.00,income_ledger,19082,0005765
2012-04-09,41000,Charter Revenue,Charter #5046 - Res #006073 - unknown,0.00,205.00,income_ledger,19082,0005765
2012-04-09,1000,Cash / Clearing,Charter #4724 - Res #005759 - unknown,997.50,0.00,income_ledger,20061,0005926
2012-04-09,41000,Charter Revenue,Charter #4724 - Res #005759 - unknown,0.00,997.50,income_ledger,20061,0005926
2012-04-09,1000,Cash / Clearing,Charter #4737 - Res #005772 - unknown,997.50,0.00,income_ledger,20062,0005928
2012-04-09,41000,Charter Revenue,Charter #4737 - Res #005772 - unknown,0.00,997.50,income_ledger,20062,0005928
2012-04-09,1000,Cash / Clearing,Charter #4738 - Res #005773 - unknown,997.50,0.00,income_ledger,20063,0005929
2012-04-09,41000,Charter Revenue,Charter #4738 - Res #005773 - unknown,0.00,997.50,income_ledger,20063,0005929
2012-04-09,1000,Cash / Clearing,Charter #4739 - Res #005774 - unknown,997.50,0.00,income_ledger,20064,0005930
2012-04-09,41000,Charter Revenue,Charter #4739 - Res #005774 - unknown,0.00,997.50,income_ledger,20064,0005930
2012-04-09,1000,Cash / Clearing,Charter #4743 - Res #005778 - unknown,997.50,0.00,income_ledger,20065,0005934
2012-04-09,41000,Charter Revenue,Charter #4743 - Res #005778 - unknown,0.00,997.50,income_ledger,20065,0005934
2012-04-09,1000,Cash / Clearing,Charter #4744 - Res #005779 - unknown,997.50,0.00,income_ledger,20066,0005935
2012-04-09,41000,Charter Revenue,Charter #4744 - Res #005779 - unknown,0.00,997.50,income_ledger,20066,0005935
2012-04-09,1000,Cash / Clearing,Charter #4745 - Res #005780 - unknown,997.50,0.00,income_ledger,20067,0005936
2012-04-09,41000,Charter Revenue,Charter #4745 - Res #005780 - unknown,0.00,997.50,income_ledger,20067,0005936
2012-04-09,1000,Cash / Clearing,Charter #4746 - Res #005781 - unknown,997.50,0.00,income_ledger,20068,0005937
2012-04-09,41000,Charter Revenue,Charter #4746 - Res #005781 - unknown,0.00,997.50,income_ledger,20068,0005937
2012-04-09,1000,Cash / Clearing,Charter #4748 - Res #005783 - unknown,997.50,0.00,income_ledger,20069,0005939
2012-04-09,41000,Charter Revenue,Charter #4748 - Res #005783 - unknown,0.00,997.50,income_ledger,20069,0005939
2012-04-09,1000,Cash / Clearing,Charter #4802 - Res #005853 - unknown,997.50,0.00,income_ledger,20070,0005943
2012-04-09,41000,Charter Revenue,Charter #4802 - Res #005853 - unknown,0.00,997.50,income_ledger,20070,0005943
2012-04-09,1000,Cash / Clearing,Charter #4803 - Res #005854 - unknown,997.50,0.00,income_ledger,20071,0005944
2012-04-09,41000,Charter Revenue,Charter #4803 - Res #005854 - unknown,0.00,997.50,income_ledger,20071,0005944
2012-04-09,1000,Cash / Clearing,Charter #4809 - Res #005860 - unknown,997.50,0.00,income_ledger,20072,0005951
2012-04-09,41000,Charter Revenue,Charter #4809 - Res #005860 - unknown,0.00,997.50,income_ledger,20072,0005951
2012-04-09,1000,Cash / Clearing,Charter #4810 - Res #005861 - unknown,997.50,0.00,income_ledger,20073,0005952
2012-04-09,41000,Charter Revenue,Charter #4810 - Res #005861 - unknown,0.00,997.50,income_ledger,20073,0005952
2012-04-09,1000,Cash / Clearing,Charter #4837 - Res #005888 - unknown,997.50,0.00,income_ledger,20074,0005958
2012-04-09,41000,Charter Revenue,Charter #4837 - Res #005888 - unknown,0.00,997.50,income_ledger,20074,0005958
2012-04-09,1000,Cash / Clearing,Charter #4838 - Res #005889 - unknown,1045.00,0.00,income_ledger,20075,0005959
2012-04-09,41000,Charter Revenue,Charter #4838 - Res #005889 - unknown,0.00,1045.00,income_ledger,20075,0005959
2012-04-09,1000,Cash / Clearing,Charter #4716 - Res #005751 - unknown,997.50,0.00,income_ledger,21095,0005919
2012-04-09,41000,Charter Revenue,Charter #4716 - Res #005751 - unknown,0.00,997.50,income_ledger,21095,0005919
2012-04-09,1000,Cash / Clearing,Charter #4964 - Res #006015 - unknown,274.00,0.00,income_ledger,21230,0005894
2012-04-09,41000,Charter Revenue,Charter #4964 - Res #006015 - unknown,0.00,274.00,income_ledger,21230,0005894
2012-04-09,1000,Cash / Clearing,Charter #5017 - Res #006069 - unknown,200.00,0.00,income_ledger,21248,0005910
2012-04-09,41000,Charter Revenue,Charter #5017 - Res #006069 - unknown,0.00,200.00,income_ledger,21248,0005910
2012-04-09,1000,Cash / Clearing,Charter #4973 - Res #006024 - unknown,265.65,0.00,income_ledger,21259,0005912
2012-04-09,41000,Charter Revenue,Charter #4973 - Res #006024 - unknown,0.00,265.65,income_ledger,21259,0005912
2012-04-09,1000,Cash / Clearing,Charter #5016 - Res #006068 - unknown,205.00,0.00,income_ledger,21263,0005909
2012-04-09,41000,Charter Revenue,Charter #5016 - Res #006068 - unknown,0.00,205.00,income_ledger,21263,0005909
2012-04-09,1000,Cash / Clearing,Charter #4736 - Res #005771 - unknown,997.50,0.00,income_ledger,21264,0005927
2012-04-09,41000,Charter Revenue,Charter #4736 - Res #005771 - unknown,0.00,997.50,income_ledger,21264,0005927
2012-04-09,1000,Cash / Clearing,Charter #4747 - Res #005782 - unknown,997.50,0.00,income_ledger,21265,0005938
2012-04-09,41000,Charter Revenue,Charter #4747 - Res #005782 - unknown,0.00,997.50,income_ledger,21265,0005938
2012-04-09,1000,Cash / Clearing,Charter #5048 - Res #006075 - unknown,500.00,0.00,income_ledger,21266,0005915
2012-04-09,41000,Charter Revenue,Charter #5048 - Res #006075 - unknown,0.00,500.00,income_ledger,21266,0005915
2012-04-09,1000,Cash / Clearing,Charter #5047 - Res #006074 - unknown,205.00,0.00,income_ledger,21267,0005914
2012-04-09,41000,Charter Revenue,Charter #5047 - Res #006074 - unknown,0.00,205.00,income_ledger,21267,0005914
2012-04-09,1000,Cash / Clearing,Charter #4713 - Res #005748 - unknown,997.50,0.00,income_ledger,21268,0005916
2012-04-09,41000,Charter Revenue,Charter #4713 - Res #005748 - unknown,0.00,997.50,income_ledger,21268,0005916
2012-04-09,1000,Cash / Clearing,Charter #4714 - Res #005749 - unknown,997.50,0.00,income_ledger,21273,0005917
2012-04-09,41000,Charter Revenue,Charter #4714 - Res #005749 - unknown,0.00,997.50,income_ledger,21273,0005917
2012-04-09,1000,Cash / Clearing,Charter #4720 - Res #005755 - unknown,997.50,0.00,income_ledger,21280,0005923
2012-04-09,41000,Charter Revenue,Charter #4720 - Res #005755 - unknown,0.00,997.50,income_ledger,21280,0005923
2012-04-09,1000,Cash / Clearing,Charter #5006 - Res #006058 - unknown,898.50,0.00,income_ledger,21290,0005908
2012-04-09,41000,Charter Revenue,Charter #5006 - Res #006058 - unknown,0.00,898.50,income_ledger,21290,0005908
2012-04-09,1000,Cash / Clearing,Charter #4715 - Res #005750 - unknown,997.50,0.00,income_ledger,21291,0005918
2012-04-09,41000,Charter Revenue,Charter #4715 - Res #005750 - unknown,0.00,997.50,income_ledger,21291,0005918
2012-04-09,1000,Cash / Clearing,Charter #4723 - Res #005758 - unknown,997.50,0.00,income_ledger,21294,0005924
2012-04-09,41000,Charter Revenue,Charter #4723 - Res #005758 - unknown,0.00,997.50,income_ledger,21294,0005924
2012-04-09,1000,Cash / Clearing,Charter #4811 - Res #005862 - unknown,997.50,0.00,income_ledger,21298,0005953
2012-04-09,41000,Charter Revenue,Charter #4811 - Res #005862 - unknown,0.00,997.50,income_ledger,21298,0005953
2012-04-09,1000,Cash / Clearing,Charter #4741 - Res #005776 - unknown,997.50,0.00,income_ledger,21299,0005932
2012-04-09,41000,Charter Revenue,Charter #4741 - Res #005776 - unknown,0.00,997.50,income_ledger,21299,0005932
2012-04-09,1000,Cash / Clearing,Charter #4742 - Res #005777 - unknown,997.50,0.00,income_ledger,21304,0005933
2012-04-09,41000,Charter Revenue,Charter #4742 - Res #005777 - unknown,0.00,997.50,income_ledger,21304,0005933
2012-04-09,1000,Cash / Clearing,Charter #4835 - Res #005886 - unknown,997.50,0.00,income_ledger,21309,0005956
2012-04-09,41000,Charter Revenue,Charter #4835 - Res #005886 - unknown,0.00,997.50,income_ledger,21309,0005956
2012-04-09,1000,Cash / Clearing,Charter #4836 - Res #005887 - unknown,997.50,0.00,income_ledger,21310,0005957
2012-04-09,41000,Charter Revenue,Charter #4836 - Res #005887 - unknown,0.00,997.50,income_ledger,21310,0005957
2012-04-09,1000,Cash / Clearing,Charter #4812 - Res #005863 - unknown,997.50,0.00,income_ledger,21311,0005954
2012-04-09,41000,Charter Revenue,Charter #4812 - Res #005863 - unknown,0.00,997.50,income_ledger,21311,0005954
2012-04-09,1000,Cash / Clearing,Charter #4808 - Res #005859 - unknown,997.50,0.00,income_ledger,21314,0005950
2012-04-09,41000,Charter Revenue,Charter #4808 - Res #005859 - unknown,0.00,997.50,income_ledger,21314,0005950
2012-04-09,1000,Cash / Clearing,Charter #4804 - Res #005855 - unknown,997.50,0.00,income_ledger,21316,0005946
2012-04-09,41000,Charter Revenue,Charter #4804 - Res #005855 - unknown,0.00,997.50,income_ledger,21316,0005946
2012-04-09,1000,Cash / Clearing,Charter #4805 - Res #005856 - unknown,997.50,0.00,income_ledger,21318,0005947
2012-04-09,41000,Charter Revenue,Charter #4805 - Res #005856 - unknown,0.00,997.50,income_ledger,21318,0005947
2012-04-09,1000,Cash / Clearing,Charter #4806 - Res #005857 - unknown,997.50,0.00,income_ledger,21319,0005948
2012-04-09,41000,Charter Revenue,Charter #4806 - Res #005857 - unknown,0.00,997.50,income_ledger,21319,0005948
2012-04-09,1000,Cash / Clearing,Charter #4834 - Res #005885 - unknown,997.50,0.00,income_ledger,21321,0005955
2012-04-09,41000,Charter Revenue,Charter #4834 - Res #005885 - unknown,0.00,997.50,income_ledger,21321,0005955
2012-04-09,1000,Cash / Clearing,Charter #4807 - Res #005858 - unknown,997.50,0.00,income_ledger,21322,0005949
2012-04-09,41000,Charter Revenue,Charter #4807 - Res #005858 - unknown,0.00,997.50,income_ledger,21322,0005949
2012-04-09,1000,Cash / Clearing,Charter #4799 - Res #005850 - unknown,997.50,0.00,income_ledger,21323,0005940
2012-04-09,41000,Charter Revenue,Charter #4799 - Res #005850 - unknown,0.00,997.50,income_ledger,21323,0005940
2012-04-09,1000,Cash / Clearing,Charter #4800 - Res #005851 - unknown,997.50,0.00,income_ledger,21324,0005941
2012-04-09,41000,Charter Revenue,Charter #4800 - Res #005851 - unknown,0.00,997.50,income_ledger,21324,0005941
2012-04-09,1000,Cash / Clearing,Charter #4801 - Res #005852 - unknown,997.50,0.00,income_ledger,21325,0005942
2012-04-09,41000,Charter Revenue,Charter #4801 - Res #005852 - unknown,0.00,997.50,income_ledger,21325,0005942
2012-04-09,1000,Cash / Clearing,Charter #4721 - Res #005756 - unknown,997.50,0.00,income_ledger,21336,0005925
2012-04-09,41000,Charter Revenue,Charter #4721 - Res #005756 - unknown,0.00,997.50,income_ledger,21336,0005925
2012-04-09,1000,Cash / Clearing,Charter #4719 - Res #005754 - unknown,997.50,0.00,income_ledger,21344,0005922
2012-04-09,41000,Charter Revenue,Charter #4719 - Res #005754 - unknown,0.00,997.50,income_ledger,21344,0005922
2012-04-09,1000,Cash / Clearing,Charter #4740 - Res #005775 - unknown,997.50,0.00,income_ledger,21357,0005931
2012-04-09,41000,Charter Revenue,Charter #4740 - Res #005775 - unknown,0.00,997.50,income_ledger,21357,0005931
2012-04-09,1000,Cash / Clearing,Charter #4718 - Res #005753 - unknown,997.50,0.00,income_ledger,21400,0005921
2012-04-09,41000,Charter Revenue,Charter #4718 - Res #005753 - unknown,0.00,997.50,income_ledger,21400,0005921
2012-04-09,1000,Cash / Clearing,Charter #4717 - Res #005752 - unknown,997.50,0.00,income_ledger,21403,0005920
2012-04-09,41000,Charter Revenue,Charter #4717 - Res #005752 - unknown,0.00,997.50,income_ledger,21403,0005920
2012-04-10,1000,Cash / Clearing,Charter #5053 - Res #006080 - unknown,500.00,0.00,income_ledger,19748,0005774
2012-04-10,41000,Charter Revenue,Charter #5053 - Res #006080 - unknown,0.00,500.00,income_ledger,19748,0005774
2012-04-10,1000,Cash / Clearing,Charter #5050 - Res #006077 - unknown,165.00,0.00,income_ledger,20076,0005962
2012-04-10,41000,Charter Revenue,Charter #5050 - Res #006077 - unknown,0.00,165.00,income_ledger,20076,0005962
2012-04-10,1000,Cash / Clearing,Charter #5051 - Res #006078 - unknown,157.50,0.00,income_ledger,20077,0005963
2012-04-10,41000,Charter Revenue,Charter #5051 - Res #006078 - unknown,0.00,157.50,income_ledger,20077,0005963
2012-04-10,1000,Cash / Clearing,Charter #5009 - Res #006061 - unknown,107.26,0.00,income_ledger,20078,0005964
2012-04-10,41000,Charter Revenue,Charter #5009 - Res #006061 - unknown,0.00,107.26,income_ledger,20078,0005964
2012-04-10,1000,Cash / Clearing,Charter #5008 - Res #006060 - unknown,178.74,0.00,income_ledger,20079,0005965
2012-04-10,41000,Charter Revenue,Charter #5008 - Res #006060 - unknown,0.00,178.74,income_ledger,20079,0005965
2012-04-10,1000,Cash / Clearing,Charter #5015 - Res #006067 - unknown,220.50,0.00,income_ledger,21243,0005907
2012-04-10,41000,Charter Revenue,Charter #5015 - Res #006067 - unknown,0.00,220.50,income_ledger,21243,0005907
2012-04-10,1000,Cash / Clearing,Charter #4980 - Res #006031 - unknown,265.65,0.00,income_ledger,21296,0005960
2012-04-10,41000,Charter Revenue,Charter #4980 - Res #006031 - unknown,0.00,265.65,income_ledger,21296,0005960
2012-04-12,1000,Cash / Clearing,Charter #5013 - Res #006065 - unknown,645.00,0.00,income_ledger,18950,0005775
2012-04-12,41000,Charter Revenue,Charter #5013 - Res #006065 - unknown,0.00,645.00,income_ledger,18950,0005775
2012-04-17,1000,Cash / Clearing,Charter #5011 - Res #006063 - unknown,250.00,0.00,income_ledger,19015,0005784
2012-04-17,41000,Charter Revenue,Charter #5011 - Res #006063 - unknown,0.00,250.00,income_ledger,19015,0005784
2012-04-17,1000,Cash / Clearing,Charter #5011 - Res #006063 - unknown,250.00,0.00,income_ledger,19025,0005783
2012-04-17,41000,Charter Revenue,Charter #5011 - Res #006063 - unknown,0.00,250.00,income_ledger,19025,0005783
2012-04-17,1000,Cash / Clearing,Charter #5060 - Res #006087 - unknown,105.00,0.00,income_ledger,20086,0005968
2012-04-17,41000,Charter Revenue,Charter #5060 - Res #006087 - unknown,0.00,105.00,income_ledger,20086,0005968
2012-04-17,1000,Cash / Clearing,Charter #5059 - Res #006086 - unknown,160.00,0.00,income_ledger,20087,0005969
2012-04-17,41000,Charter Revenue,Charter #5059 - Res #006086 - unknown,0.00,160.00,income_ledger,20087,0005969
2012-04-17,1000,Cash / Clearing,Charter #5054 - Res #006081 - unknown,75.00,0.00,income_ledger,20088,0005973
2012-04-17,41000,Charter Revenue,Charter #5054 - Res #006081 - unknown,0.00,75.00,income_ledger,20088,0005973
2012-04-17,1000,Cash / Clearing,Charter #5068 - Res #006095 - credit_card,2035.00,0.00,income_ledger,20593,0005788
2012-04-17,41000,Charter Revenue,Charter #5068 - Res #006095 - credit_card,0.00,2035.00,income_ledger,20593,0005788
2012-04-17,1000,Cash / Clearing,Charter #5067 - Res #006094 - unknown,250.00,0.00,income_ledger,21196,0005979
2012-04-17,41000,Charter Revenue,Charter #5067 - Res #006094 - unknown,0.00,250.00,income_ledger,21196,0005979
2012-04-17,1000,Cash / Clearing,Charter #5068 - Res #006095 - unknown,2035.00,0.00,income_ledger,21201,0005979
2012-04-17,41000,Charter Revenue,Charter #5068 - Res #006095 - unknown,0.00,2035.00,income_ledger,21201,0005979
2012-04-17,1000,Cash / Clearing,Charter #4979 - Res #006030 - unknown,265.65,0.00,income_ledger,21274,0005974
2012-04-17,41000,Charter Revenue,Charter #4979 - Res #006030 - unknown,0.00,265.65,income_ledger,21274,0005974
2012-04-17,1000,Cash / Clearing,Charter #5020 - Res #006072 - unknown,245.00,0.00,income_ledger,21282,0005978
2012-04-17,41000,Charter Revenue,Charter #5020 - Res #006072 - unknown,0.00,245.00,income_ledger,21282,0005978
2012-04-17,1000,Cash / Clearing,Charter #5056 - Res #006083 - unknown,350.00,0.00,income_ledger,21283,0005971
2012-04-17,41000,Charter Revenue,Charter #5056 - Res #006083 - unknown,0.00,350.00,income_ledger,21283,0005971
2012-04-17,1000,Cash / Clearing,Charter #5062 - Res #006089 - unknown,417.50,0.00,income_ledger,21284,0005972
2012-04-17,41000,Charter Revenue,Charter #5062 - Res #006089 - unknown,0.00,417.50,income_ledger,21284,0005972
2012-04-17,1000,Cash / Clearing,Charter #5005 - Res #006057 - unknown,250.00,0.00,income_ledger,21285,0005977
2012-04-17,41000,Charter Revenue,Charter #5005 - Res #006057 - unknown,0.00,250.00,income_ledger,21285,0005977
2012-04-17,1000,Cash / Clearing,Charter #5056 - Res #006083 - unknown,1450.00,0.00,income_ledger,21293,0005970
2012-04-17,41000,Charter Revenue,Charter #5056 - Res #006083 - unknown,0.00,1450.00,income_ledger,21293,0005970
2012-04-20,1000,Cash / Clearing,Charter #5071 - Res #006098 - cash,40.00,0.00,income_ledger,19106,0005790
2012-04-20,41000,Charter Revenue,Charter #5071 - Res #006098 - cash,0.00,40.00,income_ledger,19106,0005790
2012-04-20,1000,Cash / Clearing,Charter #5071 - Res #006098 - cash,393.12,0.00,income_ledger,19107,
2012-04-20,41000,Charter Revenue,Charter #5071 - Res #006098 - cash,0.00,393.12,income_ledger,19107,
2012-04-20,1000,Cash / Clearing,Charter #5070 - Res #006097 - unknown,175.00,0.00,income_ledger,20089,0005980
2012-04-20,41000,Charter Revenue,Charter #5070 - Res #006097 - unknown,0.00,175.00,income_ledger,20089,0005980
2012-04-20,1000,Cash / Clearing,Charter #5072 - Res #006099 - unknown,175.00,0.00,income_ledger,20090,0005982
2012-04-20,41000,Charter Revenue,Charter #5072 - Res #006099 - unknown,0.00,175.00,income_ledger,20090,0005982
2012-04-20,1000,Cash / Clearing,Charter #5073 - Res #006100 - unknown,205.00,0.00,income_ledger,21272,0005983
2012-04-20,41000,Charter Revenue,Charter #5073 - Res #006100 - unknown,0.00,205.00,income_ledger,21272,0005983
2012-04-21,1000,Cash / Clearing,Charter #5081 - Res #006108 - unknown,270.00,0.00,income_ledger,20091,0005987
2012-04-21,41000,Charter Revenue,Charter #5081 - Res #006108 - unknown,0.00,270.00,income_ledger,20091,0005987
2012-04-21,1000,Cash / Clearing,Charter #5075 - Res #006102 - unknown,500.00,0.00,income_ledger,21270,0005984
2012-04-21,41000,Charter Revenue,Charter #5075 - Res #006102 - unknown,0.00,500.00,income_ledger,21270,0005984
2012-04-21,1000,Cash / Clearing,Charter #5078 - Res #006105 - unknown,175.00,0.00,income_ledger,21271,0005985
2012-04-21,41000,Charter Revenue,Charter #5078 - Res #006105 - unknown,0.00,175.00,income_ledger,21271,0005985
2012-04-21,1000,Cash / Clearing,Charter #5080 - Res #006107 - unknown,420.00,0.00,income_ledger,21289,0005986
2012-04-21,41000,Charter Revenue,Charter #5080 - Res #006107 - unknown,0.00,420.00,income_ledger,21289,0005986
2012-04-26,1000,Cash / Clearing,Charter #5082 - Res #006109 - unknown,400.05,0.00,income_ledger,20092,0005988
2012-04-26,41000,Charter Revenue,Charter #5082 - Res #006109 - unknown,0.00,400.05,income_ledger,20092,0005988
2012-04-26,1000,Cash / Clearing,Charter #5007 - Res #006059 - unknown,365.00,0.00,income_ledger,20093,0005995
2012-04-26,41000,Charter Revenue,Charter #5007 - Res #006059 - unknown,0.00,365.00,income_ledger,20093,0005995
2012-04-26,1000,Cash / Clearing,Charter #5062 - Res #006089 - credit_card,433.13,0.00,income_ledger,20594,0005811
2012-04-26,41000,Charter Revenue,Charter #5062 - Res #006089 - credit_card,0.00,433.13,income_ledger,20594,0005811
2012-04-26,1000,Cash / Clearing,Charter #4918 - Res #005969 - unknown,173.25,0.00,income_ledger,21096,0005994
2012-04-26,41000,Charter Revenue,Charter #4918 - Res #005969 - unknown,0.00,173.25,income_ledger,21096,0005994
2012-04-26,1000,Cash / Clearing,Charter #5058 - Res #006085 - unknown,429.00,0.00,income_ledger,21244,0005991
2012-04-26,41000,Charter Revenue,Charter #5058 - Res #006085 - unknown,0.00,429.00,income_ledger,21244,0005991
2012-04-26,1000,Cash / Clearing,Charter #5092 - Res #006119 - unknown,350.00,0.00,income_ledger,21246,0005990
2012-04-26,41000,Charter Revenue,Charter #5092 - Res #006119 - unknown,0.00,350.00,income_ledger,21246,0005990
2012-04-26,1000,Cash / Clearing,Charter #5099 - Res #006126 - unknown,990.00,0.00,income_ledger,21249,0005998
2012-04-26,41000,Charter Revenue,Charter #5099 - Res #006126 - unknown,0.00,990.00,income_ledger,21249,0005998
2012-04-26,1000,Cash / Clearing,Charter #5055 - Res #006082 - unknown,683.00,0.00,income_ledger,21260,0005992
2012-04-26,41000,Charter Revenue,Charter #5055 - Res #006082 - unknown,0.00,683.00,income_ledger,21260,0005992
2012-04-26,1000,Cash / Clearing,Charter #5096 - Res #006123 - unknown,250.00,0.00,income_ledger,21261,0005993
2012-04-26,41000,Charter Revenue,Charter #5096 - Res #006123 - unknown,0.00,250.00,income_ledger,21261,0005993
2012-04-26,1000,Cash / Clearing,Charter #5066 - Res #006093 - unknown,250.00,0.00,income_ledger,21262,0005989
2012-04-26,41000,Charter Revenue,Charter #5066 - Res #006093 - unknown,0.00,250.00,income_ledger,21262,0005989
2012-04-26,1000,Cash / Clearing,Charter #5021 - Res #006127 - unknown,500.00,0.00,income_ledger,21281,0006002
2012-04-26,41000,Charter Revenue,Charter #5021 - Res #006127 - unknown,0.00,500.00,income_ledger,21281,0006002
2012-04-26,1000,Cash / Clearing,Charter #5062 - Res #006089 - unknown,-417.50,0.00,income_ledger,21305,0006000
2012-04-26,41000,Charter Revenue,Charter #5062 - Res #006089 - unknown,0.00,-417.50,income_ledger,21305,0006000
2012-04-26,1000,Cash / Clearing,Charter #5022 - Res #006128 - unknown,205.00,0.00,income_ledger,21306,0005999
2012-04-26,41000,Charter Revenue,Charter #5022 - Res #006128 - unknown,0.00,205.00,income_ledger,21306,0005999
2012-04-26,1000,Cash / Clearing,Charter #5062 - Res #006089 - unknown,433.13,0.00,income_ledger,21317,0006001
2012-04-26,41000,Charter Revenue,Charter #5062 - Res #006089 - unknown,0.00,433.13,income_ledger,21317,0006001
2012-04-26,1000,Cash / Clearing,Charter #5088 - Res #006115 - unknown,696.13,0.00,income_ledger,21550,0005997
2012-04-26,41000,Charter Revenue,Charter #5088 - Res #006115 - unknown,0.00,696.13,income_ledger,21550,0005997
2012-04-26,1000,Cash / Clearing,Charter #5065 - Res #006092 - unknown,385.00,0.00,income_ledger,21562,0007327
2012-04-26,41000,Charter Revenue,Charter #5065 - Res #006092 - unknown,0.00,385.00,income_ledger,21562,0007327
2012-04-26,1000,Cash / Clearing,Charter #5098 - Res #006125 - unknown,175.00,0.00,income_ledger,21563,0005996
2012-04-26,41000,Charter Revenue,Charter #5098 - Res #006125 - unknown,0.00,175.00,income_ledger,21563,0005996
2012-04-27,1000,Cash / Clearing,Charter #5032 - Res #006138 - unknown,205.00,0.00,income_ledger,19064,0006008
2012-04-27,41000,Charter Revenue,Charter #5032 - Res #006138 - unknown,0.00,205.00,income_ledger,19064,0006008
2012-04-27,1000,Cash / Clearing,Charter #5033 - Res #006139 - unknown,220.50,0.00,income_ledger,19066,0006009
2012-04-27,41000,Charter Revenue,Charter #5033 - Res #006139 - unknown,0.00,220.50,income_ledger,19066,0006009
2012-04-27,1000,Cash / Clearing,Charter #5029 - Res #006135 - unknown,200.00,0.00,income_ledger,20094,0006005
2012-04-27,41000,Charter Revenue,Charter #5029 - Res #006135 - unknown,0.00,200.00,income_ledger,20094,0006005
2012-04-27,1000,Cash / Clearing,Charter #5091 - Res #006118 - unknown,400.00,0.00,income_ledger,21331,0006003
2012-04-27,41000,Charter Revenue,Charter #5091 - Res #006118 - unknown,0.00,400.00,income_ledger,21331,0006003
2012-04-27,1000,Cash / Clearing,Charter #5031 - Res #006137 - unknown,200.00,0.00,income_ledger,21333,0006007
2012-04-27,41000,Charter Revenue,Charter #5031 - Res #006137 - unknown,0.00,200.00,income_ledger,21333,0006007
2012-04-27,1000,Cash / Clearing,Charter #5061 - Res #006088 - unknown,350.00,0.00,income_ledger,21343,0006011
2012-04-27,41000,Charter Revenue,Charter #5061 - Res #006088 - unknown,0.00,350.00,income_ledger,21343,0006011
2012-04-27,1000,Cash / Clearing,Charter #5089 - Res #006116 - unknown,35.00,0.00,income_ledger,21352,0006013
2012-04-27,41000,Charter Revenue,Charter #5089 - Res #006116 - unknown,0.00,35.00,income_ledger,21352,0006013
2012-04-27,1000,Cash / Clearing,Charter #5084 - Res #006111 - unknown,650.00,0.00,income_ledger,21353,0006014
2012-04-27,41000,Charter Revenue,Charter #5084 - Res #006111 - unknown,0.00,650.00,income_ledger,21353,0006014
2012-04-27,1000,Cash / Clearing,Charter #5028 - Res #006134 - unknown,205.00,0.00,income_ledger,21404,0006004
2012-04-27,41000,Charter Revenue,Charter #5028 - Res #006134 - unknown,0.00,205.00,income_ledger,21404,0006004
2012-04-27,1000,Cash / Clearing,Charter #5030 - Res #006136 - unknown,175.00,0.00,income_ledger,21437,0006006
2012-04-27,41000,Charter Revenue,Charter #5030 - Res #006136 - unknown,0.00,175.00,income_ledger,21437,0006006
2012-04-27,1000,Cash / Clearing,Charter #5089 - Res #006116 - unknown,230.00,0.00,income_ledger,21453,0006012
2012-04-27,41000,Charter Revenue,Charter #5089 - Res #006116 - unknown,0.00,230.00,income_ledger,21453,0006012
2012-04-27,1000,Cash / Clearing,Charter #5034 - Res #006140 - unknown,175.00,0.00,income_ledger,21517,0006010
2012-04-27,41000,Charter Revenue,Charter #5034 - Res #006140 - unknown,0.00,175.00,income_ledger,21517,0006010
2012-04-30,1000,Cash / Clearing,Charter #5044 - Res #006150 - unknown,400.00,0.00,income_ledger,19062,0006027
2012-04-30,41000,Charter Revenue,Charter #5044 - Res #006150 - unknown,0.00,400.00,income_ledger,19062,0006027
2012-04-30,1000,Cash / Clearing,Charter #5035 - Res #006141 - unknown,25.00,0.00,income_ledger,19075,0006023
2012-04-30,41000,Charter Revenue,Charter #5035 - Res #006141 - unknown,0.00,25.00,income_ledger,19075,0006023
2012-04-30,1000,Cash / Clearing,Charter #5035 - Res #006141 - unknown,495.00,0.00,income_ledger,19079,0006021
2012-04-30,41000,Charter Revenue,Charter #5035 - Res #006141 - unknown,0.00,495.00,income_ledger,19079,0006021
2012-04-30,1000,Cash / Clearing,Charter #5035 - Res #006141 - unknown,180.00,0.00,income_ledger,19080,0006022
2012-04-30,41000,Charter Revenue,Charter #5035 - Res #006141 - unknown,0.00,180.00,income_ledger,19080,0006022
2012-04-30,1000,Cash / Clearing,Charter #5048 - Res #006075 - unknown,490.00,0.00,income_ledger,20096,0006025
2012-04-30,41000,Charter Revenue,Charter #5048 - Res #006075 - unknown,0.00,490.00,income_ledger,20096,0006025
2012-04-30,1000,Cash / Clearing,Charter #5057 - Res #006084 - unknown,220.00,0.00,income_ledger,20097,0006028
2012-04-30,41000,Charter Revenue,Charter #5057 - Res #006084 - unknown,0.00,220.00,income_ledger,20097,0006028
2012-04-30,1000,Cash / Clearing,Charter #5078 - Res #006105 - unknown,256.00,0.00,income_ledger,20098,0006029
2012-04-30,41000,Charter Revenue,Charter #5078 - Res #006105 - unknown,0.00,256.00,income_ledger,20098,0006029
2012-04-30,1000,Cash / Clearing,Charter #5031 - Res #006137 - unknown,372.67,0.00,income_ledger,20099,0006032
2012-04-30,41000,Charter Revenue,Charter #5031 - Res #006137 - unknown,0.00,372.67,income_ledger,20099,0006032
2012-04-30,1000,Cash / Clearing,Charter #5097 - Res #006124 - unknown,231.00,0.00,income_ledger,21329,0006034
2012-04-30,41000,Charter Revenue,Charter #5097 - Res #006124 - unknown,0.00,231.00,income_ledger,21329,0006034
2012-04-30,1000,Cash / Clearing,Charter #5079 - Res #006106 - unknown,211.00,0.00,income_ledger,21334,0006030
2012-04-30,41000,Charter Revenue,Charter #5079 - Res #006106 - unknown,0.00,211.00,income_ledger,21334,0006030
2012-04-30,1000,Cash / Clearing,Charter #5088 - Res #006115 - unknown,-175.00,0.00,income_ledger,21335,0006031
2012-04-30,41000,Charter Revenue,Charter #5088 - Res #006115 - unknown,0.00,-175.00,income_ledger,21335,0006031
2012-04-30,1000,Cash / Clearing,Charter #5047 - Res #006074 - unknown,915.49,0.00,income_ledger,21340,0006035
2012-04-30,41000,Charter Revenue,Charter #5047 - Res #006074 - unknown,0.00,915.49,income_ledger,21340,0006035
2012-04-30,1000,Cash / Clearing,Charter #5025 - Res #006131 - unknown,250.00,0.00,income_ledger,21341,0006033
2012-04-30,41000,Charter Revenue,Charter #5025 - Res #006131 - unknown,0.00,250.00,income_ledger,21341,0006033
2012-04-30,1000,Cash / Clearing,Charter #5030 - Res #006136 - unknown,405.00,0.00,income_ledger,21347,0006024
2012-04-30,41000,Charter Revenue,Charter #5030 - Res #006136 - unknown,0.00,405.00,income_ledger,21347,0006024
2012-04-30,1000,Cash / Clearing,Charter #5043 - Res #006149 - unknown,246.00,0.00,income_ledger,21405,0006026
2012-04-30,41000,Charter Revenue,Charter #5043 - Res #006149 - unknown,0.00,246.00,income_ledger,21405,0006026
2012-04-30,1000,Cash / Clearing,Charter #5021 - Res #006127 - unknown,668.00,0.00,income_ledger,21504,0006017
2012-04-30,41000,Charter Revenue,Charter #5021 - Res #006127 - unknown,0.00,668.00,income_ledger,21504,0006017
2012-04-30,1000,Cash / Clearing,Charter #5024 - Res #006130 - unknown,225.00,0.00,income_ledger,21515,0006015
2012-04-30,41000,Charter Revenue,Charter #5024 - Res #006130 - unknown,0.00,225.00,income_ledger,21515,0006015
2012-04-30,1000,Cash / Clearing,Charter #5040 - Res #006146 - unknown,75.00,0.00,income_ledger,21560,0006018
2012-04-30,41000,Charter Revenue,Charter #5040 - Res #006146 - unknown,0.00,75.00,income_ledger,21560,0006018
2012-04-30,1000,Cash / Clearing,Charter #5063 - Res #006090 - unknown,125.00,0.00,income_ledger,21588,0006019
2012-04-30,41000,Charter Revenue,Charter #5063 - Res #006090 - unknown,0.00,125.00,income_ledger,21588,0006019
2012-04-30,1000,Cash / Clearing,Charter #5074 - Res #006101 - unknown,430.00,0.00,income_ledger,21605,0006020
2012-04-30,41000,Charter Revenue,Charter #5074 - Res #006101 - unknown,0.00,430.00,income_ledger,21605,0006020
2012-05-01,1000,Cash / Clearing,Charter #4680 - Res #005715 - unknown,175.00,0.00,income_ledger,18391,0005846
2012-05-01,41000,Charter Revenue,Charter #4680 - Res #005715 - unknown,0.00,175.00,income_ledger,18391,0005846
2012-05-02,1000,Cash / Clearing,Charter #5036 - Res #006142 - unknown,250.00,0.00,income_ledger,19074,0006039
2012-05-02,41000,Charter Revenue,Charter #5036 - Res #006142 - unknown,0.00,250.00,income_ledger,19074,0006039
2012-05-02,1000,Cash / Clearing,Charter #5101 - Res #006154 - unknown,195.00,0.00,income_ledger,19078,0006041
2012-05-02,41000,Charter Revenue,Charter #5101 - Res #006154 - unknown,0.00,195.00,income_ledger,19078,0006041
2012-05-02,1000,Cash / Clearing,Charter #5023 - Res #006129 - unknown,518.74,0.00,income_ledger,20100,0006038
2012-05-02,41000,Charter Revenue,Charter #5023 - Res #006129 - unknown,0.00,518.74,income_ledger,20100,0006038
2012-05-02,1000,Cash / Clearing,Charter #5100 - Res #006153 - unknown,231.00,0.00,income_ledger,21401,0006040
2012-05-02,41000,Charter Revenue,Charter #5100 - Res #006153 - unknown,0.00,231.00,income_ledger,21401,0006040
2012-05-02,1000,Cash / Clearing,Charter #5022 - Res #006128 - unknown,116.74,0.00,income_ledger,21440,0006037
2012-05-02,41000,Charter Revenue,Charter #5022 - Res #006128 - unknown,0.00,116.74,income_ledger,21440,0006037
2012-05-03,1000,Cash / Clearing,Charter #5104 - Res #006157 - unknown,200.00,0.00,income_ledger,19027,0005854
2012-05-03,41000,Charter Revenue,Charter #5104 - Res #006157 - unknown,0.00,200.00,income_ledger,19027,0005854
2012-05-03,1000,Cash / Clearing,Charter #5109 - Res #006162 - unknown,205.00,0.00,income_ledger,19063,0006046
2012-05-03,41000,Charter Revenue,Charter #5109 - Res #006162 - unknown,0.00,205.00,income_ledger,19063,0006046
2012-05-03,1000,Cash / Clearing,Charter #5114 - Res #006167 - unknown,242.50,0.00,income_ledger,20101,0006049
2012-05-03,41000,Charter Revenue,Charter #5114 - Res #006167 - unknown,0.00,242.50,income_ledger,20101,0006049
2012-05-03,1000,Cash / Clearing,Charter #5113 - Res #006166 - unknown,274.75,0.00,income_ledger,21350,0006050
2012-05-03,41000,Charter Revenue,Charter #5113 - Res #006166 - unknown,0.00,274.75,income_ledger,21350,0006050
2012-05-03,1000,Cash / Clearing,Charter #5108 - Res #006161 - unknown,175.00,0.00,income_ledger,21376,0006045
2012-05-03,41000,Charter Revenue,Charter #5108 - Res #006161 - unknown,0.00,175.00,income_ledger,21376,0006045
2012-05-03,1000,Cash / Clearing,Charter #5041 - Res #006147 - unknown,475.00,0.00,income_ledger,21392,0006042
2012-05-03,41000,Charter Revenue,Charter #5041 - Res #006147 - unknown,0.00,475.00,income_ledger,21392,0006042
2012-05-03,1000,Cash / Clearing,Charter #5037 - Res #006143 - unknown,100.00,0.00,income_ledger,21466,0006043
2012-05-03,41000,Charter Revenue,Charter #5037 - Res #006143 - unknown,0.00,100.00,income_ledger,21466,0006043
2012-05-03,1000,Cash / Clearing,Charter #5115 - Res #006168 - unknown,242.50,0.00,income_ledger,21740,0006048
2012-05-03,41000,Charter Revenue,Charter #5115 - Res #006168 - unknown,0.00,242.50,income_ledger,21740,0006048
2012-05-04,1000,Cash / Clearing,Charter #5116 - Res #006169 - unknown,400.00,0.00,income_ledger,21362,0006052
2012-05-04,41000,Charter Revenue,Charter #5116 - Res #006169 - unknown,0.00,400.00,income_ledger,21362,0006052
2012-05-04,1000,Cash / Clearing,Charter #5127 - Res #006180 - unknown,200.00,0.00,income_ledger,21363,0006053
2012-05-04,41000,Charter Revenue,Charter #5127 - Res #006180 - unknown,0.00,200.00,income_ledger,21363,0006053
2012-05-04,1000,Cash / Clearing,Charter #5064 - Res #006091 - unknown,569.25,0.00,income_ledger,21386,0006051
2012-05-04,41000,Charter Revenue,Charter #5064 - Res #006091 - unknown,0.00,569.25,income_ledger,21386,0006051
2012-05-04,1000,Cash / Clearing,Charter #5119 - Res #006172 - unknown,175.00,0.00,income_ledger,21439,0006208
2012-05-04,41000,Charter Revenue,Charter #5119 - Res #006172 - unknown,0.00,175.00,income_ledger,21439,0006208
2012-05-07,1000,Cash / Clearing,Charter #4358 - Res #005407 - unknown,884.00,0.00,income_ledger,20102,0006054
2012-05-07,41000,Charter Revenue,Charter #4358 - Res #005407 - unknown,0.00,884.00,income_ledger,20102,0006054
2012-05-08,1000,Cash / Clearing,Charter #5104 - Res #006157 - unknown,200.00,0.00,income_ledger,19028,0005870
2012-05-08,41000,Charter Revenue,Charter #5104 - Res #006157 - unknown,0.00,200.00,income_ledger,19028,0005870
2012-05-08,1000,Cash / Clearing,Charter #5104 - Res #006157 - unknown,511.25,0.00,income_ledger,19029,0005871
2012-05-08,41000,Charter Revenue,Charter #5104 - Res #006157 - unknown,0.00,511.25,income_ledger,19029,0005871
2012-05-08,1000,Cash / Clearing,Charter #5103 - Res #006156 - unknown,105.00,0.00,income_ledger,19068,0006056
2012-05-08,41000,Charter Revenue,Charter #5103 - Res #006156 - unknown,0.00,105.00,income_ledger,19068,0006056
2012-05-08,1000,Cash / Clearing,Charter #5101 - Res #006154 - unknown,435.00,0.00,income_ledger,19069,0006077
2012-05-08,41000,Charter Revenue,Charter #5101 - Res #006154 - unknown,0.00,435.00,income_ledger,19069,0006077
2012-05-08,1000,Cash / Clearing,Charter #5129 - Res #006182 - unknown,110.00,0.00,income_ledger,20103,0006055
2012-05-08,41000,Charter Revenue,Charter #5129 - Res #006182 - unknown,0.00,110.00,income_ledger,20103,0006055
2012-05-08,1000,Cash / Clearing,Charter #4866 - Res #005917 - unknown,1045.00,0.00,income_ledger,20104,0006058
2012-05-08,41000,Charter Revenue,Charter #4866 - Res #005917 - unknown,0.00,1045.00,income_ledger,20104,0006058
2012-05-08,1000,Cash / Clearing,Charter #4860 - Res #005911 - unknown,997.50,0.00,income_ledger,20105,0006059
2012-05-08,41000,Charter Revenue,Charter #4860 - Res #005911 - unknown,0.00,997.50,income_ledger,20105,0006059
2012-05-08,1000,Cash / Clearing,Charter #4861 - Res #005912 - unknown,997.50,0.00,income_ledger,20106,0006061
2012-05-08,41000,Charter Revenue,Charter #4861 - Res #005912 - unknown,0.00,997.50,income_ledger,20106,0006061
2012-05-08,1000,Cash / Clearing,Charter #4868 - Res #005919 - unknown,997.50,0.00,income_ledger,20107,0006062
2012-05-08,41000,Charter Revenue,Charter #4868 - Res #005919 - unknown,0.00,997.50,income_ledger,20107,0006062
2012-05-08,1000,Cash / Clearing,Charter #4862 - Res #005913 - unknown,997.50,0.00,income_ledger,20108,0006063
2012-05-08,41000,Charter Revenue,Charter #4862 - Res #005913 - unknown,0.00,997.50,income_ledger,20108,0006063
2012-05-08,1000,Cash / Clearing,Charter #4871 - Res #005922 - unknown,997.50,0.00,income_ledger,20109,0006068
2012-05-08,41000,Charter Revenue,Charter #4871 - Res #005922 - unknown,0.00,997.50,income_ledger,20109,0006068
2012-05-08,1000,Cash / Clearing,Charter #4865 - Res #005916 - unknown,997.50,0.00,income_ledger,20110,0006069
2012-05-08,41000,Charter Revenue,Charter #4865 - Res #005916 - unknown,0.00,997.50,income_ledger,20110,0006069
2012-05-08,1000,Cash / Clearing,Charter #4875 - Res #005926 - unknown,997.50,0.00,income_ledger,20111,0006070
2012-05-08,41000,Charter Revenue,Charter #4875 - Res #005926 - unknown,0.00,997.50,income_ledger,20111,0006070
2012-05-08,1000,Cash / Clearing,Charter #4874 - Res #005925 - unknown,997.50,0.00,income_ledger,20112,0006071
2012-05-08,41000,Charter Revenue,Charter #4874 - Res #005925 - unknown,0.00,997.50,income_ledger,20112,0006071
2012-05-08,1000,Cash / Clearing,Charter #5130 - Res #006183 - unknown,105.00,0.00,income_ledger,20113,0006073
2012-05-08,41000,Charter Revenue,Charter #5130 - Res #006183 - unknown,0.00,105.00,income_ledger,20113,0006073
2012-05-08,1000,Cash / Clearing,Charter #4867 - Res #005918 - unknown,997.50,0.00,income_ledger,21308,0006060
2012-05-08,41000,Charter Revenue,Charter #4867 - Res #005918 - unknown,0.00,997.50,income_ledger,21308,0006060
2012-05-08,1000,Cash / Clearing,Charter #4869 - Res #005920 - unknown,997.50,0.00,income_ledger,21312,0006064
2012-05-08,41000,Charter Revenue,Charter #4869 - Res #005920 - unknown,0.00,997.50,income_ledger,21312,0006064
2012-05-08,1000,Cash / Clearing,Charter #4863 - Res #005914 - unknown,997.50,0.00,income_ledger,21313,0006065
2012-05-08,41000,Charter Revenue,Charter #4863 - Res #005914 - unknown,0.00,997.50,income_ledger,21313,0006065
2012-05-08,1000,Cash / Clearing,Charter #4870 - Res #005921 - unknown,997.50,0.00,income_ledger,21315,0006066
2012-05-08,41000,Charter Revenue,Charter #4870 - Res #005921 - unknown,0.00,997.50,income_ledger,21315,0006066
2012-05-08,1000,Cash / Clearing,Charter #4859 - Res #005910 - unknown,1045.00,0.00,income_ledger,21339,0006057
2012-05-08,41000,Charter Revenue,Charter #4859 - Res #005910 - unknown,0.00,1045.00,income_ledger,21339,0006057
2012-05-08,1000,Cash / Clearing,Charter #4864 - Res #005915 - unknown,997.50,0.00,income_ledger,21368,0006067
2012-05-08,41000,Charter Revenue,Charter #4864 - Res #005915 - unknown,0.00,997.50,income_ledger,21368,0006067
2012-05-08,1000,Cash / Clearing,Charter #5109 - Res #006162 - unknown,676.00,0.00,income_ledger,21408,0006072
2012-05-08,41000,Charter Revenue,Charter #5109 - Res #006162 - unknown,0.00,676.00,income_ledger,21408,0006072
2012-05-08,1000,Cash / Clearing,Charter #5102 - Res #006155 - unknown,105.00,0.00,income_ledger,25192,
2012-05-08,41000,Charter Revenue,Charter #5102 - Res #006155 - unknown,0.00,105.00,income_ledger,25192,
2012-05-10,1000,Cash / Clearing,Charter #5132 - Res #006185 - unknown,23.00,0.00,income_ledger,19070,0006081
2012-05-10,41000,Charter Revenue,Charter #5132 - Res #006185 - unknown,0.00,23.00,income_ledger,19070,0006081
2012-05-10,1000,Cash / Clearing,Charter #5135 - Res #006188 - unknown,1228.51,0.00,income_ledger,19072,0006087
2012-05-10,41000,Charter Revenue,Charter #5135 - Res #006188 - unknown,0.00,1228.51,income_ledger,19072,0006087
2012-05-10,1000,Cash / Clearing,Charter #5034 - Res #006140 - unknown,801.00,0.00,income_ledger,19076,0006086
2012-05-10,41000,Charter Revenue,Charter #5034 - Res #006140 - unknown,0.00,801.00,income_ledger,19076,0006086
2012-05-10,1000,Cash / Clearing,Charter #5120 - Res #006173 - unknown,330.00,0.00,income_ledger,20115,0006078
2012-05-10,41000,Charter Revenue,Charter #5120 - Res #006173 - unknown,0.00,330.00,income_ledger,20115,0006078
2012-05-10,1000,Cash / Clearing,Charter #5110 - Res #006163 - unknown,863.00,0.00,income_ledger,20116,0006083
2012-05-10,41000,Charter Revenue,Charter #5110 - Res #006163 - unknown,0.00,863.00,income_ledger,20116,0006083
2012-05-10,1000,Cash / Clearing,Charter #5110 - Res #006163 - unknown,1299.45,0.00,income_ledger,20117,0006084
2012-05-10,41000,Charter Revenue,Charter #5110 - Res #006163 - unknown,0.00,1299.45,income_ledger,20117,0006084
2012-05-10,1000,Cash / Clearing,Charter #5113 - Res #006166 - unknown,110.27,0.00,income_ledger,21345,0006085
2012-05-10,41000,Charter Revenue,Charter #5113 - Res #006166 - unknown,0.00,110.27,income_ledger,21345,0006085
2012-05-10,1000,Cash / Clearing,Charter #5132 - Res #006185 - unknown,400.00,0.00,income_ledger,21365,0006080
2012-05-10,41000,Charter Revenue,Charter #5132 - Res #006185 - unknown,0.00,400.00,income_ledger,21365,0006080
2012-05-10,1000,Cash / Clearing,Charter #5028 - Res #006134 - unknown,438.50,0.00,income_ledger,21379,0006082
2012-05-10,41000,Charter Revenue,Charter #5028 - Res #006134 - unknown,0.00,438.50,income_ledger,21379,0006082
2012-05-10,1000,Cash / Clearing,Charter #5122 - Res #006175 - unknown,450.00,0.00,income_ledger,21380,0006079
2012-05-10,41000,Charter Revenue,Charter #5122 - Res #006175 - unknown,0.00,450.00,income_ledger,21380,0006079
2012-05-11,1000,Cash / Clearing,Charter #5136 - Res #006189 - unknown,1127.50,0.00,income_ledger,20118,0006088
2012-05-11,41000,Charter Revenue,Charter #5136 - Res #006189 - unknown,0.00,1127.50,income_ledger,20118,0006088
2012-05-12,1000,Cash / Clearing,Charter #5143 - Res #006196 - unknown,181.50,0.00,income_ledger,20119,0006089
2012-05-12,41000,Charter Revenue,Charter #5143 - Res #006196 - unknown,0.00,181.50,income_ledger,20119,0006089
2012-05-12,1000,Cash / Clearing,Charter #5144 - Res #006197 - unknown,718.76,0.00,income_ledger,20120,0006090
2012-05-12,41000,Charter Revenue,Charter #5144 - Res #006197 - unknown,0.00,718.76,income_ledger,20120,0006090
2012-05-14,1000,Cash / Clearing,Charter #5149 - Res #006202 - unknown,80.00,0.00,income_ledger,20121,0006091
2012-05-14,41000,Charter Revenue,Charter #5149 - Res #006202 - unknown,0.00,80.00,income_ledger,20121,0006091
2012-05-15,1000,Cash / Clearing,Charter #5105 - Res #006158 - unknown,105.00,0.00,income_ledger,19071,0006102
2012-05-15,41000,Charter Revenue,Charter #5105 - Res #006158 - unknown,0.00,105.00,income_ledger,19071,0006102
2012-05-15,1000,Cash / Clearing,Charter #5112 - Res #006165 - unknown,86.25,0.00,income_ledger,19073,0006098
2012-05-15,41000,Charter Revenue,Charter #5112 - Res #006165 - unknown,0.00,86.25,income_ledger,19073,0006098
2012-05-15,1000,Cash / Clearing,Charter #5108 - Res #006161 - unknown,624.94,0.00,income_ledger,19077,0006095
2012-05-15,41000,Charter Revenue,Charter #5108 - Res #006161 - unknown,0.00,624.94,income_ledger,19077,0006095
2012-05-15,1000,Cash / Clearing,Charter #4999 - Res #006051 - unknown,5.00,0.00,income_ledger,20122,0006094
2012-05-15,41000,Charter Revenue,Charter #4999 - Res #006051 - unknown,0.00,5.00,income_ledger,20122,0006094
2012-05-15,1000,Cash / Clearing,Charter #5106 - Res #006159 - unknown,213.75,0.00,income_ledger,20123,0006100
2012-05-15,41000,Charter Revenue,Charter #5106 - Res #006159 - unknown,0.00,213.75,income_ledger,20123,0006100
2012-05-15,1000,Cash / Clearing,Charter #5107 - Res #006160 - unknown,160.00,0.00,income_ledger,20124,0006101
2012-05-15,41000,Charter Revenue,Charter #5107 - Res #006160 - unknown,0.00,160.00,income_ledger,20124,0006101
2012-05-15,1000,Cash / Clearing,Charter #5157 - Res #006210 - unknown,175.00,0.00,income_ledger,20125,0006107
2012-05-15,41000,Charter Revenue,Charter #5157 - Res #006210 - unknown,0.00,175.00,income_ledger,20125,0006107
2012-05-15,1000,Cash / Clearing,Charter #5098 - Res #006125 - unknown,535.00,0.00,income_ledger,21349,0006106
2012-05-15,41000,Charter Revenue,Charter #5098 - Res #006125 - unknown,0.00,535.00,income_ledger,21349,0006106
2012-05-15,1000,Cash / Clearing,Charter #5156 - Res #006209 - unknown,175.00,0.00,income_ledger,21364,0006105
2012-05-15,41000,Charter Revenue,Charter #5156 - Res #006209 - unknown,0.00,175.00,income_ledger,21364,0006105
2012-05-15,1000,Cash / Clearing,Charter #5111 - Res #006164 - unknown,86.25,0.00,income_ledger,21370,0006099
2012-05-15,41000,Charter Revenue,Charter #5111 - Res #006164 - unknown,0.00,86.25,income_ledger,21370,0006099
2012-05-15,1000,Cash / Clearing,Charter #5140 - Res #006193 - unknown,48.76,0.00,income_ledger,21371,0006103
2012-05-15,41000,Charter Revenue,Charter #5140 - Res #006193 - unknown,0.00,48.76,income_ledger,21371,0006103
2012-05-15,1000,Cash / Clearing,Charter #5141 - Res #006194 - unknown,214.75,0.00,income_ledger,21373,0006104
2012-05-15,41000,Charter Revenue,Charter #5141 - Res #006194 - unknown,0.00,214.75,income_ledger,21373,0006104
2012-05-15,1000,Cash / Clearing,Charter #4999 - Res #006051 - unknown,100.00,0.00,income_ledger,21381,0006093
2012-05-15,41000,Charter Revenue,Charter #4999 - Res #006051 - unknown,0.00,100.00,income_ledger,21381,0006093
2012-05-15,1000,Cash / Clearing,Charter #5147 - Res #006200 - unknown,450.00,0.00,income_ledger,21382,0006092
2012-05-15,41000,Charter Revenue,Charter #5147 - Res #006200 - unknown,0.00,450.00,income_ledger,21382,0006092
2012-05-15,1000,Cash / Clearing,Charter #5152 - Res #006205 - unknown,175.00,0.00,income_ledger,21384,0006097
2012-05-15,41000,Charter Revenue,Charter #5152 - Res #006205 - unknown,0.00,175.00,income_ledger,21384,0006097
2012-05-15,1000,Cash / Clearing,Charter #5151 - Res #006204 - unknown,90.00,0.00,income_ledger,21385,0006096
2012-05-15,41000,Charter Revenue,Charter #5151 - Res #006204 - unknown,0.00,90.00,income_ledger,21385,0006096
2012-05-16,1000,Cash / Clearing,Charter #5158 - Res #006211 - unknown,175.00,0.00,income_ledger,19034,0005903
2012-05-16,41000,Charter Revenue,Charter #5158 - Res #006211 - unknown,0.00,175.00,income_ledger,19034,0005903
2012-05-16,1000,Cash / Clearing,Charter #5159 - Res #006212 - unknown,500.00,0.00,income_ledger,21320,0006109
2012-05-16,41000,Charter Revenue,Charter #5159 - Res #006212 - unknown,0.00,500.00,income_ledger,21320,0006109
2012-05-16,1000,Cash / Clearing,Charter #5161 - Res #006214 - unknown,205.00,0.00,income_ledger,21418,0006170
2012-05-16,41000,Charter Revenue,Charter #5161 - Res #006214 - unknown,0.00,205.00,income_ledger,21418,0006170
2012-05-16,1000,Cash / Clearing,Charter #5160 - Res #006213 - unknown,78.75,0.00,income_ledger,21420,0006169
2012-05-16,41000,Charter Revenue,Charter #5160 - Res #006213 - unknown,0.00,78.75,income_ledger,21420,0006169
2012-05-17,1000,Cash / Clearing,Charter #5134 - Res #006187 - cash,261.00,0.00,income_ledger,19434,0005911
2012-05-17,41000,Charter Revenue,Charter #5134 - Res #006187 - cash,0.00,261.00,income_ledger,19434,0005911
2012-05-17,1000,Cash / Clearing,Charter #5128 - Res #006181 - unknown,265.00,0.00,income_ledger,20095,0006172
2012-05-17,41000,Charter Revenue,Charter #5128 - Res #006181 - unknown,0.00,265.00,income_ledger,20095,0006172
2012-05-17,1000,Cash / Clearing,Charter #5142 - Res #006195 - unknown,1186.00,0.00,income_ledger,21374,0006174
2012-05-17,41000,Charter Revenue,Charter #5142 - Res #006195 - unknown,0.00,1186.00,income_ledger,21374,0006174
2012-05-17,1000,Cash / Clearing,Charter #5149 - Res #006202 - unknown,101.50,0.00,income_ledger,21377,0006173
2012-05-17,41000,Charter Revenue,Charter #5149 - Res #006202 - unknown,0.00,101.50,income_ledger,21377,0006173
2012-05-17,1000,Cash / Clearing,Charter #5145 - Res #006198 - unknown,731.25,0.00,income_ledger,21409,0006176
2012-05-17,41000,Charter Revenue,Charter #5145 - Res #006198 - unknown,0.00,731.25,income_ledger,21409,0006176
2012-05-17,1000,Cash / Clearing,Charter #5131 - Res #006184 - unknown,540.00,0.00,income_ledger,21419,0006171
2012-05-17,41000,Charter Revenue,Charter #5131 - Res #006184 - unknown,0.00,540.00,income_ledger,21419,0006171
2012-05-17,1000,Cash / Clearing,Charter #5154 - Res #006207 - unknown,175.00,0.00,income_ledger,21421,0006178
2012-05-17,41000,Charter Revenue,Charter #5154 - Res #006207 - unknown,0.00,175.00,income_ledger,21421,0006178
2012-05-17,1000,Cash / Clearing,Charter #4883 - Res #005934 - unknown,1035.00,0.00,income_ledger,21428,0006179
2012-05-17,41000,Charter Revenue,Charter #4883 - Res #005934 - unknown,0.00,1035.00,income_ledger,21428,0006179
2012-05-17,1000,Cash / Clearing,Charter #5154 - Res #006207 - unknown,1044.40,0.00,income_ledger,21434,0006177
2012-05-17,41000,Charter Revenue,Charter #5154 - Res #006207 - unknown,0.00,1044.40,income_ledger,21434,0006177
2012-05-18,1000,Cash / Clearing,Charter #5146 - Res #006199 - unknown,175.00,0.00,income_ledger,18956,0005919
2012-05-18,41000,Charter Revenue,Charter #5146 - Res #006199 - unknown,0.00,175.00,income_ledger,18956,0005919
2012-05-18,1000,Cash / Clearing,Charter #5165 - Res #006218 - unknown,78.75,0.00,income_ledger,20126,0006181
2012-05-18,41000,Charter Revenue,Charter #5165 - Res #006218 - unknown,0.00,78.75,income_ledger,20126,0006181
2012-05-18,1000,Cash / Clearing,Charter #5166 - Res #006219 - unknown,175.00,0.00,income_ledger,21372,0006182
2012-05-18,41000,Charter Revenue,Charter #5166 - Res #006219 - unknown,0.00,175.00,income_ledger,21372,0006182
2012-05-18,1000,Cash / Clearing,Charter #5155 - Res #006208 - unknown,472.50,0.00,income_ledger,21441,0006180
2012-05-18,41000,Charter Revenue,Charter #5155 - Res #006208 - unknown,0.00,472.50,income_ledger,21441,0006180
2012-05-22,1000,Cash / Clearing,Charter #5170 - Res #006223 - unknown,175.00,0.00,income_ledger,20127,0006185
2012-05-22,41000,Charter Revenue,Charter #5170 - Res #006223 - unknown,0.00,175.00,income_ledger,20127,0006185
2012-05-22,1000,Cash / Clearing,Charter #5173 - Res #006226 - unknown,1233.75,0.00,income_ledger,20128,0006188
2012-05-22,41000,Charter Revenue,Charter #5173 - Res #006226 - unknown,0.00,1233.75,income_ledger,20128,0006188
2012-05-22,1000,Cash / Clearing,Charter #5169 - Res #006222 - unknown,500.00,0.00,income_ledger,21462,0006184
2012-05-22,41000,Charter Revenue,Charter #5169 - Res #006222 - unknown,0.00,500.00,income_ledger,21462,0006184
2012-05-22,1000,Cash / Clearing,Charter #5171 - Res #006224 - unknown,175.00,0.00,income_ledger,21493,0006186
2012-05-22,41000,Charter Revenue,Charter #5171 - Res #006224 - unknown,0.00,175.00,income_ledger,21493,0006186
2012-05-22,1000,Cash / Clearing,Charter #5172 - Res #006225 - unknown,175.00,0.00,income_ledger,21520,0006187
2012-05-22,41000,Charter Revenue,Charter #5172 - Res #006225 - unknown,0.00,175.00,income_ledger,21520,0006187
2012-05-23,1000,Cash / Clearing,Charter #5162 - Res #006215 - unknown,250.00,0.00,income_ledger,20129,0006193
2012-05-23,41000,Charter Revenue,Charter #5162 - Res #006215 - unknown,0.00,250.00,income_ledger,20129,0006193
2012-05-23,1000,Cash / Clearing,Charter #5017 - Res #006069 - credit_card,951.68,0.00,income_ledger,20351,0005928
2012-05-23,41000,Charter Revenue,Charter #5017 - Res #006069 - credit_card,0.00,951.68,income_ledger,20351,0005928
2012-05-23,1000,Cash / Clearing,Charter #5150 - Res #006203 - unknown,360.00,0.00,income_ledger,21300,0006191
2012-05-23,41000,Charter Revenue,Charter #5150 - Res #006203 - unknown,0.00,360.00,income_ledger,21300,0006191
2012-05-23,1000,Cash / Clearing,Charter #5167 - Res #006220 - unknown,800.00,0.00,income_ledger,21366,0006190
2012-05-23,41000,Charter Revenue,Charter #5167 - Res #006220 - unknown,0.00,800.00,income_ledger,21366,0006190
2012-05-23,1000,Cash / Clearing,Charter #5176 - Res #006229 - unknown,205.00,0.00,income_ledger,21422,0006189
2012-05-23,41000,Charter Revenue,Charter #5176 - Res #006229 - unknown,0.00,205.00,income_ledger,21422,0006189
2012-05-23,1000,Cash / Clearing,Charter #5017 - Res #006069 - unknown,951.68,0.00,income_ledger,21430,0006192
2012-05-23,41000,Charter Revenue,Charter #5017 - Res #006069 - unknown,0.00,951.68,income_ledger,21430,0006192
2012-05-25,1000,Cash / Clearing,Charter #5179 - Res #006232 - check,1980.00,0.00,income_ledger,18832,
2012-05-25,41000,Charter Revenue,Charter #5179 - Res #006232 - check,0.00,1980.00,income_ledger,18832,
2012-05-25,1000,Cash / Clearing,Charter #5180 - Res #006233 - unknown,205.00,0.00,income_ledger,20130,0006194
2012-05-25,41000,Charter Revenue,Charter #5180 - Res #006233 - unknown,0.00,205.00,income_ledger,20130,0006194
2012-05-25,1000,Cash / Clearing,Charter #5188 - Res #006241 - unknown,500.00,0.00,income_ledger,20131,0006199
2012-05-25,41000,Charter Revenue,Charter #5188 - Res #006241 - unknown,0.00,500.00,income_ledger,20131,0006199
2012-05-25,1000,Cash / Clearing,Charter #5165 - Res #006218 - unknown,413.44,0.00,income_ledger,20132,0006200
2012-05-25,41000,Charter Revenue,Charter #5165 - Res #006218 - unknown,0.00,413.44,income_ledger,20132,0006200
2012-05-25,1000,Cash / Clearing,Charter #5187 - Res #006240 - unknown,175.00,0.00,income_ledger,21423,0006197
2012-05-25,41000,Charter Revenue,Charter #5187 - Res #006240 - unknown,0.00,175.00,income_ledger,21423,0006197
2012-05-25,1000,Cash / Clearing,Charter #5186 - Res #006239 - unknown,205.00,0.00,income_ledger,21424,0006196
2012-05-25,41000,Charter Revenue,Charter #5186 - Res #006239 - unknown,0.00,205.00,income_ledger,21424,0006196
2012-05-25,1000,Cash / Clearing,Charter #5185 - Res #006238 - unknown,145.00,0.00,income_ledger,21432,0006195
2012-05-25,41000,Charter Revenue,Charter #5185 - Res #006238 - unknown,0.00,145.00,income_ledger,21432,0006195
2012-05-28,1000,Cash / Clearing,Charter #4225 - Res #005272 - unknown,580.00,0.00,income_ledger,20133,0006201
2012-05-28,41000,Charter Revenue,Charter #4225 - Res #005272 - unknown,0.00,580.00,income_ledger,20133,0006201
2012-05-28,1000,Cash / Clearing,Charter #5166 - Res #006219 - unknown,595.00,0.00,income_ledger,20134,0006202
2012-05-28,41000,Charter Revenue,Charter #5166 - Res #006219 - unknown,0.00,595.00,income_ledger,20134,0006202
2012-05-28,1000,Cash / Clearing,Charter #5190 - Res #006243 - unknown,75.00,0.00,income_ledger,21429,0006204
2012-05-28,41000,Charter Revenue,Charter #5190 - Res #006243 - unknown,0.00,75.00,income_ledger,21429,0006204
2012-05-28,1000,Cash / Clearing,Charter #5193 - Res #006246 - unknown,0.01,0.00,income_ledger,21436,0006205
2012-05-28,41000,Charter Revenue,Charter #5193 - Res #006246 - unknown,0.00,0.01,income_ledger,21436,0006205
2012-05-28,1000,Cash / Clearing,Charter #5153 - Res #006206 - unknown,1917.73,0.00,income_ledger,21446,0006203
2012-05-28,41000,Charter Revenue,Charter #5153 - Res #006206 - unknown,0.00,1917.73,income_ledger,21446,0006203
2012-05-30,1000,Cash / Clearing,Charter #5201 - Res #006254 - unknown,78.75,0.00,income_ledger,20145,0006212
2012-05-30,41000,Charter Revenue,Charter #5201 - Res #006254 - unknown,0.00,78.75,income_ledger,20145,0006212
2012-05-30,1000,Cash / Clearing,Charter #5202 - Res #006255 - unknown,175.00,0.00,income_ledger,20146,0006213
2012-05-30,41000,Charter Revenue,Charter #5202 - Res #006255 - unknown,0.00,175.00,income_ledger,20146,0006213
2012-05-30,1000,Cash / Clearing,Charter #5200 - Res #006253 - unknown,205.00,0.00,income_ledger,21426,0006216
2012-05-30,41000,Charter Revenue,Charter #5200 - Res #006253 - unknown,0.00,205.00,income_ledger,21426,0006216
2012-05-30,1000,Cash / Clearing,Charter #5197 - Res #006250 - unknown,500.00,0.00,income_ledger,21433,0006207
2012-05-30,41000,Charter Revenue,Charter #5197 - Res #006250 - unknown,0.00,500.00,income_ledger,21433,0006207
2012-05-30,1000,Cash / Clearing,Charter #5198 - Res #006251 - unknown,0.01,0.00,income_ledger,21451,0006209
2012-05-30,41000,Charter Revenue,Charter #5198 - Res #006251 - unknown,0.00,0.01,income_ledger,21451,0006209
2012-05-30,1000,Cash / Clearing,Charter #5199 - Res #006252 - unknown,0.01,0.00,income_ledger,21535,0006210
2012-05-30,41000,Charter Revenue,Charter #5199 - Res #006252 - unknown,0.00,0.01,income_ledger,21535,0006210
2012-05-30,1000,Cash / Clearing,Charter #5203 - Res #006256 - unknown,500.00,0.00,income_ledger,21543,0006214
2012-05-30,41000,Charter Revenue,Charter #5203 - Res #006256 - unknown,0.00,500.00,income_ledger,21543,0006214
2012-05-30,1000,Cash / Clearing,Charter #5205 - Res #006258 - unknown,175.00,0.00,income_ledger,21544,0006215
2012-05-30,41000,Charter Revenue,Charter #5205 - Res #006258 - unknown,0.00,175.00,income_ledger,21544,0006215
2012-05-30,1000,Cash / Clearing,Charter #5207 - Res #006260 - unknown,0.01,0.00,income_ledger,21545,0006217
2012-05-30,41000,Charter Revenue,Charter #5207 - Res #006260 - unknown,0.00,0.01,income_ledger,21545,0006217
2012-05-30,1000,Cash / Clearing,Charter #5194 - Res #006247 - unknown,175.00,0.00,income_ledger,21722,0006206
2012-05-30,41000,Charter Revenue,Charter #5194 - Res #006247 - unknown,0.00,175.00,income_ledger,21722,0006206
2012-06-01,1000,Cash / Clearing,Charter #5213 - Res #006266 - unknown,1038.00,0.00,income_ledger,20147,0006218
2012-06-01,41000,Charter Revenue,Charter #5213 - Res #006266 - unknown,0.00,1038.00,income_ledger,20147,0006218
2012-06-01,1000,Cash / Clearing,Charter #5215 - Res #006268 - unknown,192.50,0.00,income_ledger,21435,0006220
2012-06-01,41000,Charter Revenue,Charter #5215 - Res #006268 - unknown,0.00,192.50,income_ledger,21435,0006220
2012-06-01,1000,Cash / Clearing,Charter #5204 - Res #006257 - unknown,205.00,0.00,income_ledger,21438,0006221
2012-06-01,41000,Charter Revenue,Charter #5204 - Res #006257 - unknown,0.00,205.00,income_ledger,21438,0006221
2012-06-01,1000,Cash / Clearing,Charter #5003 - Res #006055 - unknown,950.00,0.00,income_ledger,21697,0006219
2012-06-01,41000,Charter Revenue,Charter #5003 - Res #006055 - unknown,0.00,950.00,income_ledger,21697,0006219
2012-06-02,1000,Cash / Clearing,Charter #5220 - Res #006273 - unknown,50.00,0.00,income_ledger,21445,0006225
2012-06-02,41000,Charter Revenue,Charter #5220 - Res #006273 - unknown,0.00,50.00,income_ledger,21445,0006225
2012-06-02,1000,Cash / Clearing,Charter #5208 - Res #006261 - unknown,241.00,0.00,income_ledger,21448,0006224
2012-06-02,41000,Charter Revenue,Charter #5208 - Res #006261 - unknown,0.00,241.00,income_ledger,21448,0006224
2012-06-02,1000,Cash / Clearing,Charter #5216 - Res #006269 - unknown,470.00,0.00,income_ledger,21449,0006223
2012-06-02,41000,Charter Revenue,Charter #5216 - Res #006269 - unknown,0.00,470.00,income_ledger,21449,0006223
2012-06-02,1000,Cash / Clearing,Charter #5220 - Res #006273 - unknown,600.00,0.00,income_ledger,21490,0006226
2012-06-02,41000,Charter Revenue,Charter #5220 - Res #006273 - unknown,0.00,600.00,income_ledger,21490,0006226
2012-06-04,1000,Cash / Clearing,Charter #5164 - Res #006217 - unknown,265.00,0.00,income_ledger,18963,0005975
2012-06-04,41000,Charter Revenue,Charter #5164 - Res #006217 - unknown,0.00,265.00,income_ledger,18963,0005975
2012-06-04,1000,Cash / Clearing,Charter #4998 - Res #006050 - unknown,614.00,0.00,income_ledger,19020,0005768
2012-06-04,41000,Charter Revenue,Charter #4998 - Res #006050 - unknown,0.00,614.00,income_ledger,19020,0005768
2012-06-04,1000,Cash / Clearing,Charter #5090 - Res #006117 - unknown,250.00,0.00,income_ledger,19046,0005768
2012-06-04,41000,Charter Revenue,Charter #5090 - Res #006117 - unknown,0.00,250.00,income_ledger,19046,0005768
2012-06-04,1000,Cash / Clearing,Charter #5175 - Res #006228 - unknown,250.00,0.00,income_ledger,19127,0005768
2012-06-04,41000,Charter Revenue,Charter #5175 - Res #006228 - unknown,0.00,250.00,income_ledger,19127,0005768
2012-06-04,1000,Cash / Clearing,Charter #5183 - Res #006236 - unknown,0.01,0.00,income_ledger,19171,0005768
2012-06-04,41000,Charter Revenue,Charter #5183 - Res #006236 - unknown,0.00,0.01,income_ledger,19171,0005768
2012-06-04,1000,Cash / Clearing,Charter #5223 - Res #006276 - unknown,334.00,0.00,income_ledger,19197,0005768
2012-06-04,41000,Charter Revenue,Charter #5223 - Res #006276 - unknown,0.00,334.00,income_ledger,19197,0005768
2012-06-04,1000,Cash / Clearing,Charter #5225 - Res #006278 - unknown,0.01,0.00,income_ledger,19198,0005768
2012-06-04,41000,Charter Revenue,Charter #5225 - Res #006278 - unknown,0.00,0.01,income_ledger,19198,0005768
2012-06-04,1000,Cash / Clearing,Charter #5226 - Res #006279 - unknown,0.01,0.00,income_ledger,19199,0005768
2012-06-04,41000,Charter Revenue,Charter #5226 - Res #006279 - unknown,0.00,0.01,income_ledger,19199,0005768
2012-06-04,1000,Cash / Clearing,Charter #5190 - Res #006243 - unknown,772.00,0.00,income_ledger,20114,0005768
2012-06-04,41000,Charter Revenue,Charter #5190 - Res #006243 - unknown,0.00,772.00,income_ledger,20114,0005768
2012-06-04,1000,Cash / Clearing,Charter #5157 - Res #006210 - unknown,402.50,0.00,income_ledger,20149,0005767
2012-06-04,41000,Charter Revenue,Charter #5157 - Res #006210 - unknown,0.00,402.50,income_ledger,20149,0005767
2012-06-04,1000,Cash / Clearing,Charter #5222 - Res #006275 - unknown,300.00,0.00,income_ledger,20150,0005768
2012-06-04,41000,Charter Revenue,Charter #5222 - Res #006275 - unknown,0.00,300.00,income_ledger,20150,0005768
2012-06-04,1000,Cash / Clearing,Charter #5222 - Res #006275 - unknown,314.25,0.00,income_ledger,20151,0005768
2012-06-04,41000,Charter Revenue,Charter #5222 - Res #006275 - unknown,0.00,314.25,income_ledger,20151,0005768
2012-06-04,1000,Cash / Clearing,Charter #5186 - Res #006239 - unknown,1340.00,0.00,income_ledger,20152,0005768
2012-06-04,41000,Charter Revenue,Charter #5186 - Res #006239 - unknown,0.00,1340.00,income_ledger,20152,0005768
2012-06-04,1000,Cash / Clearing,Charter #5224 - Res #006277 - unknown,428.00,0.00,income_ledger,20153,0005768
2012-06-04,41000,Charter Revenue,Charter #5224 - Res #006277 - unknown,0.00,428.00,income_ledger,20153,0005768
2012-06-04,1000,Cash / Clearing,Charter #5191 - Res #006244 - unknown,250.00,0.00,income_ledger,20154,0005768
2012-06-04,41000,Charter Revenue,Charter #5191 - Res #006244 - unknown,0.00,250.00,income_ledger,20154,0005768
2012-06-04,1000,Cash / Clearing,Charter #5076 - Res #006103 - unknown,330.00,0.00,income_ledger,20155,0005768
2012-06-04,41000,Charter Revenue,Charter #5076 - Res #006103 - unknown,0.00,330.00,income_ledger,20155,0005768
2012-06-04,1000,Cash / Clearing,Charter #5163 - Res #006216 - unknown,200.00,0.00,income_ledger,20156,0005768
2012-06-04,41000,Charter Revenue,Charter #5163 - Res #006216 - unknown,0.00,200.00,income_ledger,20156,0005768
2012-06-04,1000,Cash / Clearing,Charter #5163 - Res #006216 - unknown,250.00,0.00,income_ledger,20157,0005768
2012-06-04,41000,Charter Revenue,Charter #5163 - Res #006216 - unknown,0.00,250.00,income_ledger,20157,0005768
2012-06-04,1000,Cash / Clearing,Charter #5229 - Res #006282 - unknown,40.00,0.00,income_ledger,20158,0005768
2012-06-04,41000,Charter Revenue,Charter #5229 - Res #006282 - unknown,0.00,40.00,income_ledger,20158,0005768
2012-06-04,1000,Cash / Clearing,Charter #5029 - Res #006135 - unknown,934.75,0.00,income_ledger,20159,0005768
2012-06-04,41000,Charter Revenue,Charter #5029 - Res #006135 - unknown,0.00,934.75,income_ledger,20159,0005768
2012-06-04,1000,Cash / Clearing,Charter #5232 - Res #006285 - unknown,1560.00,0.00,income_ledger,20160,0005768
2012-06-04,41000,Charter Revenue,Charter #5232 - Res #006285 - unknown,0.00,1560.00,income_ledger,20160,0005768
2012-06-04,1000,Cash / Clearing,Charter #5181 - Res #006234 - unknown,235.00,0.00,income_ledger,20779,0005768
2012-06-04,41000,Charter Revenue,Charter #5181 - Res #006234 - unknown,0.00,235.00,income_ledger,20779,0005768
2012-06-04,1000,Cash / Clearing,Charter #5188 - Res #006241 - unknown,800.00,0.00,income_ledger,20780,0005768
2012-06-04,41000,Charter Revenue,Charter #5188 - Res #006241 - unknown,0.00,800.00,income_ledger,20780,0005768
2012-06-04,1000,Cash / Clearing,Charter #5189 - Res #006242 - unknown,540.00,0.00,income_ledger,20785,0005768
2012-06-04,41000,Charter Revenue,Charter #5189 - Res #006242 - unknown,0.00,540.00,income_ledger,20785,0005768
2012-06-04,1000,Cash / Clearing,Charter #5075 - Res #006102 - unknown,514.00,0.00,income_ledger,20786,0005768
2012-06-04,41000,Charter Revenue,Charter #5075 - Res #006102 - unknown,0.00,514.00,income_ledger,20786,0005768
2012-06-04,1000,Cash / Clearing,Charter #5116 - Res #006169 - unknown,494.00,0.00,income_ledger,20787,0005768
2012-06-04,41000,Charter Revenue,Charter #5116 - Res #006169 - unknown,0.00,494.00,income_ledger,20787,0005768
2012-06-04,1000,Cash / Clearing,Charter #5227 - Res #006280 - unknown,0.01,0.00,income_ledger,20788,0005768
2012-06-04,41000,Charter Revenue,Charter #5227 - Res #006280 - unknown,0.00,0.01,income_ledger,20788,0005768
2012-06-04,1000,Cash / Clearing,Charter #5228 - Res #006281 - unknown,0.01,0.00,income_ledger,20789,0005768
2012-06-04,41000,Charter Revenue,Charter #5228 - Res #006281 - unknown,0.00,0.01,income_ledger,20789,0005768
2012-06-04,1000,Cash / Clearing,Charter #4785 - Res #005836 - unknown,800.00,0.00,income_ledger,20790,0005768
2012-06-04,41000,Charter Revenue,Charter #4785 - Res #005836 - unknown,0.00,800.00,income_ledger,20790,0005768
2012-06-04,1000,Cash / Clearing,Charter #4785 - Res #005836 - unknown,198.23,0.00,income_ledger,20792,0005768
2012-06-04,41000,Charter Revenue,Charter #4785 - Res #005836 - unknown,0.00,198.23,income_ledger,20792,0005768
2012-06-04,1000,Cash / Clearing,Charter #4796 - Res #005847 - unknown,443.75,0.00,income_ledger,20793,0005768
2012-06-04,41000,Charter Revenue,Charter #4796 - Res #005847 - unknown,0.00,443.75,income_ledger,20793,0005768
2012-06-04,1000,Cash / Clearing,Charter #5148 - Res #006201 - unknown,487.50,0.00,income_ledger,20795,0005768
2012-06-04,41000,Charter Revenue,Charter #5148 - Res #006201 - unknown,0.00,487.50,income_ledger,20795,0005768
2012-06-04,1000,Cash / Clearing,Charter #5137 - Res #006190 - unknown,2000.00,0.00,income_ledger,20796,0005768
2012-06-04,41000,Charter Revenue,Charter #5137 - Res #006190 - unknown,0.00,2000.00,income_ledger,20796,0005768
2012-06-04,1000,Cash / Clearing,Charter #5230 - Res #006283 - unknown,0.01,0.00,income_ledger,20797,0005768
2012-06-04,41000,Charter Revenue,Charter #5230 - Res #006283 - unknown,0.00,0.01,income_ledger,20797,0005768
2012-06-04,1000,Cash / Clearing,Charter #5178 - Res #006231 - unknown,702.00,0.00,income_ledger,20799,0005768
2012-06-04,41000,Charter Revenue,Charter #5178 - Res #006231 - unknown,0.00,702.00,income_ledger,20799,0005768
2012-06-04,1000,Cash / Clearing,Charter #5233 - Res #006286 - unknown,75.00,0.00,income_ledger,20800,0005768
2012-06-04,41000,Charter Revenue,Charter #5233 - Res #006286 - unknown,0.00,75.00,income_ledger,20800,0005768
2012-06-04,1000,Cash / Clearing,Charter #5182 - Res #006235 - unknown,110.00,0.00,income_ledger,21101,0005768
2012-06-04,41000,Charter Revenue,Charter #5182 - Res #006235 - unknown,0.00,110.00,income_ledger,21101,0005768
2012-06-05,1000,Cash / Clearing,Charter #5214 - Res #006267 - unknown,75.00,0.00,income_ledger,20161,0005768
2012-06-05,41000,Charter Revenue,Charter #5214 - Res #006267 - unknown,0.00,75.00,income_ledger,20161,0005768
2012-06-05,1000,Cash / Clearing,Charter #5201 - Res #006254 - unknown,86.25,0.00,income_ledger,20162,0005768
2012-06-05,41000,Charter Revenue,Charter #5201 - Res #006254 - unknown,0.00,86.25,income_ledger,20162,0005768
2012-06-05,1000,Cash / Clearing,Charter #5138 - Res #006191 - unknown,40.00,0.00,income_ledger,20801,0005768
2012-06-05,41000,Charter Revenue,Charter #5138 - Res #006191 - unknown,0.00,40.00,income_ledger,20801,0005768
2012-06-05,1000,Cash / Clearing,Charter #5212 - Res #006265 - unknown,231.00,0.00,income_ledger,20802,0005768
2012-06-05,41000,Charter Revenue,Charter #5212 - Res #006265 - unknown,0.00,231.00,income_ledger,20802,0005768
2012-06-05,1000,Cash / Clearing,Charter #5172 - Res #006225 - unknown,245.00,0.00,income_ledger,20803,0005768
2012-06-05,41000,Charter Revenue,Charter #5172 - Res #006225 - unknown,0.00,245.00,income_ledger,20803,0005768
2012-06-06,1000,Cash / Clearing,Charter #5247 - Res #006300 - unknown,210.00,0.00,income_ledger,20804,0005768
2012-06-06,41000,Charter Revenue,Charter #5247 - Res #006300 - unknown,0.00,210.00,income_ledger,20804,0005768
2012-06-07,1000,Cash / Clearing,Charter #5251 - Res #006304 - unknown,500.00,0.00,income_ledger,20163,0005768
2012-06-07,41000,Charter Revenue,Charter #5251 - Res #006304 - unknown,0.00,500.00,income_ledger,20163,0005768
2012-06-07,1000,Cash / Clearing,Charter #5253 - Res #006306 - unknown,385.00,0.00,income_ledger,21173,0005769
2012-06-07,41000,Charter Revenue,Charter #5253 - Res #006306 - unknown,0.00,385.00,income_ledger,21173,0005769
2012-06-07,1000,Cash / Clearing,Charter #5254 - Res #006307 - unknown,385.00,0.00,income_ledger,21410,0005770
2012-06-07,41000,Charter Revenue,Charter #5254 - Res #006307 - unknown,0.00,385.00,income_ledger,21410,0005770
2012-06-08,1000,Cash / Clearing,Charter #5257 - Res #006310 - unknown,500.00,0.00,income_ledger,19048,0006010
2012-06-08,41000,Charter Revenue,Charter #5257 - Res #006310 - unknown,0.00,500.00,income_ledger,19048,0006010
2012-06-08,1000,Cash / Clearing,Charter #5265 - Res #006318 - unknown,250.00,0.00,income_ledger,19083,0006018
2012-06-08,41000,Charter Revenue,Charter #5265 - Res #006318 - unknown,0.00,250.00,income_ledger,19083,0006018
2012-06-08,1000,Cash / Clearing,Charter #5258 - Res #006311 - unknown,250.00,0.00,income_ledger,19184,0006011
2012-06-08,41000,Charter Revenue,Charter #5258 - Res #006311 - unknown,0.00,250.00,income_ledger,19184,0006011
2012-06-08,1000,Cash / Clearing,Charter #5264 - Res #006317 - unknown,300.00,0.00,income_ledger,19216,0005781
2012-06-08,41000,Charter Revenue,Charter #5264 - Res #006317 - unknown,0.00,300.00,income_ledger,19216,0005781
2012-06-08,1000,Cash / Clearing,Charter #5263 - Res #006316 - credit_card,200.00,0.00,income_ledger,19436,0006016
2012-06-08,41000,Charter Revenue,Charter #5263 - Res #006316 - credit_card,0.00,200.00,income_ledger,19436,0006016
2012-06-08,1000,Cash / Clearing,Charter #5266 - Res #006319 - unknown,500.00,0.00,income_ledger,20164,0006111
2012-06-08,41000,Charter Revenue,Charter #5266 - Res #006319 - unknown,0.00,500.00,income_ledger,20164,0006111
2012-06-08,1000,Cash / Clearing,Charter #5267 - Res #006320 - unknown,205.00,0.00,income_ledger,20165,0006112
2012-06-08,41000,Charter Revenue,Charter #5267 - Res #006320 - unknown,0.00,205.00,income_ledger,20165,0006112
2012-06-08,1000,Cash / Clearing,Charter #5268 - Res #006321 - unknown,205.00,0.00,income_ledger,20166,0006113
2012-06-08,41000,Charter Revenue,Charter #5268 - Res #006321 - unknown,0.00,205.00,income_ledger,20166,0006113
2012-06-08,1000,Cash / Clearing,Charter #5269 - Res #006322 - unknown,500.00,0.00,income_ledger,20167,0006115
2012-06-08,41000,Charter Revenue,Charter #5269 - Res #006322 - unknown,0.00,500.00,income_ledger,20167,0006115
2012-06-08,1000,Cash / Clearing,Charter #5264 - Res #006317 - credit_card,300.00,0.00,income_ledger,20595,0006017
2012-06-08,41000,Charter Revenue,Charter #5264 - Res #006317 - credit_card,0.00,300.00,income_ledger,20595,0006017
2012-06-08,1000,Cash / Clearing,Charter #5255 - Res #006308 - unknown,183.25,0.00,income_ledger,21102,0005772
2012-06-08,41000,Charter Revenue,Charter #5255 - Res #006308 - unknown,0.00,183.25,income_ledger,21102,0005772
2012-06-08,1000,Cash / Clearing,Charter #5256 - Res #006309 - unknown,205.00,0.00,income_ledger,21103,0005773
2012-06-08,41000,Charter Revenue,Charter #5256 - Res #006309 - unknown,0.00,205.00,income_ledger,21103,0005773
2012-06-08,1000,Cash / Clearing,Charter #5259 - Res #006312 - unknown,500.00,0.00,income_ledger,21174,0005776
2012-06-08,41000,Charter Revenue,Charter #5259 - Res #006312 - unknown,0.00,500.00,income_ledger,21174,0005776
2012-06-08,1000,Cash / Clearing,Charter #5260 - Res #006313 - unknown,175.00,0.00,income_ledger,21175,0005777
2012-06-08,41000,Charter Revenue,Charter #5260 - Res #006313 - unknown,0.00,175.00,income_ledger,21175,0005777
2012-06-08,1000,Cash / Clearing,Charter #5261 - Res #006314 - unknown,500.00,0.00,income_ledger,21176,0005778
2012-06-08,41000,Charter Revenue,Charter #5261 - Res #006314 - unknown,0.00,500.00,income_ledger,21176,0005778
2012-06-08,1000,Cash / Clearing,Charter #5262 - Res #006315 - unknown,500.00,0.00,income_ledger,21177,0005779
2012-06-08,41000,Charter Revenue,Charter #5262 - Res #006315 - unknown,0.00,500.00,income_ledger,21177,0005779
2012-06-08,1000,Cash / Clearing,Charter #5246 - Res #006299 - unknown,205.00,0.00,income_ledger,21189,0005771
2012-06-08,41000,Charter Revenue,Charter #5246 - Res #006299 - unknown,0.00,205.00,income_ledger,21189,0005771
2012-06-08,1000,Cash / Clearing,Charter #5268 - Res #006321 - unknown,818.75,0.00,income_ledger,21337,0006114
2012-06-08,41000,Charter Revenue,Charter #5268 - Res #006321 - unknown,0.00,818.75,income_ledger,21337,0006114
2012-06-09,1000,Cash / Clearing,Charter #5185 - Res #006238 - unknown,294.00,0.00,income_ledger,21361,0006117
2012-06-09,41000,Charter Revenue,Charter #5185 - Res #006238 - unknown,0.00,294.00,income_ledger,21361,0006117
2012-06-11,1000,Cash / Clearing,Charter #5274 - Res #006327 - unknown,240.00,0.00,income_ledger,19751,0006036
2012-06-11,41000,Charter Revenue,Charter #5274 - Res #006327 - unknown,0.00,240.00,income_ledger,19751,0006036
2012-06-11,1000,Cash / Clearing,Charter #5219 - Res #006272 - unknown,82.50,0.00,income_ledger,20168,0006119
2012-06-11,41000,Charter Revenue,Charter #5219 - Res #006272 - unknown,0.00,82.50,income_ledger,20168,0006119
2012-06-11,1000,Cash / Clearing,Charter #5196 - Res #006249 - unknown,231.00,0.00,income_ledger,20169,0006120
2012-06-11,41000,Charter Revenue,Charter #5196 - Res #006249 - unknown,0.00,231.00,income_ledger,20169,0006120
2012-06-11,1000,Cash / Clearing,Charter #5271 - Res #006324 - unknown,150.00,0.00,income_ledger,20170,0006127
2012-06-11,41000,Charter Revenue,Charter #5271 - Res #006324 - unknown,0.00,150.00,income_ledger,20170,0006127
2012-06-11,1000,Cash / Clearing,Charter #5270 - Res #006323 - unknown,358.00,0.00,income_ledger,20171,0006128
2012-06-11,41000,Charter Revenue,Charter #5270 - Res #006323 - unknown,0.00,358.00,income_ledger,20171,0006128
2012-06-11,1000,Cash / Clearing,Charter #5300 - Res #006330 - unknown,262.50,0.00,income_ledger,21346,0006121
2012-06-11,41000,Charter Revenue,Charter #5300 - Res #006330 - unknown,0.00,262.50,income_ledger,21346,0006121
2012-06-11,1000,Cash / Clearing,Charter #5301 - Res #006331 - unknown,78.75,0.00,income_ledger,21348,0006118
2012-06-11,41000,Charter Revenue,Charter #5301 - Res #006331 - unknown,0.00,78.75,income_ledger,21348,0006118
2012-06-11,1000,Cash / Clearing,Charter #5246 - Res #006299 - unknown,240.00,0.00,income_ledger,21359,0006125
2012-06-11,41000,Charter Revenue,Charter #5246 - Res #006299 - unknown,0.00,240.00,income_ledger,21359,0006125
2012-06-11,1000,Cash / Clearing,Charter #5246 - Res #006299 - unknown,1125.50,0.00,income_ledger,21360,0006126
2012-06-11,41000,Charter Revenue,Charter #5246 - Res #006299 - unknown,0.00,1125.50,income_ledger,21360,0006126
2012-06-11,1000,Cash / Clearing,Charter #5245 - Res #006298 - unknown,82.50,0.00,income_ledger,21412,0006131
2012-06-11,41000,Charter Revenue,Charter #5245 - Res #006298 - unknown,0.00,82.50,income_ledger,21412,0006131
2012-06-11,1000,Cash / Clearing,Charter #5304 - Res #006334 - unknown,1155.00,0.00,income_ledger,21413,0006134
2012-06-11,41000,Charter Revenue,Charter #5304 - Res #006334 - unknown,0.00,1155.00,income_ledger,21413,0006134
2012-06-11,1000,Cash / Clearing,Charter #5273 - Res #006326 - unknown,82.50,0.00,income_ledger,21498,0006132
2012-06-11,41000,Charter Revenue,Charter #5273 - Res #006326 - unknown,0.00,82.50,income_ledger,21498,0006132
2012-06-12,1000,Cash / Clearing,Charter #5307 - Res #006337 - unknown,205.00,0.00,income_ledger,20173,0006136
2012-06-12,41000,Charter Revenue,Charter #5307 - Res #006337 - unknown,0.00,205.00,income_ledger,20173,0006136
2012-06-12,1000,Cash / Clearing,Charter #5306 - Res #006336 - unknown,205.00,0.00,income_ledger,20379,0006038
2012-06-12,41000,Charter Revenue,Charter #5306 - Res #006336 - unknown,0.00,205.00,income_ledger,20379,0006038
2012-06-12,1000,Cash / Clearing,Charter #5308 - Res #006338 - unknown,205.00,0.00,income_ledger,21279,0006137
2012-06-12,41000,Charter Revenue,Charter #5308 - Res #006338 - unknown,0.00,205.00,income_ledger,21279,0006137
2012-06-12,1000,Cash / Clearing,Charter #5309 - Res #006339 - unknown,500.00,0.00,income_ledger,21301,0006138
2012-06-12,41000,Charter Revenue,Charter #5309 - Res #006339 - unknown,0.00,500.00,income_ledger,21301,0006138
2012-06-12,1000,Cash / Clearing,Charter #5312 - Res #006342 - unknown,205.00,0.00,income_ledger,21387,0006140
2012-06-12,41000,Charter Revenue,Charter #5312 - Res #006342 - unknown,0.00,205.00,income_ledger,21387,0006140
2012-06-12,1000,Cash / Clearing,Charter #5310 - Res #006340 - unknown,487.50,0.00,income_ledger,21390,0006139
2012-06-12,41000,Charter Revenue,Charter #5310 - Res #006340 - unknown,0.00,487.50,income_ledger,21390,0006139
2012-06-12,1000,Cash / Clearing,Charter #5313 - Res #006343 - unknown,500.00,0.00,income_ledger,21393,0006141
2012-06-12,41000,Charter Revenue,Charter #5313 - Res #006343 - unknown,0.00,500.00,income_ledger,21393,0006141
2012-06-12,1000,Cash / Clearing,Charter #5316 - Res #006346 - unknown,205.00,0.00,income_ledger,21411,0006142
2012-06-12,41000,Charter Revenue,Charter #5316 - Res #006346 - unknown,0.00,205.00,income_ledger,21411,0006142
2012-06-14,1000,Cash / Clearing,Charter #5303 - Res #006333 - unknown,252.00,0.00,income_ledger,21394,0006143
2012-06-14,41000,Charter Revenue,Charter #5303 - Res #006333 - unknown,0.00,252.00,income_ledger,21394,0006143
2012-06-15,1000,Cash / Clearing,Charter #4797 - Res #005848 - unknown,590.00,0.00,income_ledger,20174,0006146
2012-06-15,41000,Charter Revenue,Charter #4797 - Res #005848 - unknown,0.00,590.00,income_ledger,20174,0006146
2012-06-15,1000,Cash / Clearing,Charter #5281 - Res #006355 - unknown,500.00,0.00,income_ledger,21332,0006145
2012-06-15,41000,Charter Revenue,Charter #5281 - Res #006355 - unknown,0.00,500.00,income_ledger,21332,0006145
2012-06-15,1000,Cash / Clearing,Charter #5285 - Res #006359 - unknown,0.01,0.00,income_ledger,21358,0006148
2012-06-15,41000,Charter Revenue,Charter #5285 - Res #006359 - unknown,0.00,0.01,income_ledger,21358,0006148
2012-06-15,1000,Cash / Clearing,Charter #5282 - Res #006356 - unknown,0.01,0.00,income_ledger,21389,0006147
2012-06-15,41000,Charter Revenue,Charter #5282 - Res #006356 - unknown,0.00,0.01,income_ledger,21389,0006147
2012-06-16,1000,Cash / Clearing,Charter #5289 - Res #006363 - unknown,165.00,0.00,income_ledger,21354,0006149
2012-06-16,41000,Charter Revenue,Charter #5289 - Res #006363 - unknown,0.00,165.00,income_ledger,21354,0006149
2012-06-18,1000,Cash / Clearing,Charter #4858 - Res #005909 - unknown,867.50,0.00,income_ledger,19033,0006062
2012-06-18,41000,Charter Revenue,Charter #4858 - Res #005909 - unknown,0.00,867.50,income_ledger,19033,0006062
2012-06-18,1000,Cash / Clearing,Charter #4955 - Res #006006 - unknown,150.00,0.00,income_ledger,20148,0006157
2012-06-18,41000,Charter Revenue,Charter #4955 - Res #006006 - unknown,0.00,150.00,income_ledger,20148,0006157
2012-06-18,1000,Cash / Clearing,Charter #5318 - Res #006348 - unknown,82.50,0.00,income_ledger,20175,0006152
2012-06-18,41000,Charter Revenue,Charter #5318 - Res #006348 - unknown,0.00,82.50,income_ledger,20175,0006152
2012-06-18,1000,Cash / Clearing,Charter #5286 - Res #006360 - unknown,82.50,0.00,income_ledger,20176,0006153
2012-06-18,41000,Charter Revenue,Charter #5286 - Res #006360 - unknown,0.00,82.50,income_ledger,20176,0006153
2012-06-18,1000,Cash / Clearing,Charter #5160 - Res #006213 - unknown,361.86,0.00,income_ledger,20177,0006154
2012-06-18,41000,Charter Revenue,Charter #5160 - Res #006213 - unknown,0.00,361.86,income_ledger,20177,0006154
2012-06-18,1000,Cash / Clearing,Charter #4700 - Res #005735 - unknown,800.38,0.00,income_ledger,20178,0006165
2012-06-18,41000,Charter Revenue,Charter #4700 - Res #005735 - unknown,0.00,800.38,income_ledger,20178,0006165
2012-06-18,1000,Cash / Clearing,Charter #5251 - Res #006304 - unknown,485.00,0.00,income_ledger,21178,0005782
2012-06-18,41000,Charter Revenue,Charter #5251 - Res #006304 - unknown,0.00,485.00,income_ledger,21178,0005782
2012-06-18,1000,Cash / Clearing,Charter #5289 - Res #006363 - unknown,520.63,0.00,income_ledger,21355,0006150
2012-06-18,41000,Charter Revenue,Charter #5289 - Res #006363 - unknown,0.00,520.63,income_ledger,21355,0006150
2012-06-18,1000,Cash / Clearing,Charter #5283 - Res #006357 - unknown,200.00,0.00,income_ledger,21356,0006151
2012-06-18,41000,Charter Revenue,Charter #5283 - Res #006357 - unknown,0.00,200.00,income_ledger,21356,0006151
2012-06-18,1000,Cash / Clearing,Charter #5215 - Res #006268 - unknown,17.18,0.00,income_ledger,21367,0006161
2012-06-18,41000,Charter Revenue,Charter #5215 - Res #006268 - unknown,0.00,17.18,income_ledger,21367,0006161
2012-06-18,1000,Cash / Clearing,Charter #5206 - Res #006259 - unknown,260.00,0.00,income_ledger,21369,0006158
2012-06-18,41000,Charter Revenue,Charter #5206 - Res #006259 - unknown,0.00,260.00,income_ledger,21369,0006158
2012-06-18,1000,Cash / Clearing,Charter #5205 - Res #006258 - unknown,1092.50,0.00,income_ledger,21375,0006160
2012-06-18,41000,Charter Revenue,Charter #5205 - Res #006258 - unknown,0.00,1092.50,income_ledger,21375,0006160
2012-06-18,1000,Cash / Clearing,Charter #5200 - Res #006253 - unknown,414.32,0.00,income_ledger,21378,0006163
2012-06-18,41000,Charter Revenue,Charter #5200 - Res #006253 - unknown,0.00,414.32,income_ledger,21378,0006163
2012-06-18,1000,Cash / Clearing,Charter #5290 - Res #006364 - unknown,500.00,0.00,income_ledger,21383,0006163
2012-06-18,41000,Charter Revenue,Charter #5290 - Res #006364 - unknown,0.00,500.00,income_ledger,21383,0006163
2012-06-18,1000,Cash / Clearing,Charter #5215 - Res #006268 - unknown,10.00,0.00,income_ledger,21391,0006162
2012-06-18,41000,Charter Revenue,Charter #5215 - Res #006268 - unknown,0.00,10.00,income_ledger,21391,0006162
2012-06-18,1000,Cash / Clearing,Charter #5305 - Res #006335 - unknown,742.50,0.00,income_ledger,21395,0006167
2012-06-18,41000,Charter Revenue,Charter #5305 - Res #006335 - unknown,0.00,742.50,income_ledger,21395,0006167
2012-06-18,1000,Cash / Clearing,Charter #5187 - Res #006240 - unknown,479.00,0.00,income_ledger,21396,0006168
2012-06-18,41000,Charter Revenue,Charter #5187 - Res #006240 - unknown,0.00,479.00,income_ledger,21396,0006168
2012-06-18,1000,Cash / Clearing,Charter #5252 - Res #006305 - unknown,526.00,0.00,income_ledger,21397,0006155
2012-06-18,41000,Charter Revenue,Charter #5252 - Res #006305 - unknown,0.00,526.00,income_ledger,21397,0006155
2012-06-18,1000,Cash / Clearing,Charter #4955 - Res #006006 - unknown,950.00,0.00,income_ledger,21415,0006156
2012-06-18,41000,Charter Revenue,Charter #4955 - Res #006006 - unknown,0.00,950.00,income_ledger,21415,0006156
2012-06-18,1000,Cash / Clearing,Charter #5291 - Res #006365 - unknown,0.01,0.00,income_ledger,21417,0006164
2012-06-18,41000,Charter Revenue,Charter #5291 - Res #006365 - unknown,0.00,0.01,income_ledger,21417,0006164
2012-06-19,1000,Cash / Clearing,Charter #5158 - Res #006211 - unknown,-364.75,0.00,income_ledger,19035,0006076
2012-06-19,41000,Charter Revenue,Charter #5158 - Res #006211 - unknown,0.00,-364.75,income_ledger,19035,0006076
2012-06-19,1000,Cash / Clearing,Charter #5158 - Res #006211 - unknown,759.00,0.00,income_ledger,19749,0006074
2012-06-19,41000,Charter Revenue,Charter #5158 - Res #006211 - unknown,0.00,759.00,income_ledger,19749,0006074
2012-06-19,1000,Cash / Clearing,Charter #5197 - Res #006250 - unknown,572.50,0.00,income_ledger,21158,0005785
2012-06-19,41000,Charter Revenue,Charter #5197 - Res #006250 - unknown,0.00,572.50,income_ledger,21158,0005785
2012-06-19,1000,Cash / Clearing,Charter #5296 - Res #006370 - unknown,100.00,0.00,income_ledger,21179,0005787
2012-06-19,41000,Charter Revenue,Charter #5296 - Res #006370 - unknown,0.00,100.00,income_ledger,21179,0005787
2012-06-19,1000,Cash / Clearing,Charter #5297 - Res #006371 - unknown,288.74,0.00,income_ledger,21180,0005788
2012-06-19,41000,Charter Revenue,Charter #5297 - Res #006371 - unknown,0.00,288.74,income_ledger,21180,0005788
2012-06-19,1000,Cash / Clearing,Charter #5319 - Res #006372 - unknown,288.74,0.00,income_ledger,21181,0005789
2012-06-19,41000,Charter Revenue,Charter #5319 - Res #006372 - unknown,0.00,288.74,income_ledger,21181,0005789
2012-06-19,1000,Cash / Clearing,Charter #5138 - Res #006191 - unknown,750.00,0.00,income_ledger,21188,0005783
2012-06-19,41000,Charter Revenue,Charter #5138 - Res #006191 - unknown,0.00,750.00,income_ledger,21188,0005783
2012-06-22,1000,Cash / Clearing,Charter #5119 - Res #006172 - unknown,139.99,0.00,income_ledger,19061,0005798
2012-06-22,41000,Charter Revenue,Charter #5119 - Res #006172 - unknown,0.00,139.99,income_ledger,19061,0005798
2012-06-22,1000,Cash / Clearing,Charter #5293 - Res #006367 - unknown,105.00,0.00,income_ledger,19236,0005790
2012-06-22,41000,Charter Revenue,Charter #5293 - Res #006367 - unknown,0.00,105.00,income_ledger,19236,0005790
2012-06-22,1000,Cash / Clearing,Charter #5327 - Res #006380 - unknown,205.00,0.00,income_ledger,19237,0005794
2012-06-22,41000,Charter Revenue,Charter #5327 - Res #006380 - unknown,0.00,205.00,income_ledger,19237,0005794
2012-06-22,1000,Cash / Clearing,Charter #5269 - Res #006322 - unknown,820.00,0.00,income_ledger,20179,0005792
2012-06-22,41000,Charter Revenue,Charter #5269 - Res #006322 - unknown,0.00,820.00,income_ledger,20179,0005792
2012-06-22,1000,Cash / Clearing,Charter #5324 - Res #006377 - unknown,175.00,0.00,income_ledger,20180,0005793
2012-06-22,41000,Charter Revenue,Charter #5324 - Res #006377 - unknown,0.00,175.00,income_ledger,20180,0005793
2012-06-22,1000,Cash / Clearing,Charter #5330 - Res #006383 - unknown,220.00,0.00,income_ledger,20181,0005796
2012-06-22,41000,Charter Revenue,Charter #5330 - Res #006383 - unknown,0.00,220.00,income_ledger,20181,0005796
2012-06-22,1000,Cash / Clearing,Charter #5320 - Res #006373 - unknown,82.50,0.00,income_ledger,21182,0005797
2012-06-22,41000,Charter Revenue,Charter #5320 - Res #006373 - unknown,0.00,82.50,income_ledger,21182,0005797
2012-06-22,1000,Cash / Clearing,Charter #5292 - Res #006366 - unknown,210.00,0.00,income_ledger,21191,0005800
2012-06-22,41000,Charter Revenue,Charter #5292 - Res #006366 - unknown,0.00,210.00,income_ledger,21191,0005800
2012-06-22,1000,Cash / Clearing,Charter #5171 - Res #006224 - unknown,471.00,0.00,income_ledger,21195,0005795
2012-06-22,41000,Charter Revenue,Charter #5171 - Res #006224 - unknown,0.00,471.00,income_ledger,21195,0005795
2012-06-22,1000,Cash / Clearing,Charter #5294 - Res #006368 - unknown,1725.00,0.00,income_ledger,21203,0005799
2012-06-22,41000,Charter Revenue,Charter #5294 - Res #006368 - unknown,0.00,1725.00,income_ledger,21203,0005799
2012-06-22,1000,Cash / Clearing,Charter #5296 - Res #006370 - unknown,136.37,0.00,income_ledger,21388,0005791
2012-06-22,41000,Charter Revenue,Charter #5296 - Res #006370 - unknown,0.00,136.37,income_ledger,21388,0005791
2012-06-25,1000,Cash / Clearing,Charter #5290 - Res #006364 - unknown,968.39,0.00,income_ledger,13341,
2012-06-25,41000,Charter Revenue,Charter #5290 - Res #006364 - unknown,0.00,968.39,income_ledger,13341,
2012-06-25,1000,Cash / Clearing,Charter #4680 - Res #005715 - unknown,1485.67,0.00,income_ledger,18600,0006102
2012-06-25,41000,Charter Revenue,Charter #4680 - Res #005715 - unknown,0.00,1485.67,income_ledger,18600,0006102
2012-06-25,1000,Cash / Clearing,Charter #4681 - Res #005716 - unknown,286.00,0.00,income_ledger,20182,0005813
2012-06-25,41000,Charter Revenue,Charter #4681 - Res #005716 - unknown,0.00,286.00,income_ledger,20182,0005813
2012-06-25,1000,Cash / Clearing,Charter #5319 - Res #006372 - unknown,57.76,0.00,income_ledger,21104,0005803
2012-06-25,41000,Charter Revenue,Charter #5319 - Res #006372 - unknown,0.00,57.76,income_ledger,21104,0005803
2012-06-25,1000,Cash / Clearing,Charter #5336 - Res #006389 - unknown,175.00,0.00,income_ledger,21105,0005804
2012-06-25,41000,Charter Revenue,Charter #5336 - Res #006389 - unknown,0.00,175.00,income_ledger,21105,0005804
2012-06-25,1000,Cash / Clearing,Charter #5297 - Res #006371 - unknown,252.02,0.00,income_ledger,21183,0005802
2012-06-25,41000,Charter Revenue,Charter #5297 - Res #006371 - unknown,0.00,252.02,income_ledger,21183,0005802
2012-06-25,1000,Cash / Clearing,Charter #5337 - Res #006390 - unknown,552.00,0.00,income_ledger,21184,0005805
2012-06-25,41000,Charter Revenue,Charter #5337 - Res #006390 - unknown,0.00,552.00,income_ledger,21184,0005805
2012-06-25,1000,Cash / Clearing,Charter #4766 - Res #005817 - unknown,593.00,0.00,income_ledger,21193,0005801
2012-06-25,41000,Charter Revenue,Charter #4766 - Res #005817 - unknown,0.00,593.00,income_ledger,21193,0005801
2012-06-25,1000,Cash / Clearing,Charter #5326 - Res #006379 - unknown,585.00,0.00,income_ledger,21200,0005809
2012-06-25,41000,Charter Revenue,Charter #5326 - Res #006379 - unknown,0.00,585.00,income_ledger,21200,0005809
2012-06-25,1000,Cash / Clearing,Charter #5338 - Res #006391 - unknown,0.01,0.00,income_ledger,21202,0005811
2012-06-25,41000,Charter Revenue,Charter #5338 - Res #006391 - unknown,0.00,0.01,income_ledger,21202,0005811
2012-06-25,1000,Cash / Clearing,Charter #5333 - Res #006386 - unknown,540.00,0.00,income_ledger,21204,0005807
2012-06-25,41000,Charter Revenue,Charter #5333 - Res #006386 - unknown,0.00,540.00,income_ledger,21204,0005807
2012-06-25,1000,Cash / Clearing,Charter #5325 - Res #006378 - unknown,300.00,0.00,income_ledger,21276,0005808
2012-06-25,41000,Charter Revenue,Charter #5325 - Res #006378 - unknown,0.00,300.00,income_ledger,21276,0005808
2012-06-25,1000,Cash / Clearing,Charter #5335 - Res #006388 - unknown,204.75,0.00,income_ledger,21634,0005806
2012-06-25,41000,Charter Revenue,Charter #5335 - Res #006388 - unknown,0.00,204.75,income_ledger,21634,0005806
2012-06-26,1000,Cash / Clearing,Charter #5288 - Res #006362 - unknown,235.75,0.00,income_ledger,19235,0005828
2012-06-26,41000,Charter Revenue,Charter #5288 - Res #006362 - unknown,0.00,235.75,income_ledger,19235,0005828
2012-06-26,1000,Cash / Clearing,Charter #4515 - Res #005565 - unknown,1000.00,0.00,income_ledger,19752,0006111
2012-06-26,41000,Charter Revenue,Charter #4515 - Res #005565 - unknown,0.00,1000.00,income_ledger,19752,0006111
2012-06-26,1000,Cash / Clearing,Charter #4515 - Res #005565 - unknown,480.00,0.00,income_ledger,19753,0006112
2012-06-26,41000,Charter Revenue,Charter #4515 - Res #005565 - unknown,0.00,480.00,income_ledger,19753,0006112
2012-06-26,1000,Cash / Clearing,Charter #5306 - Res #006336 - unknown,345.00,0.00,income_ledger,19754,0006120
2012-06-26,41000,Charter Revenue,Charter #5306 - Res #006336 - unknown,0.00,345.00,income_ledger,19754,0006120
2012-06-26,1000,Cash / Clearing,Charter #5327 - Res #006380 - unknown,523.90,0.00,income_ledger,20183,0005814
2012-06-26,41000,Charter Revenue,Charter #5327 - Res #006380 - unknown,0.00,523.90,income_ledger,20183,0005814
2012-06-26,1000,Cash / Clearing,Charter #5284 - Res #006358 - unknown,881.00,0.00,income_ledger,20184,0005815
2012-06-26,41000,Charter Revenue,Charter #5284 - Res #006358 - unknown,0.00,881.00,income_ledger,20184,0005815
2012-06-26,1000,Cash / Clearing,Charter #5298 - Res #006328 - unknown,175.00,0.00,income_ledger,20185,0005823
2012-06-26,41000,Charter Revenue,Charter #5298 - Res #006328 - unknown,0.00,175.00,income_ledger,20185,0005823
2012-06-26,1000,Cash / Clearing,Charter #5298 - Res #006328 - unknown,488.00,0.00,income_ledger,20186,0005824
2012-06-26,41000,Charter Revenue,Charter #5298 - Res #006328 - unknown,0.00,488.00,income_ledger,20186,0005824
2012-06-26,1000,Cash / Clearing,Charter #5298 - Res #006328 - unknown,385.00,0.00,income_ledger,20187,0005825
2012-06-26,41000,Charter Revenue,Charter #5298 - Res #006328 - unknown,0.00,385.00,income_ledger,20187,0005825
2012-06-26,1000,Cash / Clearing,Charter #5287 - Res #006361 - unknown,264.26,0.00,income_ledger,20188,0005830
2012-06-26,41000,Charter Revenue,Charter #5287 - Res #006361 - unknown,0.00,264.26,income_ledger,20188,0005830
2012-06-26,1000,Cash / Clearing,Charter #5340 - Res #006393 - unknown,603.00,0.00,income_ledger,20189,0005832
2012-06-26,41000,Charter Revenue,Charter #5340 - Res #006393 - unknown,0.00,603.00,income_ledger,20189,0005832
2012-06-26,1000,Cash / Clearing,Charter #5339 - Res #006392 - credit_card,420.00,0.00,income_ledger,20394,0006110
2012-06-26,41000,Charter Revenue,Charter #5339 - Res #006392 - credit_card,0.00,420.00,income_ledger,20394,0006110
2012-06-26,1000,Cash / Clearing,Charter #4729 - Res #005764 - unknown,1150.80,0.00,income_ledger,21107,0005837
2012-06-26,41000,Charter Revenue,Charter #4729 - Res #005764 - unknown,0.00,1150.80,income_ledger,21107,0005837
2012-06-26,1000,Cash / Clearing,Charter #5287 - Res #006361 - unknown,175.00,0.00,income_ledger,21185,0005829
2012-06-26,41000,Charter Revenue,Charter #5287 - Res #006361 - unknown,0.00,175.00,income_ledger,21185,0005829
2012-06-26,1000,Cash / Clearing,Charter #5256 - Res #006309 - unknown,335.26,0.00,income_ledger,21192,0005838
2012-06-26,41000,Charter Revenue,Charter #5256 - Res #006309 - unknown,0.00,335.26,income_ledger,21192,0005838
2012-06-26,1000,Cash / Clearing,Charter #4788 - Res #005839 - unknown,1724.00,0.00,income_ledger,21194,0005836
2012-06-26,41000,Charter Revenue,Charter #4788 - Res #005839 - unknown,0.00,1724.00,income_ledger,21194,0005836
2012-06-26,1000,Cash / Clearing,Charter #5322 - Res #006375 - unknown,250.00,0.00,income_ledger,21199,0005834
2012-06-26,41000,Charter Revenue,Charter #5322 - Res #006375 - unknown,0.00,250.00,income_ledger,21199,0005834
2012-06-26,1000,Cash / Clearing,Charter #5184 - Res #006237 - unknown,2018.25,0.00,income_ledger,21207,0005827
2012-06-26,41000,Charter Revenue,Charter #5184 - Res #006237 - unknown,0.00,2018.25,income_ledger,21207,0005827
2012-06-26,1000,Cash / Clearing,Charter #5203 - Res #006256 - unknown,788.00,0.00,income_ledger,21209,0005819
2012-06-26,41000,Charter Revenue,Charter #5203 - Res #006256 - unknown,0.00,788.00,income_ledger,21209,0005819
2012-06-26,1000,Cash / Clearing,Charter #5176 - Res #006229 - unknown,263.00,0.00,income_ledger,21211,0005817
2012-06-26,41000,Charter Revenue,Charter #5176 - Res #006229 - unknown,0.00,263.00,income_ledger,21211,0005817
2012-06-26,1000,Cash / Clearing,Charter #5341 - Res #006394 - unknown,250.00,0.00,income_ledger,21212,0005833
2012-06-26,41000,Charter Revenue,Charter #5341 - Res #006394 - unknown,0.00,250.00,income_ledger,21212,0005833
2012-06-26,1000,Cash / Clearing,Charter #5176 - Res #006229 - unknown,105.00,0.00,income_ledger,21213,0005816
2012-06-26,41000,Charter Revenue,Charter #5176 - Res #006229 - unknown,0.00,105.00,income_ledger,21213,0005816
2012-06-26,1000,Cash / Clearing,Charter #5280 - Res #006354 - unknown,250.00,0.00,income_ledger,21214,0005835
2012-06-26,41000,Charter Revenue,Charter #5280 - Res #006354 - unknown,0.00,250.00,income_ledger,21214,0005835
2012-06-26,1000,Cash / Clearing,Charter #5339 - Res #006392 - unknown,420.00,0.00,income_ledger,21242,0005820
2012-06-26,41000,Charter Revenue,Charter #5339 - Res #006392 - unknown,0.00,420.00,income_ledger,21242,0005820
2012-06-26,1000,Cash / Clearing,Charter #5204 - Res #006257 - unknown,633.50,0.00,income_ledger,21494,0005818
2012-06-26,41000,Charter Revenue,Charter #5204 - Res #006257 - unknown,0.00,633.50,income_ledger,21494,0005818
2012-06-26,1000,Cash / Clearing,Charter #4188 - Res #005234 - unknown,629.39,0.00,income_ledger,21502,0006128
2012-06-26,41000,Charter Revenue,Charter #4188 - Res #005234 - unknown,0.00,629.39,income_ledger,21502,0006128
2012-06-27,1000,Cash / Clearing,Charter #5311 - Res #006341 - unknown,1000.00,0.00,income_ledger,21106,0006131
2012-06-27,41000,Charter Revenue,Charter #5311 - Res #006341 - unknown,0.00,1000.00,income_ledger,21106,0006131
2012-06-27,1000,Cash / Clearing,Charter #4360 - Res #005409 - unknown,845.50,0.00,income_ledger,21471,0006230
2012-06-27,41000,Charter Revenue,Charter #4360 - Res #005409 - unknown,0.00,845.50,income_ledger,21471,0006230
2012-06-27,1000,Cash / Clearing,Charter #5170 - Res #006223 - unknown,198.44,0.00,income_ledger,21472,0006231
2012-06-27,41000,Charter Revenue,Charter #5170 - Res #006223 - unknown,0.00,198.44,income_ledger,21472,0006231
2012-06-28,1000,Cash / Clearing,Charter #4763 - Res #005814 - unknown,497.00,0.00,income_ledger,19031,0006137
2012-06-28,41000,Charter Revenue,Charter #4763 - Res #005814 - unknown,0.00,497.00,income_ledger,19031,0006137
2012-06-28,1000,Cash / Clearing,Charter #5211 - Res #006264 - unknown,348.50,0.00,income_ledger,19036,0006136
2012-06-28,41000,Charter Revenue,Charter #5211 - Res #006264 - unknown,0.00,348.50,income_ledger,19036,0006136
2012-06-28,1000,Cash / Clearing,Charter #5311 - Res #006341 - unknown,906.00,0.00,income_ledger,19207,0006134
2012-06-28,41000,Charter Revenue,Charter #5311 - Res #006341 - unknown,0.00,906.00,income_ledger,19207,0006134
2012-06-28,1000,Cash / Clearing,Charter #5348 - Res #006401 - unknown,301.25,0.00,income_ledger,19252,0006237
2012-06-28,41000,Charter Revenue,Charter #5348 - Res #006401 - unknown,0.00,301.25,income_ledger,19252,0006237
2012-06-28,1000,Cash / Clearing,Charter #5211 - Res #006264 - unknown,205.00,0.00,income_ledger,19750,0006135
2012-06-28,41000,Charter Revenue,Charter #5211 - Res #006264 - unknown,0.00,205.00,income_ledger,19750,0006135
2012-06-28,1000,Cash / Clearing,Charter #5343 - Res #006396 - unknown,540.00,0.00,income_ledger,20172,0006238
2012-06-28,41000,Charter Revenue,Charter #5343 - Res #006396 - unknown,0.00,540.00,income_ledger,20172,0006238
2012-06-29,1000,Cash / Clearing,Charter #5346 - Res #006399 - unknown,192.50,0.00,income_ledger,19255,0006239
2012-06-29,41000,Charter Revenue,Charter #5346 - Res #006399 - unknown,0.00,192.50,income_ledger,19255,0006239
2012-06-29,1000,Cash / Clearing,Charter #5050 - Res #006077 - unknown,196.50,0.00,income_ledger,20191,0006240
2012-06-29,41000,Charter Revenue,Charter #5050 - Res #006077 - unknown,0.00,196.50,income_ledger,20191,0006240
2012-06-29,1000,Cash / Clearing,Charter #5344 - Res #006397 - unknown,181.50,0.00,income_ledger,20192,0006241
2012-06-29,41000,Charter Revenue,Charter #5344 - Res #006397 - unknown,0.00,181.50,income_ledger,20192,0006241
2012-06-29,1000,Cash / Clearing,Charter #5261 - Res #006314 - unknown,150.00,0.00,income_ledger,20194,0006247
2012-06-29,41000,Charter Revenue,Charter #5261 - Res #006314 - unknown,0.00,150.00,income_ledger,20194,0006247
2012-06-29,1000,Cash / Clearing,Charter #5261 - Res #006314 - unknown,367.40,0.00,income_ledger,20195,0006248
2012-06-29,41000,Charter Revenue,Charter #5261 - Res #006314 - unknown,0.00,367.40,income_ledger,20195,0006248
2012-06-29,1000,Cash / Clearing,Charter #5261 - Res #006314 - unknown,49.80,0.00,income_ledger,20196,0006249
2012-06-29,41000,Charter Revenue,Charter #5261 - Res #006314 - unknown,0.00,49.80,income_ledger,20196,0006249
2012-06-29,1000,Cash / Clearing,Charter #5358 - Res #006411 - unknown,0.01,0.00,income_ledger,21447,0006250
2012-06-29,41000,Charter Revenue,Charter #5358 - Res #006411 - unknown,0.00,0.01,income_ledger,21447,0006250
2012-06-29,1000,Cash / Clearing,Charter #4910 - Res #005961 - unknown,916.25,0.00,income_ledger,21452,0006246
2012-06-29,41000,Charter Revenue,Charter #4910 - Res #005961 - unknown,0.00,916.25,income_ledger,21452,0006246
2012-06-29,1000,Cash / Clearing,Charter #5308 - Res #006338 - unknown,9.31,0.00,income_ledger,21454,0006245
2012-06-29,41000,Charter Revenue,Charter #5308 - Res #006338 - unknown,0.00,9.31,income_ledger,21454,0006245
2012-06-29,1000,Cash / Clearing,Charter #5247 - Res #006300 - unknown,409.98,0.00,income_ledger,21455,0006243
2012-06-29,41000,Charter Revenue,Charter #5247 - Res #006300 - unknown,0.00,409.98,income_ledger,21455,0006243
2012-06-29,1000,Cash / Clearing,Charter #5308 - Res #006338 - unknown,250.00,0.00,income_ledger,24696,
2012-06-29,41000,Charter Revenue,Charter #5308 - Res #006338 - unknown,0.00,250.00,income_ledger,24696,
2012-06-30,1000,Cash / Clearing,Charter #5356 - Res #006409 - unknown,600.60,0.00,income_ledger,20197,0006252
2012-06-30,41000,Charter Revenue,Charter #5356 - Res #006409 - unknown,0.00,600.60,income_ledger,20197,0006252
2012-06-30,1000,Cash / Clearing,Charter #5324 - Res #006377 - unknown,210.00,0.00,income_ledger,20198,0006253
2012-06-30,41000,Charter Revenue,Charter #5324 - Res #006377 - unknown,0.00,210.00,income_ledger,20198,0006253
2012-06-30,1000,Cash / Clearing,Charter #5336 - Res #006389 - unknown,245.00,0.00,income_ledger,20611,
2012-06-30,41000,Charter Revenue,Charter #5336 - Res #006389 - unknown,0.00,245.00,income_ledger,20611,
2012-07-01,1000,Cash / Clearing,Charter #4794 - Res #005845 - unknown,1187.85,0.00,income_ledger,20199,0006254
2012-07-01,41000,Charter Revenue,Charter #4794 - Res #005845 - unknown,0.00,1187.85,income_ledger,20199,0006254
2012-07-02,1000,Cash / Clearing,Charter #5357 - Res #006410 - unknown,567.00,0.00,income_ledger,19253,0006264
2012-07-02,41000,Charter Revenue,Charter #5357 - Res #006410 - unknown,0.00,567.00,income_ledger,19253,0006264
2012-07-02,1000,Cash / Clearing,Charter #5357 - Res #006410 - unknown,30.00,0.00,income_ledger,19254,0006264
2012-07-02,41000,Charter Revenue,Charter #5357 - Res #006410 - unknown,0.00,30.00,income_ledger,19254,0006264
2012-07-02,1000,Cash / Clearing,Charter #4361 - Res #005410 - credit_card,893.75,0.00,income_ledger,19408,0006177
2012-07-02,41000,Charter Revenue,Charter #4361 - Res #005410 - credit_card,0.00,893.75,income_ledger,19408,0006177
2012-07-02,1000,Cash / Clearing,Charter #5275 - Res #006349 - credit_card,175.00,0.00,income_ledger,19438,0006165
2012-07-02,41000,Charter Revenue,Charter #5275 - Res #006349 - credit_card,0.00,175.00,income_ledger,19438,0006165
2012-07-02,1000,Cash / Clearing,Charter #5275 - Res #006349 - cash,200.00,0.00,income_ledger,19439,0006166
2012-07-02,41000,Charter Revenue,Charter #5275 - Res #006349 - cash,0.00,200.00,income_ledger,19439,0006166
2012-07-02,1000,Cash / Clearing,Charter #5360 - Res #006413 - unknown,385.00,0.00,income_ledger,20200,0006255
2012-07-02,41000,Charter Revenue,Charter #5360 - Res #006413 - unknown,0.00,385.00,income_ledger,20200,0006255
2012-07-02,1000,Cash / Clearing,Charter #5072 - Res #006099 - unknown,278.75,0.00,income_ledger,20207,0006257
2012-07-02,41000,Charter Revenue,Charter #5072 - Res #006099 - unknown,0.00,278.75,income_ledger,20207,0006257
2012-07-02,1000,Cash / Clearing,Charter #5331 - Res #006384 - unknown,82.50,0.00,income_ledger,20208,0006259
2012-07-02,41000,Charter Revenue,Charter #5331 - Res #006384 - unknown,0.00,82.50,income_ledger,20208,0006259
2012-07-02,1000,Cash / Clearing,Charter #5349 - Res #006402 - unknown,82.50,0.00,income_ledger,20209,0006260
2012-07-02,41000,Charter Revenue,Charter #5349 - Res #006402 - unknown,0.00,82.50,income_ledger,20209,0006260
2012-07-02,1000,Cash / Clearing,Charter #5363 - Res #006416 - unknown,82.50,0.00,income_ledger,20210,0006265
2012-07-02,41000,Charter Revenue,Charter #5363 - Res #006416 - unknown,0.00,82.50,income_ledger,20210,0006265
2012-07-02,1000,Cash / Clearing,Charter #5364 - Res #006417 - unknown,460.10,0.00,income_ledger,20211,0006266
2012-07-02,41000,Charter Revenue,Charter #5364 - Res #006417 - unknown,0.00,460.10,income_ledger,20211,0006266
2012-07-02,1000,Cash / Clearing,Charter #5364 - Res #006417 - unknown,183.40,0.00,income_ledger,20212,0006267
2012-07-02,41000,Charter Revenue,Charter #5364 - Res #006417 - unknown,0.00,183.40,income_ledger,20212,0006267
2012-07-02,1000,Cash / Clearing,Charter #5316 - Res #006346 - unknown,320.25,0.00,income_ledger,20213,0006269
2012-07-02,41000,Charter Revenue,Charter #5316 - Res #006346 - unknown,0.00,320.25,income_ledger,20213,0006269
2012-07-02,1000,Cash / Clearing,Charter #5307 - Res #006337 - unknown,653.00,0.00,income_ledger,20214,0006270
2012-07-02,41000,Charter Revenue,Charter #5307 - Res #006337 - unknown,0.00,653.00,income_ledger,20214,0006270
2012-07-02,1000,Cash / Clearing,Charter #5251 - Res #006304 - unknown,5.00,0.00,income_ledger,20215,0006272
2012-07-02,41000,Charter Revenue,Charter #5251 - Res #006304 - unknown,0.00,5.00,income_ledger,20215,0006272
2012-07-02,1000,Cash / Clearing,Charter #5328 - Res #006381 - unknown,225.00,0.00,income_ledger,21431,0006261
2012-07-02,41000,Charter Revenue,Charter #5328 - Res #006381 - unknown,0.00,225.00,income_ledger,21431,0006261
2012-07-02,1000,Cash / Clearing,Charter #5334 - Res #006387 - unknown,500.00,0.00,income_ledger,21444,0006258
2012-07-02,41000,Charter Revenue,Charter #5334 - Res #006387 - unknown,0.00,500.00,income_ledger,21444,0006258
2012-07-02,1000,Cash / Clearing,Charter #5359 - Res #006412 - unknown,260.23,0.00,income_ledger,21458,0006263
2012-07-02,41000,Charter Revenue,Charter #5359 - Res #006412 - unknown,0.00,260.23,income_ledger,21458,0006263
2012-07-02,1000,Cash / Clearing,Charter #5329 - Res #006382 - unknown,210.00,0.00,income_ledger,21463,0006262
2012-07-02,41000,Charter Revenue,Charter #5329 - Res #006382 - unknown,0.00,210.00,income_ledger,21463,0006262
2012-07-02,1000,Cash / Clearing,Charter #5002 - Res #006054 - unknown,1657.18,0.00,income_ledger,21468,0006271
2012-07-02,41000,Charter Revenue,Charter #5002 - Res #006054 - unknown,0.00,1657.18,income_ledger,21468,0006271
2012-07-02,1000,Cash / Clearing,Charter #5361 - Res #006414 - unknown,270.00,0.00,income_ledger,21469,0006274
2012-07-02,41000,Charter Revenue,Charter #5361 - Res #006414 - unknown,0.00,270.00,income_ledger,21469,0006274
2012-07-03,1000,Cash / Clearing,Charter #5368 - Res #006421 - unknown,175.00,0.00,income_ledger,19037,0006183
2012-07-03,41000,Charter Revenue,Charter #5368 - Res #006421 - unknown,0.00,175.00,income_ledger,19037,0006183
2012-07-03,1000,Cash / Clearing,Charter #5265 - Res #006318 - unknown,200.00,0.00,income_ledger,19050,0006181
2012-07-03,41000,Charter Revenue,Charter #5265 - Res #006318 - unknown,0.00,200.00,income_ledger,19050,0006181
2012-07-03,1000,Cash / Clearing,Charter #5366 - Res #006419 - unknown,205.00,0.00,income_ledger,19256,0006275
2012-07-03,41000,Charter Revenue,Charter #5366 - Res #006419 - unknown,0.00,205.00,income_ledger,19256,0006275
2012-07-03,1000,Cash / Clearing,Charter #5367 - Res #006420 - unknown,175.00,0.00,income_ledger,20216,0006277
2012-07-03,41000,Charter Revenue,Charter #5367 - Res #006420 - unknown,0.00,175.00,income_ledger,20216,0006277
2012-07-03,1000,Cash / Clearing,Charter #5323 - Res #006376 - unknown,402.50,0.00,income_ledger,21459,0006279
2012-07-03,41000,Charter Revenue,Charter #5323 - Res #006376 - unknown,0.00,402.50,income_ledger,21459,0006279
2012-07-03,1000,Cash / Clearing,Charter #5377 - Res #006430 - unknown,410.00,0.00,income_ledger,21505,0006297
2012-07-03,41000,Charter Revenue,Charter #5377 - Res #006430 - unknown,0.00,410.00,income_ledger,21505,0006297
2012-07-04,1000,Cash / Clearing,Charter #5365 - Res #006418 - unknown,200.00,0.00,income_ledger,58,
2012-07-04,41000,Charter Revenue,Charter #5365 - Res #006418 - unknown,0.00,200.00,income_ledger,58,
2012-07-04,1000,Cash / Clearing,Charter #5385 - Res #006438 - unknown,400.00,0.00,income_ledger,19257,0006282
2012-07-04,41000,Charter Revenue,Charter #5385 - Res #006438 - unknown,0.00,400.00,income_ledger,19257,0006282
2012-07-04,1000,Cash / Clearing,Charter #5391 - Res #006444 - unknown,0.01,0.00,income_ledger,19258,0006285
2012-07-04,41000,Charter Revenue,Charter #5391 - Res #006444 - unknown,0.00,0.01,income_ledger,19258,0006285
2012-07-04,1000,Cash / Clearing,Charter #5389 - Res #006442 - unknown,175.00,0.00,income_ledger,20217,0006284
2012-07-04,41000,Charter Revenue,Charter #5389 - Res #006442 - unknown,0.00,175.00,income_ledger,20217,0006284
2012-07-04,1000,Cash / Clearing,Charter #5386 - Res #006439 - unknown,200.00,0.00,income_ledger,21526,0006283
2012-07-04,41000,Charter Revenue,Charter #5386 - Res #006439 - unknown,0.00,200.00,income_ledger,21526,0006283
2012-07-05,1000,Cash / Clearing,Charter #5194 - Res #006247 - unknown,156.00,0.00,income_ledger,21108,0006287
2012-07-05,41000,Charter Revenue,Charter #5194 - Res #006247 - unknown,0.00,156.00,income_ledger,21108,0006287
2012-07-05,1000,Cash / Clearing,Charter #5194 - Res #006247 - unknown,635.00,0.00,income_ledger,21427,0006236
2012-07-05,41000,Charter Revenue,Charter #5194 - Res #006247 - unknown,0.00,635.00,income_ledger,21427,0006236
2012-07-05,1000,Cash / Clearing,Charter #5373 - Res #006426 - unknown,270.00,0.00,income_ledger,21464,0006289
2012-07-05,41000,Charter Revenue,Charter #5373 - Res #006426 - unknown,0.00,270.00,income_ledger,21464,0006289
2012-07-05,1000,Cash / Clearing,Charter #5393 - Res #006446 - unknown,0.01,0.00,income_ledger,21475,0006290
2012-07-05,41000,Charter Revenue,Charter #5393 - Res #006446 - unknown,0.00,0.01,income_ledger,21475,0006290
2012-07-05,1000,Cash / Clearing,Charter #5321 - Res #006374 - unknown,952.50,0.00,income_ledger,21478,0006286
2012-07-05,41000,Charter Revenue,Charter #5321 - Res #006374 - unknown,0.00,952.50,income_ledger,21478,0006286
2012-07-05,1000,Cash / Clearing,Charter #5169 - Res #006222 - unknown,388.79,0.00,income_ledger,21506,0006288
2012-07-05,41000,Charter Revenue,Charter #5169 - Res #006222 - unknown,0.00,388.79,income_ledger,21506,0006288
2012-07-06,1000,Cash / Clearing,Charter #5351 - Res #006404 - unknown,1348.00,0.00,income_ledger,20218,0006292
2012-07-06,41000,Charter Revenue,Charter #5351 - Res #006404 - unknown,0.00,1348.00,income_ledger,20218,0006292
2012-07-06,1000,Cash / Clearing,Charter #5365 - Res #006418 - unknown,567.43,0.00,income_ledger,20219,0006293
2012-07-06,41000,Charter Revenue,Charter #5365 - Res #006418 - unknown,0.00,567.43,income_ledger,20219,0006293
2012-07-06,1000,Cash / Clearing,Charter #5313 - Res #006343 - unknown,1975.00,0.00,income_ledger,21507,0006291
2012-07-06,41000,Charter Revenue,Charter #5313 - Res #006343 - unknown,0.00,1975.00,income_ledger,21507,0006291
2012-07-07,1000,Cash / Clearing,Charter #4361 - Res #005410 - credit_card,205.00,0.00,income_ledger,19409,
2012-07-07,41000,Charter Revenue,Charter #4361 - Res #005410 - credit_card,0.00,205.00,income_ledger,19409,
2012-07-09,1000,Cash / Clearing,Charter #5396 - Res #006449 - unknown,262.50,0.00,income_ledger,21476,0006295
2012-07-09,41000,Charter Revenue,Charter #5396 - Res #006449 - unknown,0.00,262.50,income_ledger,21476,0006295
2012-07-11,1000,Cash / Clearing,Charter #5408 - Res #006462 - unknown,175.00,0.00,income_ledger,3774,
2012-07-11,41000,Charter Revenue,Charter #5408 - Res #006462 - unknown,0.00,175.00,income_ledger,3774,
2012-07-11,1000,Cash / Clearing,Charter #5390 - Res #006443 - unknown,205.00,0.00,income_ledger,10332,
2012-07-11,41000,Charter Revenue,Charter #5390 - Res #006443 - unknown,0.00,205.00,income_ledger,10332,
2012-07-11,1000,Cash / Clearing,Charter #5407 - Res #006461 - credit_card,500.00,0.00,income_ledger,18926,0006211
2012-07-11,41000,Charter Revenue,Charter #5407 - Res #006461 - credit_card,0.00,500.00,income_ledger,18926,0006211
2012-07-11,1000,Cash / Clearing,Charter #4361 - Res #005410 - credit_card,136.92,0.00,income_ledger,19410,0006201
2012-07-11,41000,Charter Revenue,Charter #4361 - Res #005410 - credit_card,0.00,136.92,income_ledger,19410,0006201
2012-07-11,1000,Cash / Clearing,Charter #5399 - Res #006452 - unknown,268.13,0.00,income_ledger,20220,0006298
2012-07-11,41000,Charter Revenue,Charter #5399 - Res #006452 - unknown,0.00,268.13,income_ledger,20220,0006298
2012-07-11,1000,Cash / Clearing,Charter #5380 - Res #006433 - unknown,542.18,0.00,income_ledger,20221,0006300
2012-07-11,41000,Charter Revenue,Charter #5380 - Res #006433 - unknown,0.00,542.18,income_ledger,20221,0006300
2012-07-11,1000,Cash / Clearing,Charter #5367 - Res #006420 - unknown,435.00,0.00,income_ledger,20222,0006302
2012-07-11,41000,Charter Revenue,Charter #5367 - Res #006420 - unknown,0.00,435.00,income_ledger,20222,0006302
2012-07-11,1000,Cash / Clearing,Charter #5403 - Res #006456 - unknown,500.00,0.00,income_ledger,20223,0006304
2012-07-11,41000,Charter Revenue,Charter #5403 - Res #006456 - unknown,0.00,500.00,income_ledger,20223,0006304
2012-07-11,1000,Cash / Clearing,Charter #5404 - Res #006457 - unknown,40.01,0.00,income_ledger,20224,0006305
2012-07-11,41000,Charter Revenue,Charter #5404 - Res #006457 - unknown,0.00,40.01,income_ledger,20224,0006305
2012-07-11,1000,Cash / Clearing,Charter #5276 - Res #006350 - unknown,1155.00,0.00,income_ledger,20225,0006306
2012-07-11,41000,Charter Revenue,Charter #5276 - Res #006350 - unknown,0.00,1155.00,income_ledger,20225,0006306
2012-07-11,1000,Cash / Clearing,Charter #5405 - Res #006458 - unknown,205.00,0.00,income_ledger,20226,0006307
2012-07-11,41000,Charter Revenue,Charter #5405 - Res #006458 - unknown,0.00,205.00,income_ledger,20226,0006307
2012-07-11,1000,Cash / Clearing,Charter #5412 - Res #006466 - unknown,205.00,0.00,income_ledger,20227,0006316
2012-07-11,41000,Charter Revenue,Charter #5412 - Res #006466 - unknown,0.00,205.00,income_ledger,20227,0006316
2012-07-11,1000,Cash / Clearing,Charter #5412 - Res #006466 - unknown,250.00,0.00,income_ledger,20228,0006317
2012-07-11,41000,Charter Revenue,Charter #5412 - Res #006466 - unknown,0.00,250.00,income_ledger,20228,0006317
2012-07-11,1000,Cash / Clearing,Charter #5416 - Res #006470 - unknown,0.01,0.00,income_ledger,21443,0006222
2012-07-11,41000,Charter Revenue,Charter #5416 - Res #006470 - unknown,0.00,0.01,income_ledger,21443,0006222
2012-07-11,1000,Cash / Clearing,Charter #5411 - Res #006465 - unknown,0.01,0.00,income_ledger,21477,0006315
2012-07-11,41000,Charter Revenue,Charter #5411 - Res #006465 - unknown,0.00,0.01,income_ledger,21477,0006315
2012-07-11,1000,Cash / Clearing,Charter #5415 - Res #006469 - unknown,0.01,0.00,income_ledger,21480,0006320
2012-07-11,41000,Charter Revenue,Charter #5415 - Res #006469 - unknown,0.00,0.01,income_ledger,21480,0006320
2012-07-11,1000,Cash / Clearing,Charter #5410 - Res #006464 - unknown,0.01,0.00,income_ledger,21482,0006314
2012-07-11,41000,Charter Revenue,Charter #5410 - Res #006464 - unknown,0.00,0.01,income_ledger,21482,0006314
2012-07-11,1000,Cash / Clearing,Charter #5413 - Res #006467 - unknown,205.00,0.00,income_ledger,21483,0006318
2012-07-11,41000,Charter Revenue,Charter #5413 - Res #006467 - unknown,0.00,205.00,income_ledger,21483,0006318
2012-07-11,1000,Cash / Clearing,Charter #5309 - Res #006339 - unknown,861.70,0.00,income_ledger,21484,0006311
2012-07-11,41000,Charter Revenue,Charter #5309 - Res #006339 - unknown,0.00,861.70,income_ledger,21484,0006311
2012-07-11,1000,Cash / Clearing,Charter #5416 - Res #006470 - unknown,0.01,0.00,income_ledger,21485,0006321
2012-07-11,41000,Charter Revenue,Charter #5416 - Res #006470 - unknown,0.00,0.01,income_ledger,21485,0006321
2012-07-11,1000,Cash / Clearing,Charter #5301 - Res #006331 - unknown,530.63,0.00,income_ledger,21486,0006319
2012-07-11,41000,Charter Revenue,Charter #5301 - Res #006331 - unknown,0.00,530.63,income_ledger,21486,0006319
2012-07-11,1000,Cash / Clearing,Charter #5409 - Res #006463 - unknown,0.01,0.00,income_ledger,21561,0006312
2012-07-11,41000,Charter Revenue,Charter #5409 - Res #006463 - unknown,0.00,0.01,income_ledger,21561,0006312
2012-07-11,1000,Cash / Clearing,Charter #5402 - Res #006455 - unknown,616.75,0.00,income_ledger,21635,0006303
2012-07-11,41000,Charter Revenue,Charter #5402 - Res #006455 - unknown,0.00,616.75,income_ledger,21635,0006303
2012-07-12,1000,Cash / Clearing,Charter #5053 - Res #006080 - unknown,600.00,0.00,income_ledger,19756,0006223
2012-07-12,41000,Charter Revenue,Charter #5053 - Res #006080 - unknown,0.00,600.00,income_ledger,19756,0006223
2012-07-13,1000,Cash / Clearing,Charter #5397 - Res #006450 - unknown,262.50,0.00,income_ledger,20229,0006323
2012-07-13,41000,Charter Revenue,Charter #5397 - Res #006450 - unknown,0.00,262.50,income_ledger,20229,0006323
2012-07-16,1000,Cash / Clearing,Charter #5430 - Res #006484 - unknown,180.00,0.00,income_ledger,13334,
2012-07-16,41000,Charter Revenue,Charter #5430 - Res #006484 - unknown,0.00,180.00,income_ledger,13334,
2012-07-16,1000,Cash / Clearing,Charter #5407 - Res #006461 - credit_card,448.44,0.00,income_ledger,18928,0006241
2012-07-16,41000,Charter Revenue,Charter #5407 - Res #006461 - credit_card,0.00,448.44,income_ledger,18928,0006241
2012-07-16,1000,Cash / Clearing,Charter #5419 - Res #006473 - unknown,250.00,0.00,income_ledger,18964,0006232
2012-07-16,41000,Charter Revenue,Charter #5419 - Res #006473 - unknown,0.00,250.00,income_ledger,18964,0006232
2012-07-16,1000,Cash / Clearing,Charter #5366 - Res #006419 - unknown,921.38,0.00,income_ledger,19250,0006332
2012-07-16,41000,Charter Revenue,Charter #5366 - Res #006419 - unknown,0.00,921.38,income_ledger,19250,0006332
2012-07-16,1000,Cash / Clearing,Charter #5418 - Res #006472 - unknown,82.50,0.00,income_ledger,19320,0006333
2012-07-16,41000,Charter Revenue,Charter #5418 - Res #006472 - unknown,0.00,82.50,income_ledger,19320,0006333
2012-07-16,1000,Cash / Clearing,Charter #5341 - Res #006394 - unknown,816.55,0.00,income_ledger,20190,0006338
2012-07-16,41000,Charter Revenue,Charter #5341 - Res #006394 - unknown,0.00,816.55,income_ledger,20190,0006338
2012-07-16,1000,Cash / Clearing,Charter #5424 - Res #006478 - unknown,205.00,0.00,income_ledger,20230,0006327
2012-07-16,41000,Charter Revenue,Charter #5424 - Res #006478 - unknown,0.00,205.00,income_ledger,20230,0006327
2012-07-16,1000,Cash / Clearing,Charter #5312 - Res #006342 - unknown,653.00,0.00,income_ledger,20231,0006329
2012-07-16,41000,Charter Revenue,Charter #5312 - Res #006342 - unknown,0.00,653.00,income_ledger,20231,0006329
2012-07-16,1000,Cash / Clearing,Charter #5394 - Res #006447 - unknown,82.50,0.00,income_ledger,20232,0006334
2012-07-16,41000,Charter Revenue,Charter #5394 - Res #006447 - unknown,0.00,82.50,income_ledger,20232,0006334
2012-07-16,1000,Cash / Clearing,Charter #5401 - Res #006454 - unknown,385.00,0.00,income_ledger,20233,0006335
2012-07-16,41000,Charter Revenue,Charter #5401 - Res #006454 - unknown,0.00,385.00,income_ledger,20233,0006335
2012-07-16,1000,Cash / Clearing,Charter #5422 - Res #006476 - unknown,231.00,0.00,income_ledger,20234,0006341
2012-07-16,41000,Charter Revenue,Charter #5422 - Res #006476 - unknown,0.00,231.00,income_ledger,20234,0006341
2012-07-16,1000,Cash / Clearing,Charter #5277 - Res #006351 - unknown,1155.00,0.00,income_ledger,21277,0006324
2012-07-16,41000,Charter Revenue,Charter #5277 - Res #006351 - unknown,0.00,1155.00,income_ledger,21277,0006324
2012-07-16,1000,Cash / Clearing,Charter #5421 - Res #006475 - unknown,0.01,0.00,income_ledger,21457,0006337
2012-07-16,41000,Charter Revenue,Charter #5421 - Res #006475 - unknown,0.00,0.01,income_ledger,21457,0006337
2012-07-16,1000,Cash / Clearing,Charter #4880 - Res #005931 - unknown,1199.00,0.00,income_ledger,21467,0006326
2012-07-16,41000,Charter Revenue,Charter #4880 - Res #005931 - unknown,0.00,1199.00,income_ledger,21467,0006326
2012-07-16,1000,Cash / Clearing,Charter #5278 - Res #006352 - unknown,1270.00,0.00,income_ledger,21470,0006331
2012-07-16,41000,Charter Revenue,Charter #5278 - Res #006352 - unknown,0.00,1270.00,income_ledger,21470,0006331
2012-07-16,1000,Cash / Clearing,Charter #4880 - Res #005931 - unknown,126.17,0.00,income_ledger,21474,0006326
2012-07-16,41000,Charter Revenue,Charter #4880 - Res #005931 - unknown,0.00,126.17,income_ledger,21474,0006326
2012-07-16,1000,Cash / Clearing,Charter #5414 - Res #006468 - unknown,395.00,0.00,income_ledger,21479,0006328
2012-07-16,41000,Charter Revenue,Charter #5414 - Res #006468 - unknown,0.00,395.00,income_ledger,21479,0006328
2012-07-16,1000,Cash / Clearing,Charter #5423 - Res #006477 - unknown,500.00,0.00,income_ledger,21481,0006325
2012-07-16,41000,Charter Revenue,Charter #5423 - Res #006477 - unknown,0.00,500.00,income_ledger,21481,0006325
2012-07-16,1000,Cash / Clearing,Charter #5400 - Res #006453 - unknown,1152.50,0.00,income_ledger,21487,0006340
2012-07-16,41000,Charter Revenue,Charter #5400 - Res #006453 - unknown,0.00,1152.50,income_ledger,21487,0006340
2012-07-17,1000,Cash / Clearing,Charter #5368 - Res #006421 - unknown,499.00,0.00,income_ledger,19038,0006250
2012-07-17,41000,Charter Revenue,Charter #5368 - Res #006421 - unknown,0.00,499.00,income_ledger,19038,0006250
2012-07-17,1000,Cash / Clearing,Charter #5368 - Res #006421 - unknown,-175.00,0.00,income_ledger,19039,0006251
2012-07-17,41000,Charter Revenue,Charter #5368 - Res #006421 - unknown,0.00,-175.00,income_ledger,19039,0006251
2012-07-17,1000,Cash / Clearing,Charter #5417 - Res #006471 - unknown,325.35,0.00,income_ledger,19319,0006358
2012-07-17,41000,Charter Revenue,Charter #5417 - Res #006471 - unknown,0.00,325.35,income_ledger,19319,0006358
2012-07-17,1000,Cash / Clearing,Charter #5263 - Res #006316 - credit_card,375.00,0.00,income_ledger,19437,0006257
2012-07-17,41000,Charter Revenue,Charter #5263 - Res #006316 - credit_card,0.00,375.00,income_ledger,19437,0006257
2012-07-17,1000,Cash / Clearing,Charter #5053 - Res #006080 - unknown,254.90,0.00,income_ledger,19757,0006248
2012-07-17,41000,Charter Revenue,Charter #5053 - Res #006080 - unknown,0.00,254.90,income_ledger,19757,0006248
2012-07-17,1000,Cash / Clearing,Charter #5279 - Res #006353 - unknown,1270.00,0.00,income_ledger,20193,0006345
2012-07-17,41000,Charter Revenue,Charter #5279 - Res #006353 - unknown,0.00,1270.00,income_ledger,20193,0006345
2012-07-17,1000,Cash / Clearing,Charter #5259 - Res #006312 - unknown,490.00,0.00,income_ledger,20235,0006343
2012-07-17,41000,Charter Revenue,Charter #5259 - Res #006312 - unknown,0.00,490.00,income_ledger,20235,0006343
2012-07-17,1000,Cash / Clearing,Charter #5405 - Res #006458 - unknown,653.00,0.00,income_ledger,20236,0006344
2012-07-17,41000,Charter Revenue,Charter #5405 - Res #006458 - unknown,0.00,653.00,income_ledger,20236,0006344
2012-07-17,1000,Cash / Clearing,Charter #5259 - Res #006312 - unknown,182.65,0.00,income_ledger,20237,0006348
2012-07-17,41000,Charter Revenue,Charter #5259 - Res #006312 - unknown,0.00,182.65,income_ledger,20237,0006348
2012-07-17,1000,Cash / Clearing,Charter #5377 - Res #006430 - unknown,335.00,0.00,income_ledger,20238,0006353
2012-07-17,41000,Charter Revenue,Charter #5377 - Res #006430 - unknown,0.00,335.00,income_ledger,20238,0006353
2012-07-17,1000,Cash / Clearing,Charter #5420 - Res #006474 - unknown,635.26,0.00,income_ledger,20239,0006355
2012-07-17,41000,Charter Revenue,Charter #5420 - Res #006474 - unknown,0.00,635.26,income_ledger,20239,0006355
2012-07-17,1000,Cash / Clearing,Charter #5169 - Res #006222 - unknown,1300.00,0.00,income_ledger,20241,0006359
2012-07-17,41000,Charter Revenue,Charter #5169 - Res #006222 - unknown,0.00,1300.00,income_ledger,20241,0006359
2012-07-17,1000,Cash / Clearing,Charter #5398 - Res #006451 - unknown,0.01,0.00,income_ledger,21338,0006357
2012-07-17,41000,Charter Revenue,Charter #5398 - Res #006451 - unknown,0.00,0.01,income_ledger,21338,0006357
2012-07-17,1000,Cash / Clearing,Charter #5169 - Res #006222 - unknown,200.00,0.00,income_ledger,21460,0006360
2012-07-17,41000,Charter Revenue,Charter #5169 - Res #006222 - unknown,0.00,200.00,income_ledger,21460,0006360
2012-07-17,1000,Cash / Clearing,Charter #5373 - Res #006426 - unknown,-4.00,0.00,income_ledger,21461,0006342
2012-07-17,41000,Charter Revenue,Charter #5373 - Res #006426 - unknown,0.00,-4.00,income_ledger,21461,0006342
2012-07-17,1000,Cash / Clearing,Charter #5431 - Res #006485 - unknown,0.01,0.00,income_ledger,21465,0006351
2012-07-17,41000,Charter Revenue,Charter #5431 - Res #006485 - unknown,0.00,0.01,income_ledger,21465,0006351
2012-07-18,1000,Cash / Clearing,Charter #5352 - Res #006405 - unknown,505.00,0.00,income_ledger,20242,0006363
2012-07-18,41000,Charter Revenue,Charter #5352 - Res #006405 - unknown,0.00,505.00,income_ledger,20242,0006363
2012-07-18,1000,Cash / Clearing,Charter #5354 - Res #006407 - unknown,103.00,0.00,income_ledger,20243,0006364
2012-07-18,41000,Charter Revenue,Charter #5354 - Res #006407 - unknown,0.00,103.00,income_ledger,20243,0006364
2012-07-18,1000,Cash / Clearing,Charter #5353 - Res #006406 - unknown,450.00,0.00,income_ledger,20244,0006365
2012-07-18,41000,Charter Revenue,Charter #5353 - Res #006406 - unknown,0.00,450.00,income_ledger,20244,0006365
2012-07-18,1000,Cash / Clearing,Charter #5355 - Res #006408 - unknown,96.00,0.00,income_ledger,20245,0006366
2012-07-18,41000,Charter Revenue,Charter #5355 - Res #006408 - unknown,0.00,96.00,income_ledger,20245,0006366
2012-07-18,1000,Cash / Clearing,Charter #4797 - Res #005848 - unknown,12.00,0.00,income_ledger,20246,0006368
2012-07-18,41000,Charter Revenue,Charter #4797 - Res #005848 - unknown,0.00,12.00,income_ledger,20246,0006368
2012-07-18,1000,Cash / Clearing,Charter #5436 - Res #006490 - unknown,82.50,0.00,income_ledger,20380,0006263
2012-07-18,41000,Charter Revenue,Charter #5436 - Res #006490 - unknown,0.00,82.50,income_ledger,20380,0006263
2012-07-18,1000,Cash / Clearing,Charter #5304 - Res #006334 - unknown,125.00,0.00,income_ledger,21488,0006367
2012-07-18,41000,Charter Revenue,Charter #5304 - Res #006334 - unknown,0.00,125.00,income_ledger,21488,0006367
2012-07-18,1000,Cash / Clearing,Charter #4797 - Res #005848 - unknown,41.00,0.00,income_ledger,21489,0006367
2012-07-18,41000,Charter Revenue,Charter #4797 - Res #005848 - unknown,0.00,41.00,income_ledger,21489,0006367
2012-07-18,1000,Cash / Clearing,Charter #4797 - Res #005848 - unknown,14.00,0.00,income_ledger,21717,0006369
2012-07-18,41000,Charter Revenue,Charter #4797 - Res #005848 - unknown,0.00,14.00,income_ledger,21717,0006369
2012-07-19,1000,Cash / Clearing,Charter #5439 - Res #006493 - unknown,568.53,0.00,income_ledger,19755,0006269
2012-07-19,41000,Charter Revenue,Charter #5439 - Res #006493 - unknown,0.00,568.53,income_ledger,19755,0006269
2012-07-20,1000,Cash / Clearing,Charter #5444 - Res #006498 - credit_card,205.00,0.00,income_ledger,19108,0006270
2012-07-20,41000,Charter Revenue,Charter #5444 - Res #006498 - credit_card,0.00,205.00,income_ledger,19108,0006270
2012-07-20,1000,Cash / Clearing,Charter #5443 - Res #006497 - unknown,250.00,0.00,income_ledger,19758,0006278
2012-07-20,41000,Charter Revenue,Charter #5443 - Res #006497 - unknown,0.00,250.00,income_ledger,19758,0006278
2012-07-20,1000,Cash / Clearing,Charter #5312 - Res #006342 - unknown,169.40,0.00,income_ledger,20247,0006373
2012-07-20,41000,Charter Revenue,Charter #5312 - Res #006342 - unknown,0.00,169.40,income_ledger,20247,0006373
2012-07-20,1000,Cash / Clearing,Charter #5447 - Res #006501 - unknown,175.00,0.00,income_ledger,20248,0006374
2012-07-20,41000,Charter Revenue,Charter #5447 - Res #006501 - unknown,0.00,175.00,income_ledger,20248,0006374
2012-07-20,1000,Cash / Clearing,Charter #5429 - Res #006483 - unknown,183.75,0.00,income_ledger,20250,0006378
2012-07-20,41000,Charter Revenue,Charter #5429 - Res #006483 - unknown,0.00,183.75,income_ledger,20250,0006378
2012-07-20,1000,Cash / Clearing,Charter #5441 - Res #006495 - unknown,1025.00,0.00,income_ledger,20251,0006380
2012-07-20,41000,Charter Revenue,Charter #5441 - Res #006495 - unknown,0.00,1025.00,income_ledger,20251,0006380
2012-07-20,1000,Cash / Clearing,Charter #5450 - Res #006504 - check,-384.99,0.00,income_ledger,20648,0006281
2012-07-20,41000,Charter Revenue,Charter #5450 - Res #006504 - check,0.00,-384.99,income_ledger,20648,0006281
2012-07-20,1000,Cash / Clearing,Charter #5452 - Res #006506 - unknown,0.01,0.00,income_ledger,21499,0006383
2012-07-20,41000,Charter Revenue,Charter #5452 - Res #006506 - unknown,0.00,0.01,income_ledger,21499,0006383
2012-07-20,1000,Cash / Clearing,Charter #5451 - Res #006505 - unknown,0.01,0.00,income_ledger,21671,0006376
2012-07-20,41000,Charter Revenue,Charter #5451 - Res #006505 - unknown,0.00,0.01,income_ledger,21671,0006376
2012-07-20,1000,Cash / Clearing,Charter #5446 - Res #006500 - unknown,500.00,0.00,income_ledger,21926,0006372
2012-07-20,41000,Charter Revenue,Charter #5446 - Res #006500 - unknown,0.00,500.00,income_ledger,21926,0006372
2012-07-23,1000,Cash / Clearing,Charter #5446 - Res #006500 - unknown,1413.00,0.00,income_ledger,19376,0006385
2012-07-23,41000,Charter Revenue,Charter #5446 - Res #006500 - unknown,0.00,1413.00,income_ledger,19376,0006385
2012-07-23,1000,Cash / Clearing,Charter #4335 - Res #005384 - unknown,1120.00,0.00,income_ledger,20253,0006384
2012-07-23,41000,Charter Revenue,Charter #4335 - Res #005384 - unknown,0.00,1120.00,income_ledger,20253,0006384
2012-07-23,1000,Cash / Clearing,Charter #5455 - Res #006509 - unknown,228.50,0.00,income_ledger,21497,0006386
2012-07-23,41000,Charter Revenue,Charter #5455 - Res #006509 - unknown,0.00,228.50,income_ledger,21497,0006386
2012-07-24,1000,Cash / Clearing,Charter #4876 - Res #005927 - unknown,1871.00,0.00,income_ledger,19026,0006287
2012-07-24,41000,Charter Revenue,Charter #4876 - Res #005927 - unknown,0.00,1871.00,income_ledger,19026,0006287
2012-07-24,1000,Cash / Clearing,Charter #5444 - Res #006498 - credit_card,402.59,0.00,income_ledger,19110,0006294
2012-07-24,41000,Charter Revenue,Charter #5444 - Res #006498 - credit_card,0.00,402.59,income_ledger,19110,0006294
2012-07-24,1000,Cash / Clearing,Charter #5382 - Res #006435 - unknown,385.00,0.00,income_ledger,19259,0006395
2012-07-24,41000,Charter Revenue,Charter #5382 - Res #006435 - unknown,0.00,385.00,income_ledger,19259,0006395
2012-07-24,1000,Cash / Clearing,Charter #5457 - Res #006511 - unknown,175.00,0.00,income_ledger,20254,0006391
2012-07-24,41000,Charter Revenue,Charter #5457 - Res #006511 - unknown,0.00,175.00,income_ledger,20254,0006391
2012-07-24,1000,Cash / Clearing,Charter #5384 - Res #006437 - unknown,100.01,0.00,income_ledger,20255,0006392
2012-07-24,41000,Charter Revenue,Charter #5384 - Res #006437 - unknown,0.00,100.01,income_ledger,20255,0006392
2012-07-24,1000,Cash / Clearing,Charter #5383 - Res #006436 - unknown,100.01,0.00,income_ledger,20262,0006393
2012-07-24,41000,Charter Revenue,Charter #5383 - Res #006436 - unknown,0.00,100.01,income_ledger,20262,0006393
2012-07-24,1000,Cash / Clearing,Charter #5458 - Res #006512 - unknown,205.00,0.00,income_ledger,20263,0006396
2012-07-24,41000,Charter Revenue,Charter #5458 - Res #006512 - unknown,0.00,205.00,income_ledger,20263,0006396
2012-07-24,1000,Cash / Clearing,Charter #5456 - Res #006510 - credit_card,252.00,0.00,income_ledger,20596,0006286
2012-07-24,41000,Charter Revenue,Charter #5456 - Res #006510 - credit_card,0.00,252.00,income_ledger,20596,0006286
2012-07-24,1000,Cash / Clearing,Charter #5456 - Res #006510 - unknown,252.00,0.00,income_ledger,21495,0006389
2012-07-24,41000,Charter Revenue,Charter #5456 - Res #006510 - unknown,0.00,252.00,income_ledger,21495,0006389
2012-07-24,1000,Cash / Clearing,Charter #5455 - Res #006509 - unknown,16.70,0.00,income_ledger,21509,0006398
2012-07-24,41000,Charter Revenue,Charter #5455 - Res #006509 - unknown,0.00,16.70,income_ledger,21509,0006398
2012-07-24,1000,Cash / Clearing,Charter #5426 - Res #006480 - unknown,350.00,0.00,income_ledger,21519,0006394
2012-07-24,41000,Charter Revenue,Charter #5426 - Res #006480 - unknown,0.00,350.00,income_ledger,21519,0006394
2012-07-25,1000,Cash / Clearing,Charter #5258 - Res #006311 - unknown,455.00,0.00,income_ledger,21326,0006172
2012-07-25,41000,Charter Revenue,Charter #5258 - Res #006311 - unknown,0.00,455.00,income_ledger,21326,0006172
2012-07-25,1000,Cash / Clearing,Charter #5453 - Res #006507 - unknown,82.50,0.00,income_ledger,21491,0006402
2012-07-25,41000,Charter Revenue,Charter #5453 - Res #006507 - unknown,0.00,82.50,income_ledger,21491,0006402
2012-07-25,1000,Cash / Clearing,Charter #5454 - Res #006508 - unknown,82.50,0.00,income_ledger,21500,0006403
2012-07-25,41000,Charter Revenue,Charter #5454 - Res #006508 - unknown,0.00,82.50,income_ledger,21500,0006403
2012-07-25,1000,Cash / Clearing,Charter #5462 - Res #006516 - unknown,82.50,0.00,income_ledger,21511,0006401
2012-07-25,41000,Charter Revenue,Charter #5462 - Res #006516 - unknown,0.00,82.50,income_ledger,21511,0006401
2012-07-25,1000,Cash / Clearing,Charter #5463 - Res #006517 - unknown,0.01,0.00,income_ledger,21532,0006404
2012-07-25,41000,Charter Revenue,Charter #5463 - Res #006517 - unknown,0.00,0.01,income_ledger,21532,0006404
2012-07-25,1000,Cash / Clearing,Charter #5461 - Res #006515 - unknown,175.00,0.00,income_ledger,21718,0006400
2012-07-25,41000,Charter Revenue,Charter #5461 - Res #006515 - unknown,0.00,175.00,income_ledger,21718,0006400
2012-07-26,1000,Cash / Clearing,Charter #4314 - Res #005362 - unknown,734.60,0.00,income_ledger,18488,0006302
2012-07-26,41000,Charter Revenue,Charter #4314 - Res #005362 - unknown,0.00,734.60,income_ledger,18488,0006302
2012-07-26,1000,Cash / Clearing,Charter #4590 - Res #005640 - unknown,855.00,0.00,income_ledger,18800,0006407
2012-07-26,41000,Charter Revenue,Charter #4590 - Res #005640 - unknown,0.00,855.00,income_ledger,18800,0006407
2012-07-26,1000,Cash / Clearing,Charter #5465 - Res #006519 - unknown,787.00,0.00,income_ledger,20264,0006408
2012-07-26,41000,Charter Revenue,Charter #5465 - Res #006519 - unknown,0.00,787.00,income_ledger,20264,0006408
2012-07-26,1000,Cash / Clearing,Charter #5202 - Res #006255 - unknown,762.76,0.00,income_ledger,20265,0006409
2012-07-26,41000,Charter Revenue,Charter #5202 - Res #006255 - unknown,0.00,762.76,income_ledger,20265,0006409
2012-07-26,1000,Cash / Clearing,Charter #5260 - Res #006313 - unknown,643.13,0.00,income_ledger,20266,0006410
2012-07-26,41000,Charter Revenue,Charter #5260 - Res #006313 - unknown,0.00,643.13,income_ledger,20266,0006410
2012-07-26,1000,Cash / Clearing,Charter #5466 - Res #006520 - unknown,0.01,0.00,income_ledger,21518,0006412
2012-07-26,41000,Charter Revenue,Charter #5466 - Res #006520 - unknown,0.00,0.01,income_ledger,21518,0006412
2012-07-26,1000,Cash / Clearing,Charter #5446 - Res #006500 - unknown,-393.00,0.00,income_ledger,21525,0006413
2012-07-26,41000,Charter Revenue,Charter #5446 - Res #006500 - unknown,0.00,-393.00,income_ledger,21525,0006413
2012-07-26,1000,Cash / Clearing,Charter #5392 - Res #006445 - unknown,75.00,0.00,income_ledger,21527,0006406
2012-07-26,41000,Charter Revenue,Charter #5392 - Res #006445 - unknown,0.00,75.00,income_ledger,21527,0006406
2012-07-26,1000,Cash / Clearing,Charter #5264 - Res #006317 - unknown,-318.00,0.00,income_ledger,21538,0006411
2012-07-26,41000,Charter Revenue,Charter #5264 - Res #006317 - unknown,0.00,-318.00,income_ledger,21538,0006411
2012-07-27,1000,Cash / Clearing,Charter #5265 - Res #006318 - unknown,200.00,0.00,income_ledger,19084,0006312
2012-07-27,41000,Charter Revenue,Charter #5265 - Res #006318 - unknown,0.00,200.00,income_ledger,19084,0006312
2012-07-27,1000,Cash / Clearing,Charter #5469 - Res #006523 - unknown,720.00,0.00,income_ledger,20267,0006414
2012-07-27,41000,Charter Revenue,Charter #5469 - Res #006523 - unknown,0.00,720.00,income_ledger,20267,0006414
2012-07-28,1000,Cash / Clearing,Charter #5472 - Res #006526 - unknown,82.50,0.00,income_ledger,20268,0006416
2012-07-28,41000,Charter Revenue,Charter #5472 - Res #006526 - unknown,0.00,82.50,income_ledger,20268,0006416
2012-07-28,1000,Cash / Clearing,Charter #5473 - Res #006527 - unknown,80.00,0.00,income_ledger,20269,0006417
2012-07-28,41000,Charter Revenue,Charter #5473 - Res #006527 - unknown,0.00,80.00,income_ledger,20269,0006417
2012-07-28,1000,Cash / Clearing,Charter #5428 - Res #006482 - unknown,123.35,0.00,income_ledger,21516,0006418
2012-07-28,41000,Charter Revenue,Charter #5428 - Res #006482 - unknown,0.00,123.35,income_ledger,21516,0006418
2012-07-28,1000,Cash / Clearing,Charter #5427 - Res #006481 - unknown,123.35,0.00,income_ledger,21539,0006419
2012-07-28,41000,Charter Revenue,Charter #5427 - Res #006481 - unknown,0.00,123.35,income_ledger,21539,0006419
2012-07-29,1000,Cash / Clearing,Charter #5474 - Res #006528 - unknown,777.10,0.00,income_ledger,20270,0006420
2012-07-29,41000,Charter Revenue,Charter #5474 - Res #006528 - unknown,0.00,777.10,income_ledger,20270,0006420
2012-07-30,1000,Cash / Clearing,Charter #5476 - Res #006530 - unknown,330.00,0.00,income_ledger,13329,
2012-07-30,41000,Charter Revenue,Charter #5476 - Res #006530 - unknown,0.00,330.00,income_ledger,13329,
2012-07-30,1000,Cash / Clearing,Charter #5311 - Res #006341 - unknown,-906.00,0.00,income_ledger,18120,0006336
2012-07-30,41000,Charter Revenue,Charter #5311 - Res #006341 - unknown,0.00,-906.00,income_ledger,18120,0006336
2012-07-30,1000,Cash / Clearing,Charter #5439 - Res #006493 - unknown,568.53,0.00,income_ledger,19040,0006342
2012-07-30,41000,Charter Revenue,Charter #5439 - Res #006493 - unknown,0.00,568.53,income_ledger,19040,0006342
2012-07-30,1000,Cash / Clearing,Charter #5439 - Res #006493 - unknown,568.53,0.00,income_ledger,19041,0006343
2012-07-30,41000,Charter Revenue,Charter #5439 - Res #006493 - unknown,0.00,568.53,income_ledger,19041,0006343
2012-07-30,1000,Cash / Clearing,Charter #5479 - Res #006533 - unknown,0.01,0.00,income_ledger,19375,0006448
2012-07-30,41000,Charter Revenue,Charter #5479 - Res #006533 - unknown,0.00,0.01,income_ledger,19375,0006448
2012-07-30,1000,Cash / Clearing,Charter #5118 - Res #006171 - credit_card,230.00,0.00,income_ledger,19433,0006346
2012-07-30,41000,Charter Revenue,Charter #5118 - Res #006171 - credit_card,0.00,230.00,income_ledger,19433,0006346
2012-07-30,1000,Cash / Clearing,Charter #5460 - Res #006514 - unknown,250.00,0.00,income_ledger,20271,0006425
2012-07-30,41000,Charter Revenue,Charter #5460 - Res #006514 - unknown,0.00,250.00,income_ledger,20271,0006425
2012-07-30,1000,Cash / Clearing,Charter #5461 - Res #006515 - unknown,62.50,0.00,income_ledger,20272,0006426
2012-07-30,41000,Charter Revenue,Charter #5461 - Res #006515 - unknown,0.00,62.50,income_ledger,20272,0006426
2012-07-30,1000,Cash / Clearing,Charter #5381 - Res #006434 - unknown,1155.00,0.00,income_ledger,20273,0006430
2012-07-30,41000,Charter Revenue,Charter #5381 - Res #006434 - unknown,0.00,1155.00,income_ledger,20273,0006430
2012-07-30,1000,Cash / Clearing,Charter #5437 - Res #006491 - unknown,312.50,0.00,income_ledger,20274,0006437
2012-07-30,41000,Charter Revenue,Charter #5437 - Res #006491 - unknown,0.00,312.50,income_ledger,20274,0006437
2012-07-30,1000,Cash / Clearing,Charter #5435 - Res #006489 - unknown,495.00,0.00,income_ledger,20275,0006441
2012-07-30,41000,Charter Revenue,Charter #5435 - Res #006489 - unknown,0.00,495.00,income_ledger,20275,0006441
2012-07-30,1000,Cash / Clearing,Charter #5311 - Res #006341 - check,-906.00,0.00,income_ledger,20597,0006336
2012-07-30,41000,Charter Revenue,Charter #5311 - Res #006341 - check,0.00,-906.00,income_ledger,20597,0006336
2012-07-30,1000,Cash / Clearing,Charter #5445 - Res #006499 - unknown,474.37,0.00,income_ledger,20965,0006429
2012-07-30,41000,Charter Revenue,Charter #5445 - Res #006499 - unknown,0.00,474.37,income_ledger,20965,0006429
2012-07-30,1000,Cash / Clearing,Charter #5438 - Res #006492 - unknown,1687.50,0.00,income_ledger,20979,0006435
2012-07-30,41000,Charter Revenue,Charter #5438 - Res #006492 - unknown,0.00,1687.50,income_ledger,20979,0006435
2012-07-30,1000,Cash / Clearing,Charter #5295 - Res #006369 - unknown,265.00,0.00,income_ledger,21115,0006449
2012-07-30,41000,Charter Revenue,Charter #5295 - Res #006369 - unknown,0.00,265.00,income_ledger,21115,0006449
2012-07-30,1000,Cash / Clearing,Charter #5016 - Res #006068 - unknown,750.00,0.00,income_ledger,21492,0006434
2012-07-30,41000,Charter Revenue,Charter #5016 - Res #006068 - unknown,0.00,750.00,income_ledger,21492,0006434
2012-07-30,1000,Cash / Clearing,Charter #5468 - Res #006522 - unknown,192.50,0.00,income_ledger,21496,0006432
2012-07-30,41000,Charter Revenue,Charter #5468 - Res #006522 - unknown,0.00,192.50,income_ledger,21496,0006432
2012-07-30,1000,Cash / Clearing,Charter #5467 - Res #006521 - unknown,192.50,0.00,income_ledger,21501,0006431
2012-07-30,41000,Charter Revenue,Charter #5467 - Res #006521 - unknown,0.00,192.50,income_ledger,21501,0006431
2012-07-30,1000,Cash / Clearing,Charter #5174 - Res #006227 - unknown,0.01,0.00,income_ledger,21508,0006427
2012-07-30,41000,Charter Revenue,Charter #5174 - Res #006227 - unknown,0.00,0.01,income_ledger,21508,0006427
2012-07-30,1000,Cash / Clearing,Charter #5437 - Res #006491 - unknown,4000.00,0.00,income_ledger,21512,0006438
2012-07-30,41000,Charter Revenue,Charter #5437 - Res #006491 - unknown,0.00,4000.00,income_ledger,21512,0006438
2012-07-30,1000,Cash / Clearing,Charter #5268 - Res #006321 - unknown,100.00,0.00,income_ledger,21521,0006424
2012-07-30,41000,Charter Revenue,Charter #5268 - Res #006321 - unknown,0.00,100.00,income_ledger,21521,0006424
2012-07-30,1000,Cash / Clearing,Charter #5477 - Res #006531 - unknown,240.63,0.00,income_ledger,21524,0006428
2012-07-30,41000,Charter Revenue,Charter #5477 - Res #006531 - unknown,0.00,240.63,income_ledger,21524,0006428
2012-07-30,1000,Cash / Clearing,Charter #5456 - Res #006510 - unknown,28.75,0.00,income_ledger,21529,0006433
2012-07-30,41000,Charter Revenue,Charter #5456 - Res #006510 - unknown,0.00,28.75,income_ledger,21529,0006433
2012-07-30,1000,Cash / Clearing,Charter #5246 - Res #006299 - unknown,153.63,0.00,income_ledger,21530,0006442
2012-07-30,41000,Charter Revenue,Charter #5246 - Res #006299 - unknown,0.00,153.63,income_ledger,21530,0006442
2012-07-30,1000,Cash / Clearing,Charter #5425 - Res #006479 - unknown,330.00,0.00,income_ledger,21536,0006439
2012-07-30,41000,Charter Revenue,Charter #5425 - Res #006479 - unknown,0.00,330.00,income_ledger,21536,0006439
2012-07-30,1000,Cash / Clearing,Charter #5246 - Res #006299 - unknown,20.00,0.00,income_ledger,21558,0006443
2012-07-30,41000,Charter Revenue,Charter #5246 - Res #006299 - unknown,0.00,20.00,income_ledger,21558,0006443
2012-07-30,1000,Cash / Clearing,Charter #5457 - Res #006511 - unknown,491.00,0.00,income_ledger,21565,0006423
2012-07-30,41000,Charter Revenue,Charter #5457 - Res #006511 - unknown,0.00,491.00,income_ledger,21565,0006423
2012-07-30,1000,Cash / Clearing,Charter #5018 - Res #006070 - unknown,0.01,0.00,income_ledger,21602,0006422
2012-07-30,41000,Charter Revenue,Charter #5018 - Res #006070 - unknown,0.00,0.01,income_ledger,21602,0006422
2012-07-30,1000,Cash / Clearing,Charter #5478 - Res #006532 - unknown,75.00,0.00,income_ledger,21613,0006436
2012-07-30,41000,Charter Revenue,Charter #5478 - Res #006532 - unknown,0.00,75.00,income_ledger,21613,0006436
2012-07-30,1000,Cash / Clearing,Charter #5470 - Res #006524 - unknown,231.00,0.00,income_ledger,21861,0006421
2012-07-30,41000,Charter Revenue,Charter #5470 - Res #006524 - unknown,0.00,231.00,income_ledger,21861,0006421
2012-07-30,1000,Cash / Clearing,Charter #5475 - Res #006529 - unknown,330.00,0.00,income_ledger,25198,
2012-07-30,41000,Charter Revenue,Charter #5475 - Res #006529 - unknown,0.00,330.00,income_ledger,25198,
2012-07-31,1000,Cash / Clearing,Charter #5480 - Res #006534 - unknown,147.00,0.00,income_ledger,20277,0006452
2012-07-31,41000,Charter Revenue,Charter #5480 - Res #006534 - unknown,0.00,147.00,income_ledger,20277,0006452
2012-07-31,1000,Cash / Clearing,Charter #5485 - Res #006539 - unknown,875.00,0.00,income_ledger,20278,0006453
2012-07-31,41000,Charter Revenue,Charter #5485 - Res #006539 - unknown,0.00,875.00,income_ledger,20278,0006453
2012-07-31,1000,Cash / Clearing,Charter #5487 - Res #006541 - unknown,0.04,0.00,income_ledger,20279,0006455
2012-07-31,41000,Charter Revenue,Charter #5487 - Res #006541 - unknown,0.00,0.04,income_ledger,20279,0006455
2012-07-31,1000,Cash / Clearing,Charter #5203 - Res #006256 - unknown,58.00,0.00,income_ledger,20280,0006460
2012-07-31,41000,Charter Revenue,Charter #5203 - Res #006256 - unknown,0.00,58.00,income_ledger,20280,0006460
2012-07-31,1000,Cash / Clearing,Charter #5487 - Res #006541 - unknown,0.01,0.00,income_ledger,21473,0006352
2012-07-31,41000,Charter Revenue,Charter #5487 - Res #006541 - unknown,0.00,0.01,income_ledger,21473,0006352
2012-07-31,1000,Cash / Clearing,Charter #5488 - Res #006542 - unknown,0.01,0.00,income_ledger,21514,0006458
2012-07-31,41000,Charter Revenue,Charter #5488 - Res #006542 - unknown,0.00,0.01,income_ledger,21514,0006458
2012-07-31,1000,Cash / Clearing,Charter #5317 - Res #006347 - unknown,0.01,0.00,income_ledger,21531,0006459
2012-07-31,41000,Charter Revenue,Charter #5317 - Res #006347 - unknown,0.00,0.01,income_ledger,21531,0006459
2012-07-31,1000,Cash / Clearing,Charter #5489 - Res #006543 - unknown,0.01,0.00,income_ledger,21534,0006462
2012-07-31,41000,Charter Revenue,Charter #5489 - Res #006543 - unknown,0.00,0.01,income_ledger,21534,0006462
2012-07-31,1000,Cash / Clearing,Charter #5490 - Res #006544 - unknown,0.01,0.00,income_ledger,21537,0006463
2012-07-31,41000,Charter Revenue,Charter #5490 - Res #006544 - unknown,0.00,0.01,income_ledger,21537,0006463
2012-07-31,1000,Cash / Clearing,Charter #5487 - Res #006541 - unknown,0.01,0.00,income_ledger,21566,0006456
2012-07-31,41000,Charter Revenue,Charter #5487 - Res #006541 - unknown,0.00,0.01,income_ledger,21566,0006456
2012-08-01,1000,Cash / Clearing,Charter #5493 - Res #006547 - unknown,82.50,0.00,income_ledger,19759,0006362
2012-08-01,41000,Charter Revenue,Charter #5493 - Res #006547 - unknown,0.00,82.50,income_ledger,19759,0006362
2012-08-01,1000,Cash / Clearing,Charter #5494 - Res #006548 - unknown,250.00,0.00,income_ledger,20240,0006467
2012-08-01,41000,Charter Revenue,Charter #5494 - Res #006548 - unknown,0.00,250.00,income_ledger,20240,0006467
2012-08-01,1000,Cash / Clearing,Charter #5482 - Res #006536 - unknown,82.50,0.00,income_ledger,20281,0006471
2012-08-01,41000,Charter Revenue,Charter #5482 - Res #006536 - unknown,0.00,82.50,income_ledger,20281,0006471
2012-08-01,1000,Cash / Clearing,Charter #5497 - Res #006551 - unknown,75.00,0.00,income_ledger,20282,0006475
2012-08-01,41000,Charter Revenue,Charter #5497 - Res #006551 - unknown,0.00,75.00,income_ledger,20282,0006475
2012-08-01,1000,Cash / Clearing,Charter #5499 - Res #006553 - unknown,87.50,0.00,income_ledger,20283,0006477
2012-08-01,41000,Charter Revenue,Charter #5499 - Res #006553 - unknown,0.00,87.50,income_ledger,20283,0006477
2012-08-01,1000,Cash / Clearing,Charter #5483 - Res #006537 - unknown,135.00,0.00,income_ledger,21116,0006473
2012-08-01,41000,Charter Revenue,Charter #5483 - Res #006537 - unknown,0.00,135.00,income_ledger,21116,0006473
2012-08-01,1000,Cash / Clearing,Charter #5500 - Res #006554 - unknown,205.00,0.00,income_ledger,21513,0006479
2012-08-01,41000,Charter Revenue,Charter #5500 - Res #006554 - unknown,0.00,205.00,income_ledger,21513,0006479
2012-08-01,1000,Cash / Clearing,Charter #5496 - Res #006550 - unknown,75.00,0.00,income_ledger,21522,0006476
2012-08-01,41000,Charter Revenue,Charter #5496 - Res #006550 - unknown,0.00,75.00,income_ledger,21522,0006476
2012-08-01,1000,Cash / Clearing,Charter #5498 - Res #006552 - unknown,87.50,0.00,income_ledger,21523,0006478
2012-08-01,41000,Charter Revenue,Charter #5498 - Res #006552 - unknown,0.00,87.50,income_ledger,21523,0006478
2012-08-01,1000,Cash / Clearing,Charter #5495 - Res #006549 - unknown,500.00,0.00,income_ledger,21540,0006474
2012-08-01,41000,Charter Revenue,Charter #5495 - Res #006549 - unknown,0.00,500.00,income_ledger,21540,0006474
2012-08-01,1000,Cash / Clearing,Charter #5423 - Res #006477 - unknown,420.20,0.00,income_ledger,21546,0006469
2012-08-01,41000,Charter Revenue,Charter #5423 - Res #006477 - unknown,0.00,420.20,income_ledger,21546,0006469
2012-08-01,1000,Cash / Clearing,Charter #5481 - Res #006535 - unknown,102.50,0.00,income_ledger,21547,0006470
2012-08-01,41000,Charter Revenue,Charter #5481 - Res #006535 - unknown,0.00,102.50,income_ledger,21547,0006470
2012-08-01,1000,Cash / Clearing,Charter #5484 - Res #006538 - unknown,135.00,0.00,income_ledger,21548,0006472
2012-08-01,41000,Charter Revenue,Charter #5484 - Res #006538 - unknown,0.00,135.00,income_ledger,21548,0006472
2012-08-03,1000,Cash / Clearing,Charter #5133 - Res #006186 - unknown,214.50,0.00,income_ledger,17925,0006486
2012-08-03,41000,Charter Revenue,Charter #5133 - Res #006186 - unknown,0.00,214.50,income_ledger,17925,0006486
2012-08-03,1000,Cash / Clearing,Charter #4424 - Res #005473 - unknown,300.00,0.00,income_ledger,18633,0006482
2012-08-03,41000,Charter Revenue,Charter #4424 - Res #005473 - unknown,0.00,300.00,income_ledger,18633,0006482
2012-08-03,1000,Cash / Clearing,Charter #5501 - Res #006555 - unknown,175.00,0.00,income_ledger,19043,0006375
2012-08-03,41000,Charter Revenue,Charter #5501 - Res #006555 - unknown,0.00,175.00,income_ledger,19043,0006375
2012-08-03,1000,Cash / Clearing,Charter #5385 - Res #006438 - unknown,877.80,0.00,income_ledger,20249,0006488
2012-08-03,41000,Charter Revenue,Charter #5385 - Res #006438 - unknown,0.00,877.80,income_ledger,20249,0006488
2012-08-03,1000,Cash / Clearing,Charter #5502 - Res #006556 - unknown,82.50,0.00,income_ledger,20284,0006485
2012-08-03,41000,Charter Revenue,Charter #5502 - Res #006556 - unknown,0.00,82.50,income_ledger,20284,0006485
2012-08-03,1000,Cash / Clearing,Charter #4360 - Res #005409 - unknown,91.84,0.00,income_ledger,21121,0006489
2012-08-03,41000,Charter Revenue,Charter #4360 - Res #005409 - unknown,0.00,91.84,income_ledger,21121,0006489
2012-08-03,1000,Cash / Clearing,Charter #5379 - Res #006432 - unknown,189.75,0.00,income_ledger,21456,0006480
2012-08-03,41000,Charter Revenue,Charter #5379 - Res #006432 - unknown,0.00,189.75,income_ledger,21456,0006480
2012-08-03,1000,Cash / Clearing,Charter #5503 - Res #006557 - unknown,0.01,0.00,income_ledger,21578,0006484
2012-08-03,41000,Charter Revenue,Charter #5503 - Res #006557 - unknown,0.00,0.01,income_ledger,21578,0006484
2012-08-04,1000,Cash / Clearing,Charter #4360 - Res #005409 - unknown,62.70,0.00,income_ledger,18571,0006497
2012-08-04,41000,Charter Revenue,Charter #4360 - Res #005409 - unknown,0.00,62.70,income_ledger,18571,0006497
2012-08-04,1000,Cash / Clearing,Charter #5264 - Res #006317 - unknown,680.00,0.00,income_ledger,20252,0006495
2012-08-04,41000,Charter Revenue,Charter #5264 - Res #006317 - unknown,0.00,680.00,income_ledger,20252,0006495
2012-08-04,1000,Cash / Clearing,Charter #5507 - Res #006561 - unknown,0.01,0.00,income_ledger,20816,0006490
2012-08-04,41000,Charter Revenue,Charter #5507 - Res #006561 - unknown,0.00,0.01,income_ledger,20816,0006490
2012-08-04,1000,Cash / Clearing,Charter #5506 - Res #006560 - unknown,650.50,0.00,income_ledger,21528,0006492
2012-08-04,41000,Charter Revenue,Charter #5506 - Res #006560 - unknown,0.00,650.50,income_ledger,21528,0006492
2012-08-04,1000,Cash / Clearing,Charter #5264 - Res #006317 - unknown,400.00,0.00,income_ledger,21551,0006496
2012-08-04,41000,Charter Revenue,Charter #5264 - Res #006317 - unknown,0.00,400.00,income_ledger,21551,0006496
2012-08-06,1000,Cash / Clearing,Charter #5515 - Res #006569 - unknown,205.00,0.00,income_ledger,20285,0006498
2012-08-06,41000,Charter Revenue,Charter #5515 - Res #006569 - unknown,0.00,205.00,income_ledger,20285,0006498
2012-08-06,1000,Cash / Clearing,Charter #5494 - Res #006548 - unknown,980.00,0.00,income_ledger,20980,0006500
2012-08-06,41000,Charter Revenue,Charter #5494 - Res #006548 - unknown,0.00,980.00,income_ledger,20980,0006500
2012-08-06,1000,Cash / Clearing,Charter #5262 - Res #006315 - unknown,655.00,0.00,income_ledger,21549,0006499
2012-08-06,41000,Charter Revenue,Charter #5262 - Res #006315 - unknown,0.00,655.00,income_ledger,21549,0006499
2012-08-07,1000,Cash / Clearing,Charter #4789 - Res #005840 - unknown,1082.00,0.00,income_ledger,21556,0006501
2012-08-07,41000,Charter Revenue,Charter #4789 - Res #005840 - unknown,0.00,1082.00,income_ledger,21556,0006501
2012-08-07,1000,Cash / Clearing,Charter #5517 - Res #006571 - unknown,1000.00,0.00,income_ledger,21557,0006502
2012-08-07,41000,Charter Revenue,Charter #5517 - Res #006571 - unknown,0.00,1000.00,income_ledger,21557,0006502
2012-08-08,1000,Cash / Clearing,Charter #5026 - Res #006132 - credit_card,400.00,0.00,income_ledger,18827,0006400
2012-08-08,41000,Charter Revenue,Charter #5026 - Res #006132 - credit_card,0.00,400.00,income_ledger,18827,0006400
2012-08-08,1000,Cash / Clearing,Charter #5501 - Res #006555 - unknown,647.80,0.00,income_ledger,19045,0006402
2012-08-08,41000,Charter Revenue,Charter #5501 - Res #006555 - unknown,0.00,647.80,income_ledger,19045,0006402
2012-08-08,1000,Cash / Clearing,Charter #5265 - Res #006318 - unknown,-400.00,0.00,income_ledger,19051,0006397
2012-08-08,41000,Charter Revenue,Charter #5265 - Res #006318 - unknown,0.00,-400.00,income_ledger,19051,0006397
2012-08-08,1000,Cash / Clearing,Charter #5516 - Res #006570 - unknown,231.00,0.00,income_ledger,21425,0006508
2012-08-08,41000,Charter Revenue,Charter #5516 - Res #006570 - unknown,0.00,231.00,income_ledger,21425,0006508
2012-08-08,1000,Cash / Clearing,Charter #5518 - Res #006572 - unknown,500.00,0.00,income_ledger,21574,0006503
2012-08-08,41000,Charter Revenue,Charter #5518 - Res #006572 - unknown,0.00,500.00,income_ledger,21574,0006503
2012-08-08,1000,Cash / Clearing,Charter #5519 - Res #006573 - unknown,82.50,0.00,income_ledger,21917,0006505
2012-08-08,41000,Charter Revenue,Charter #5519 - Res #006573 - unknown,0.00,82.50,income_ledger,21917,0006505
2012-08-08,1000,Cash / Clearing,Charter #5521 - Res #006575 - unknown,0.01,0.00,income_ledger,22025,0006506
2012-08-08,41000,Charter Revenue,Charter #5521 - Res #006575 - unknown,0.00,0.01,income_ledger,22025,0006506
2012-08-09,1000,Cash / Clearing,Charter #5513 - Res #006567 - unknown,560.00,0.00,income_ledger,21125,0006510
2012-08-09,41000,Charter Revenue,Charter #5513 - Res #006567 - unknown,0.00,560.00,income_ledger,21125,0006510
2012-08-10,1000,Cash / Clearing,Charter #5541 - Res #006579 - unknown,175.00,0.00,income_ledger,20286,0006512
2012-08-10,41000,Charter Revenue,Charter #5541 - Res #006579 - unknown,0.00,175.00,income_ledger,20286,0006512
2012-08-10,1000,Cash / Clearing,Charter #5548 - Res #006586 - unknown,175.00,0.00,income_ledger,21553,0006516
2012-08-10,41000,Charter Revenue,Charter #5548 - Res #006586 - unknown,0.00,175.00,income_ledger,21553,0006516
2012-08-10,1000,Cash / Clearing,Charter #5546 - Res #006584 - unknown,0.01,0.00,income_ledger,21554,0006515
2012-08-10,41000,Charter Revenue,Charter #5546 - Res #006584 - unknown,0.00,0.01,income_ledger,21554,0006515
2012-08-10,1000,Cash / Clearing,Charter #5522 - Res #006576 - unknown,271.00,0.00,income_ledger,21567,0006513
2012-08-10,41000,Charter Revenue,Charter #5522 - Res #006576 - unknown,0.00,271.00,income_ledger,21567,0006513
2012-08-10,1000,Cash / Clearing,Charter #5510 - Res #006564 - unknown,100.00,0.00,income_ledger,21568,0006514
2012-08-10,41000,Charter Revenue,Charter #5510 - Res #006564 - unknown,0.00,100.00,income_ledger,21568,0006514
2012-08-10,1000,Cash / Clearing,Charter #5523 - Res #006577 - unknown,175.00,0.00,income_ledger,21628,0006511
2012-08-10,41000,Charter Revenue,Charter #5523 - Res #006577 - unknown,0.00,175.00,income_ledger,21628,0006511
2012-08-10,1000,Cash / Clearing,Charter #5511 - Res #006565 - unknown,140.00,0.00,income_ledger,23251,0008808
2012-08-10,41000,Charter Revenue,Charter #5511 - Res #006565 - unknown,0.00,140.00,income_ledger,23251,0008808
2012-08-13,1000,Cash / Clearing,Charter #5551 - Res #006589 - unknown,55.00,0.00,income_ledger,19047,0006414
2012-08-13,41000,Charter Revenue,Charter #5551 - Res #006589 - unknown,0.00,55.00,income_ledger,19047,0006414
2012-08-13,1000,Cash / Clearing,Charter #5257 - Res #006310 - unknown,522.00,0.00,income_ledger,19049,0006412
2012-08-13,41000,Charter Revenue,Charter #5257 - Res #006310 - unknown,0.00,522.00,income_ledger,19049,0006412
2012-08-13,1000,Cash / Clearing,Charter #5551 - Res #006589 - unknown,7.00,0.00,income_ledger,19760,0006415
2012-08-13,41000,Charter Revenue,Charter #5551 - Res #006589 - unknown,0.00,7.00,income_ledger,19760,0006415
2012-08-13,1000,Cash / Clearing,Charter #5550 - Res #006588 - unknown,433.50,0.00,income_ledger,20287,0006517
2012-08-13,41000,Charter Revenue,Charter #5550 - Res #006588 - unknown,0.00,433.50,income_ledger,20287,0006517
2012-08-13,1000,Cash / Clearing,Charter #5549 - Res #006587 - unknown,231.00,0.00,income_ledger,20288,0006519
2012-08-13,41000,Charter Revenue,Charter #5549 - Res #006587 - unknown,0.00,231.00,income_ledger,20288,0006519
2012-08-13,1000,Cash / Clearing,Charter #5262 - Res #006315 - unknown,284.00,0.00,income_ledger,20289,0006524
2012-08-13,41000,Charter Revenue,Charter #5262 - Res #006315 - unknown,0.00,284.00,income_ledger,20289,0006524
2012-08-13,1000,Cash / Clearing,Charter #5518 - Res #006572 - unknown,600.00,0.00,income_ledger,20290,0006526
2012-08-13,41000,Charter Revenue,Charter #5518 - Res #006572 - unknown,0.00,600.00,income_ledger,20290,0006526
2012-08-13,1000,Cash / Clearing,Charter #4792 - Res #005843 - unknown,700.00,0.00,income_ledger,21552,0006522
2012-08-13,41000,Charter Revenue,Charter #4792 - Res #005843 - unknown,0.00,700.00,income_ledger,21552,0006522
2012-08-13,1000,Cash / Clearing,Charter #5495 - Res #006549 - unknown,901.00,0.00,income_ledger,21570,0006523
2012-08-13,41000,Charter Revenue,Charter #5495 - Res #006549 - unknown,0.00,901.00,income_ledger,21570,0006523
2012-08-13,1000,Cash / Clearing,Charter #5518 - Res #006572 - unknown,1000.00,0.00,income_ledger,21723,0006525
2012-08-13,41000,Charter Revenue,Charter #5518 - Res #006572 - unknown,0.00,1000.00,income_ledger,21723,0006525
2012-08-15,1000,Cash / Clearing,Charter #5504 - Res #006558 - unknown,242.56,0.00,income_ledger,18859,
2012-08-15,41000,Charter Revenue,Charter #5504 - Res #006558 - unknown,0.00,242.56,income_ledger,18859,
2012-08-15,1000,Cash / Clearing,Charter #5558 - Res #006596 - unknown,82.50,0.00,income_ledger,19429,0006531
2012-08-15,41000,Charter Revenue,Charter #5558 - Res #006596 - unknown,0.00,82.50,income_ledger,19429,0006531
2012-08-15,1000,Cash / Clearing,Charter #5556 - Res #006594 - unknown,82.50,0.00,income_ledger,20291,0006529
2012-08-15,41000,Charter Revenue,Charter #5556 - Res #006594 - unknown,0.00,82.50,income_ledger,20291,0006529
2012-08-15,1000,Cash / Clearing,Charter #5547 - Res #006585 - unknown,321.56,0.00,income_ledger,20292,0006530
2012-08-15,41000,Charter Revenue,Charter #5547 - Res #006585 - unknown,0.00,321.56,income_ledger,20292,0006530
2012-08-15,1000,Cash / Clearing,Charter #5553 - Res #006591 - unknown,82.50,0.00,income_ledger,20293,0006532
2012-08-15,41000,Charter Revenue,Charter #5553 - Res #006591 - unknown,0.00,82.50,income_ledger,20293,0006532
2012-08-15,1000,Cash / Clearing,Charter #5554 - Res #006592 - unknown,205.00,0.00,income_ledger,21564,0006527
2012-08-15,41000,Charter Revenue,Charter #5554 - Res #006592 - unknown,0.00,205.00,income_ledger,21564,0006527
2012-08-15,1000,Cash / Clearing,Charter #5406 - Res #006460 - unknown,750.00,0.00,income_ledger,21569,0006528
2012-08-15,41000,Charter Revenue,Charter #5406 - Res #006460 - unknown,0.00,750.00,income_ledger,21569,0006528
2012-08-16,1000,Cash / Clearing,Charter #5552 - Res #006590 - unknown,250.01,0.00,income_ledger,13349,
2012-08-16,41000,Charter Revenue,Charter #5552 - Res #006590 - unknown,0.00,250.01,income_ledger,13349,
2012-08-16,1000,Cash / Clearing,Charter #4380 - Res #005429 - unknown,165.00,0.00,income_ledger,18614,0006540
2012-08-16,41000,Charter Revenue,Charter #4380 - Res #005429 - unknown,0.00,165.00,income_ledger,18614,0006540
2012-08-16,1000,Cash / Clearing,Charter #4641 - Res #005675 - unknown,1301.50,0.00,income_ledger,18860,0006546
2012-08-16,41000,Charter Revenue,Charter #4641 - Res #005675 - unknown,0.00,1301.50,income_ledger,18860,0006546
2012-08-16,1000,Cash / Clearing,Charter #5520 - Res #006574 - unknown,190.00,0.00,income_ledger,20294,0006536
2012-08-16,41000,Charter Revenue,Charter #5520 - Res #006574 - unknown,0.00,190.00,income_ledger,20294,0006536
2012-08-16,1000,Cash / Clearing,Charter #5512 - Res #006566 - unknown,685.00,0.00,income_ledger,21555,0006537
2012-08-16,41000,Charter Revenue,Charter #5512 - Res #006566 - unknown,0.00,685.00,income_ledger,21555,0006537
2012-08-16,1000,Cash / Clearing,Charter #5387 - Res #006440 - unknown,472.50,0.00,income_ledger,21559,0006534
2012-08-16,41000,Charter Revenue,Charter #5387 - Res #006440 - unknown,0.00,472.50,income_ledger,21559,0006534
2012-08-16,1000,Cash / Clearing,Charter #5390 - Res #006443 - unknown,1274.06,0.00,income_ledger,21571,0006545
2012-08-16,41000,Charter Revenue,Charter #5390 - Res #006443 - unknown,0.00,1274.06,income_ledger,21571,0006545
2012-08-16,1000,Cash / Clearing,Charter #5541 - Res #006579 - unknown,370.90,0.00,income_ledger,21572,0006544
2012-08-16,41000,Charter Revenue,Charter #5541 - Res #006579 - unknown,0.00,370.90,income_ledger,21572,0006544
2012-08-16,1000,Cash / Clearing,Charter #5557 - Res #006595 - unknown,465.01,0.00,income_ledger,21575,0006543
2012-08-16,41000,Charter Revenue,Charter #5557 - Res #006595 - unknown,0.00,465.01,income_ledger,21575,0006543
2012-08-16,1000,Cash / Clearing,Charter #5127 - Res #006180 - unknown,1722.10,0.00,income_ledger,21576,0006547
2012-08-16,41000,Charter Revenue,Charter #5127 - Res #006180 - unknown,0.00,1722.10,income_ledger,21576,0006547
2012-08-16,1000,Cash / Clearing,Charter #5264 - Res #006317 - unknown,285.54,0.00,income_ledger,21585,0006538
2012-08-16,41000,Charter Revenue,Charter #5264 - Res #006317 - unknown,0.00,285.54,income_ledger,21585,0006538
2012-08-16,1000,Cash / Clearing,Charter #4789 - Res #005840 - unknown,212.64,0.00,income_ledger,21590,0006535
2012-08-16,41000,Charter Revenue,Charter #4789 - Res #005840 - unknown,0.00,212.64,income_ledger,21590,0006535
2012-08-16,1000,Cash / Clearing,Charter #5561 - Res #006599 - unknown,205.00,0.00,income_ledger,21595,0006541
2012-08-16,41000,Charter Revenue,Charter #5561 - Res #006599 - unknown,0.00,205.00,income_ledger,21595,0006541
2012-08-16,1000,Cash / Clearing,Charter #5563 - Res #006601 - unknown,175.00,0.00,income_ledger,21596,0006542
2012-08-16,41000,Charter Revenue,Charter #5563 - Res #006601 - unknown,0.00,175.00,income_ledger,21596,0006542
2012-08-17,1000,Cash / Clearing,Charter #5571 - Res #006609 - unknown,-0.02,0.00,income_ledger,18880,ROUND2012_2015_006609_20260410
2012-08-17,41000,Charter Revenue,Charter #5571 - Res #006609 - unknown,0.00,-0.02,income_ledger,18880,ROUND2012_2015_006609_20260410
2012-08-17,1000,Cash / Clearing,Charter #5464 - Res #006518 - unknown,309.75,0.00,income_ledger,19761,0006447
2012-08-17,41000,Charter Revenue,Charter #5464 - Res #006518 - unknown,0.00,309.75,income_ledger,19761,0006447
2012-08-17,1000,Cash / Clearing,Charter #5564 - Res #006602 - unknown,175.00,0.00,income_ledger,21573,0006549
2012-08-17,41000,Charter Revenue,Charter #5564 - Res #006602 - unknown,0.00,175.00,income_ledger,21573,0006549
2012-08-17,1000,Cash / Clearing,Charter #5570 - Res #006608 - unknown,0.01,0.00,income_ledger,21579,0006454
2012-08-17,41000,Charter Revenue,Charter #5570 - Res #006608 - unknown,0.00,0.01,income_ledger,21579,0006454
2012-08-17,1000,Cash / Clearing,Charter #5159 - Res #006212 - unknown,713.54,0.00,income_ledger,21581,0006554
2012-08-17,41000,Charter Revenue,Charter #5159 - Res #006212 - unknown,0.00,713.54,income_ledger,21581,0006554
2012-08-17,1000,Cash / Clearing,Charter #5567 - Res #006605 - unknown,82.50,0.00,income_ledger,21583,0006557
2012-08-17,41000,Charter Revenue,Charter #5567 - Res #006605 - unknown,0.00,82.50,income_ledger,21583,0006557
2012-08-17,1000,Cash / Clearing,Charter #5569 - Res #006607 - unknown,205.00,0.00,income_ledger,21586,0006559
2012-08-17,41000,Charter Revenue,Charter #5569 - Res #006607 - unknown,0.00,205.00,income_ledger,21586,0006559
2012-08-17,1000,Cash / Clearing,Charter #4848 - Res #005899 - unknown,176.00,0.00,income_ledger,21587,0006555
2012-08-17,41000,Charter Revenue,Charter #4848 - Res #005899 - unknown,0.00,176.00,income_ledger,21587,0006555
2012-08-17,1000,Cash / Clearing,Charter #5570 - Res #006608 - unknown,0.01,0.00,income_ledger,21589,0006560
2012-08-17,41000,Charter Revenue,Charter #5570 - Res #006608 - unknown,0.00,0.01,income_ledger,21589,0006560
2012-08-17,1000,Cash / Clearing,Charter #5566 - Res #006604 - unknown,0.01,0.00,income_ledger,21600,0006548
2012-08-17,41000,Charter Revenue,Charter #5566 - Res #006604 - unknown,0.00,0.01,income_ledger,21600,0006548
2012-08-18,1000,Cash / Clearing,Charter #5573 - Res #006611 - unknown,402.50,0.00,income_ledger,20276,0006561
2012-08-18,41000,Charter Revenue,Charter #5573 - Res #006611 - unknown,0.00,402.50,income_ledger,20276,0006561
2012-08-20,1000,Cash / Clearing,Charter #5559 - Res #006597 - unknown,0.01,0.00,income_ledger,1469,
2012-08-20,41000,Charter Revenue,Charter #5559 - Res #006597 - unknown,0.00,0.01,income_ledger,1469,
2012-08-20,1000,Cash / Clearing,Charter #5572 - Res #006610 - unknown,-0.02,0.00,income_ledger,18875,ROUND2012_2015_006610_20260410
2012-08-20,41000,Charter Revenue,Charter #5572 - Res #006610 - unknown,0.00,-0.02,income_ledger,18875,ROUND2012_2015_006610_20260410
2012-08-20,1000,Cash / Clearing,Charter #5342 - Res #006395 - unknown,110.00,0.00,income_ledger,19260,0006573
2012-08-20,41000,Charter Revenue,Charter #5342 - Res #006395 - unknown,0.00,110.00,income_ledger,19260,0006573
2012-08-20,1000,Cash / Clearing,Charter #5571 - Res #006609 - unknown,0.01,0.00,income_ledger,19430,0006570
2012-08-20,41000,Charter Revenue,Charter #5571 - Res #006609 - unknown,0.00,0.01,income_ledger,19430,0006570
2012-08-20,1000,Cash / Clearing,Charter #5574 - Res #006612 - unknown,205.00,0.00,income_ledger,19762,0006456
2012-08-20,41000,Charter Revenue,Charter #5574 - Res #006612 - unknown,0.00,205.00,income_ledger,19762,0006456
2012-08-20,1000,Cash / Clearing,Charter #5575 - Res #006613 - unknown,231.00,0.00,income_ledger,20295,0006566
2012-08-20,41000,Charter Revenue,Charter #5575 - Res #006613 - unknown,0.00,231.00,income_ledger,20295,0006566
2012-08-20,1000,Cash / Clearing,Charter #5515 - Res #006569 - unknown,687.52,0.00,income_ledger,20296,0006567
2012-08-20,41000,Charter Revenue,Charter #5515 - Res #006569 - unknown,0.00,687.52,income_ledger,20296,0006567
2012-08-20,1000,Cash / Clearing,Charter #5565 - Res #006603 - unknown,175.00,0.00,income_ledger,20297,0006572
2012-08-20,41000,Charter Revenue,Charter #5565 - Res #006603 - unknown,0.00,175.00,income_ledger,20297,0006572
2012-08-20,1000,Cash / Clearing,Charter #5500 - Res #006554 - unknown,365.23,0.00,income_ledger,20298,0006574
2012-08-20,41000,Charter Revenue,Charter #5500 - Res #006554 - unknown,0.00,365.23,income_ledger,20298,0006574
2012-08-20,1000,Cash / Clearing,Charter #5412 - Res #006466 - unknown,412.06,0.00,income_ledger,20299,0006575
2012-08-20,41000,Charter Revenue,Charter #5412 - Res #006466 - unknown,0.00,412.06,income_ledger,20299,0006575
2012-08-20,1000,Cash / Clearing,Charter #5571 - Res #006609 - unknown,0.01,0.00,income_ledger,21582,0006464
2012-08-20,41000,Charter Revenue,Charter #5571 - Res #006609 - unknown,0.00,0.01,income_ledger,21582,0006464
2012-08-20,1000,Cash / Clearing,Charter #5572 - Res #006610 - unknown,0.01,0.00,income_ledger,21584,0006457
2012-08-20,41000,Charter Revenue,Charter #5572 - Res #006610 - unknown,0.00,0.01,income_ledger,21584,0006457
2012-08-20,1000,Cash / Clearing,Charter #5545 - Res #006583 - unknown,82.50,0.00,income_ledger,21591,0006564
2012-08-20,41000,Charter Revenue,Charter #5545 - Res #006583 - unknown,0.00,82.50,income_ledger,21591,0006564
2012-08-20,1000,Cash / Clearing,Charter #5573 - Res #006611 - unknown,66.64,0.00,income_ledger,21592,0006568
2012-08-20,41000,Charter Revenue,Charter #5573 - Res #006611 - unknown,0.00,66.64,income_ledger,21592,0006568
2012-08-20,1000,Cash / Clearing,Charter #5561 - Res #006599 - unknown,0.01,0.00,income_ledger,21594,0006576
2012-08-20,41000,Charter Revenue,Charter #5561 - Res #006599 - unknown,0.00,0.01,income_ledger,21594,0006576
2012-08-20,1000,Cash / Clearing,Charter #5577 - Res #006615 - unknown,0.01,0.00,income_ledger,21604,0006578
2012-08-20,41000,Charter Revenue,Charter #5577 - Res #006615 - unknown,0.00,0.01,income_ledger,21604,0006578
2012-08-20,1000,Cash / Clearing,Charter #5548 - Res #006586 - unknown,372.00,0.00,income_ledger,21609,0006569
2012-08-20,41000,Charter Revenue,Charter #5548 - Res #006586 - unknown,0.00,372.00,income_ledger,21609,0006569
2012-08-20,1000,Cash / Clearing,Charter #5572 - Res #006610 - unknown,0.01,0.00,income_ledger,21666,0006563
2012-08-20,41000,Charter Revenue,Charter #5572 - Res #006610 - unknown,0.00,0.01,income_ledger,21666,0006563
2012-08-20,1000,Cash / Clearing,Charter #5562 - Res #006600 - unknown,0.01,0.00,income_ledger,21838,0006577
2012-08-20,41000,Charter Revenue,Charter #5562 - Res #006600 - unknown,0.00,0.01,income_ledger,21838,0006577
2012-08-20,1000,Cash / Clearing,Charter #5569 - Res #006607 - unknown,304.46,0.00,income_ledger,21924,0006565
2012-08-20,41000,Charter Revenue,Charter #5569 - Res #006607 - unknown,0.00,304.46,income_ledger,21924,0006565
2012-08-21,1000,Cash / Clearing,Charter #5543 - Res #006581 - unknown,175.00,0.00,income_ledger,19052,0006481
2012-08-21,41000,Charter Revenue,Charter #5543 - Res #006581 - unknown,0.00,175.00,income_ledger,19052,0006481
2012-08-21,1000,Cash / Clearing,Charter #5580 - Res #006618 - unknown,40.00,0.00,income_ledger,20300,0006582
2012-08-21,41000,Charter Revenue,Charter #5580 - Res #006618 - unknown,0.00,40.00,income_ledger,20300,0006582
2012-08-21,1000,Cash / Clearing,Charter #5313 - Res #006343 - unknown,98.00,0.00,income_ledger,20301,0006583
2012-08-21,41000,Charter Revenue,Charter #5313 - Res #006343 - unknown,0.00,98.00,income_ledger,20301,0006583
2012-08-21,1000,Cash / Clearing,Charter #5580 - Res #006618 - unknown,104.37,0.00,income_ledger,20302,0006584
2012-08-21,41000,Charter Revenue,Charter #5580 - Res #006618 - unknown,0.00,104.37,income_ledger,20302,0006584
2012-08-21,1000,Cash / Clearing,Charter #5514 - Res #006568 - unknown,231.00,0.00,income_ledger,20303,0006585
2012-08-21,41000,Charter Revenue,Charter #5514 - Res #006568 - unknown,0.00,231.00,income_ledger,20303,0006585
2012-08-21,1000,Cash / Clearing,Charter #5421 - Res #006475 - unknown,95.00,0.00,income_ledger,21597,0006586
2012-08-21,41000,Charter Revenue,Charter #5421 - Res #006475 - unknown,0.00,95.00,income_ledger,21597,0006586
2012-08-21,1000,Cash / Clearing,Charter #4968 - Res #006019 - unknown,905.04,0.00,income_ledger,21599,0006580
2012-08-21,41000,Charter Revenue,Charter #4968 - Res #006019 - unknown,0.00,905.04,income_ledger,21599,0006580
2012-08-21,1000,Cash / Clearing,Charter #5579 - Res #006617 - unknown,181.50,0.00,income_ledger,21626,0006581
2012-08-21,41000,Charter Revenue,Charter #5579 - Res #006617 - unknown,0.00,181.50,income_ledger,21626,0006581
2012-08-22,1000,Cash / Clearing,Charter #5523 - Res #006577 - credit_card,383.50,0.00,income_ledger,20598,0006485
2012-08-22,41000,Charter Revenue,Charter #5523 - Res #006577 - credit_card,0.00,383.50,income_ledger,20598,0006485
2012-08-22,1000,Cash / Clearing,Charter #5591 - Res #006630 - unknown,0.01,0.00,income_ledger,21542,0006491
2012-08-22,41000,Charter Revenue,Charter #5591 - Res #006630 - unknown,0.00,0.01,income_ledger,21542,0006491
2012-08-22,1000,Cash / Clearing,Charter #5597 - Res #006636 - unknown,186.00,0.00,income_ledger,21601,0006603
2012-08-22,41000,Charter Revenue,Charter #5597 - Res #006636 - unknown,0.00,186.00,income_ledger,21601,0006603
2012-08-22,1000,Cash / Clearing,Charter #5583 - Res #006621 - unknown,75.00,0.00,income_ledger,21603,0006589
2012-08-22,41000,Charter Revenue,Charter #5583 - Res #006621 - unknown,0.00,75.00,income_ledger,21603,0006589
2012-08-22,1000,Cash / Clearing,Charter #4756 - Res #005807 - unknown,1300.00,0.00,income_ledger,21606,0006603
2012-08-22,41000,Charter Revenue,Charter #4756 - Res #005807 - unknown,0.00,1300.00,income_ledger,21606,0006603
2012-08-22,1000,Cash / Clearing,Charter #5593 - Res #006632 - unknown,0.01,0.00,income_ledger,21607,0006599
2012-08-22,41000,Charter Revenue,Charter #5593 - Res #006632 - unknown,0.00,0.01,income_ledger,21607,0006599
2012-08-22,1000,Cash / Clearing,Charter #5589 - Res #006627 - unknown,0.01,0.00,income_ledger,21608,0006595
2012-08-22,41000,Charter Revenue,Charter #5589 - Res #006627 - unknown,0.00,0.01,income_ledger,21608,0006595
2012-08-22,1000,Cash / Clearing,Charter #5590 - Res #006628 - unknown,0.01,0.00,income_ledger,21610,0006596
2012-08-22,41000,Charter Revenue,Charter #5590 - Res #006628 - unknown,0.00,0.01,income_ledger,21610,0006596
2012-08-22,1000,Cash / Clearing,Charter #5595 - Res #006634 - unknown,0.01,0.00,income_ledger,21611,0006601
2012-08-22,41000,Charter Revenue,Charter #5595 - Res #006634 - unknown,0.00,0.01,income_ledger,21611,0006601
2012-08-22,1000,Cash / Clearing,Charter #5523 - Res #006577 - unknown,441.03,0.00,income_ledger,21612,0006594
2012-08-22,41000,Charter Revenue,Charter #5523 - Res #006577 - unknown,0.00,441.03,income_ledger,21612,0006594
2012-08-22,1000,Cash / Clearing,Charter #5591 - Res #006630 - unknown,0.01,0.00,income_ledger,21614,0006598
2012-08-22,41000,Charter Revenue,Charter #5591 - Res #006630 - unknown,0.00,0.01,income_ledger,21614,0006598
2012-08-22,1000,Cash / Clearing,Charter #5596 - Res #006635 - unknown,223.75,0.00,income_ledger,21615,0006602
2012-08-22,41000,Charter Revenue,Charter #5596 - Res #006635 - unknown,0.00,223.75,income_ledger,21615,0006602
2012-08-22,1000,Cash / Clearing,Charter #5523 - Res #006577 - unknown,383.50,0.00,income_ledger,21617,0006592
2012-08-22,41000,Charter Revenue,Charter #5523 - Res #006577 - unknown,0.00,383.50,income_ledger,21617,0006592
2012-08-22,1000,Cash / Clearing,Charter #5598 - Res #006637 - unknown,0.01,0.00,income_ledger,21619,0006604
2012-08-22,41000,Charter Revenue,Charter #5598 - Res #006637 - unknown,0.00,0.01,income_ledger,21619,0006604
2012-08-22,1000,Cash / Clearing,Charter #5586 - Res #006624 - unknown,387.00,0.00,income_ledger,21638,0006590
2012-08-22,41000,Charter Revenue,Charter #5586 - Res #006624 - unknown,0.00,387.00,income_ledger,21638,0006590
2012-08-22,1000,Cash / Clearing,Charter #5587 - Res #006625 - unknown,100.00,0.00,income_ledger,21639,0006591
2012-08-22,41000,Charter Revenue,Charter #5587 - Res #006625 - unknown,0.00,100.00,income_ledger,21639,0006591
2012-08-22,1000,Cash / Clearing,Charter #5588 - Res #006626 - unknown,175.00,0.00,income_ledger,22135,0006593
2012-08-22,41000,Charter Revenue,Charter #5588 - Res #006626 - unknown,0.00,175.00,income_ledger,22135,0006593
2012-08-23,1000,Cash / Clearing,Charter #5603 - Res #006642 - unknown,500.00,0.00,income_ledger,20981,0006606
2012-08-23,41000,Charter Revenue,Charter #5603 - Res #006642 - unknown,0.00,500.00,income_ledger,20981,0006606
2012-08-23,1000,Cash / Clearing,Charter #5505 - Res #006559 - unknown,943.80,0.00,income_ledger,21624,0006607
2012-08-23,41000,Charter Revenue,Charter #5505 - Res #006559 - unknown,0.00,943.80,income_ledger,21624,0006607
2012-08-24,1000,Cash / Clearing,Charter #5607 - Res #006646 - unknown,0.01,0.00,income_ledger,19452,0006608
2012-08-24,41000,Charter Revenue,Charter #5607 - Res #006646 - unknown,0.00,0.01,income_ledger,19452,0006608
2012-08-25,1000,Cash / Clearing,Charter #5608 - Res #006647 - unknown,75.00,0.00,income_ledger,21598,0006609
2012-08-25,41000,Charter Revenue,Charter #5608 - Res #006647 - unknown,0.00,75.00,income_ledger,21598,0006609
2012-08-27,1000,Cash / Clearing,Charter #4397 - Res #005446 - unknown,818.75,0.00,income_ledger,18615,0006610
2012-08-27,41000,Charter Revenue,Charter #4397 - Res #005446 - unknown,0.00,818.75,income_ledger,18615,0006610
2012-08-27,1000,Cash / Clearing,Charter #5362 - Res #006415 - unknown,0.05,0.00,income_ledger,19261,0006616
2012-08-27,41000,Charter Revenue,Charter #5362 - Res #006415 - unknown,0.00,0.05,income_ledger,19261,0006616
2012-08-27,1000,Cash / Clearing,Charter #5362 - Res #006415 - unknown,619.33,0.00,income_ledger,19264,0006615
2012-08-27,41000,Charter Revenue,Charter #5362 - Res #006415 - unknown,0.00,619.33,income_ledger,19264,0006615
2012-08-27,1000,Cash / Clearing,Charter #5611 - Res #006650 - unknown,75.00,0.00,income_ledger,19453,0006612
2012-08-27,41000,Charter Revenue,Charter #5611 - Res #006650 - unknown,0.00,75.00,income_ledger,19453,0006612
2012-08-27,1000,Cash / Clearing,Charter #5609 - Res #006648 - unknown,75.00,0.00,income_ledger,19454,0006611
2012-08-27,41000,Charter Revenue,Charter #5609 - Res #006648 - unknown,0.00,75.00,income_ledger,19454,0006611
2012-08-27,1000,Cash / Clearing,Charter #5395 - Res #006448 - unknown,235.00,0.00,income_ledger,21580,0006614
2012-08-27,41000,Charter Revenue,Charter #5395 - Res #006448 - unknown,0.00,235.00,income_ledger,21580,0006614
2012-08-27,1000,Cash / Clearing,Charter #5612 - Res #006651 - unknown,75.00,0.00,income_ledger,21616,0006613
2012-08-27,41000,Charter Revenue,Charter #5612 - Res #006651 - unknown,0.00,75.00,income_ledger,21616,0006613
2012-08-27,1000,Cash / Clearing,Charter #5610 - Res #006649 - unknown,400.00,0.00,income_ledger,21655,0006617
2012-08-27,41000,Charter Revenue,Charter #5610 - Res #006649 - unknown,0.00,400.00,income_ledger,21655,0006617
2012-08-28,1000,Cash / Clearing,Charter #5574 - Res #006612 - unknown,312.38,0.00,income_ledger,19053,0006526
2012-08-28,41000,Charter Revenue,Charter #5574 - Res #006612 - unknown,0.00,312.38,income_ledger,19053,0006526
2012-08-28,1000,Cash / Clearing,Charter #5046 - Res #006073 - unknown,1023.50,0.00,income_ledger,19054,0006524
2012-08-28,41000,Charter Revenue,Charter #5046 - Res #006073 - unknown,0.00,1023.50,income_ledger,19054,0006524
2012-08-28,1000,Cash / Clearing,Charter #5616 - Res #006655 - unknown,0.01,0.00,income_ledger,19450,0007160
2012-08-28,41000,Charter Revenue,Charter #5616 - Res #006655 - unknown,0.00,0.01,income_ledger,19450,0007160
2012-08-28,1000,Cash / Clearing,Charter #5613 - Res #006652 - unknown,0.01,0.00,income_ledger,19451,0006623
2012-08-28,41000,Charter Revenue,Charter #5613 - Res #006652 - unknown,0.00,0.01,income_ledger,19451,0006623
2012-08-28,1000,Cash / Clearing,Charter #5612 - Res #006651 - unknown,174.60,0.00,income_ledger,19455,0006628
2012-08-28,41000,Charter Revenue,Charter #5612 - Res #006651 - unknown,0.00,174.60,income_ledger,19455,0006628
2012-08-28,1000,Cash / Clearing,Charter #5614 - Res #006653 - unknown,0.01,0.00,income_ledger,19456,0006624
2012-08-28,41000,Charter Revenue,Charter #5614 - Res #006653 - unknown,0.00,0.01,income_ledger,19456,0006624
2012-08-28,1000,Cash / Clearing,Charter #5543 - Res #006581 - unknown,8.75,0.00,income_ledger,19763,0006529
2012-08-28,41000,Charter Revenue,Charter #5543 - Res #006581 - unknown,0.00,8.75,income_ledger,19763,0006529
2012-08-28,1000,Cash / Clearing,Charter #5576 - Res #006614 - cash,280.00,0.00,income_ledger,20599,0006513
2012-08-28,41000,Charter Revenue,Charter #5576 - Res #006614 - cash,0.00,280.00,income_ledger,20599,0006513
2012-08-28,1000,Cash / Clearing,Charter #5612 - Res #006651 - credit_card,174.60,0.00,income_ledger,20600,0006523
2012-08-28,41000,Charter Revenue,Charter #5612 - Res #006651 - credit_card,0.00,174.60,income_ledger,20600,0006523
2012-08-28,1000,Cash / Clearing,Charter #5298 - Res #006328 - unknown,-367.50,0.00,income_ledger,21577,0006552
2012-08-28,41000,Charter Revenue,Charter #5298 - Res #006328 - unknown,0.00,-367.50,income_ledger,21577,0006552
2012-08-28,1000,Cash / Clearing,Charter #5576 - Res #006614 - unknown,280.00,0.00,income_ledger,21618,0006620
2012-08-28,41000,Charter Revenue,Charter #5576 - Res #006614 - unknown,0.00,280.00,income_ledger,21618,0006620
2012-08-28,1000,Cash / Clearing,Charter #4756 - Res #005807 - unknown,200.94,0.00,income_ledger,21620,0006625
2012-08-28,41000,Charter Revenue,Charter #4756 - Res #005807 - unknown,0.00,200.94,income_ledger,21620,0006625
2012-08-28,1000,Cash / Clearing,Charter #5618 - Res #006657 - unknown,0.01,0.00,income_ledger,21621,0006626
2012-08-28,41000,Charter Revenue,Charter #5618 - Res #006657 - unknown,0.00,0.01,income_ledger,21621,0006626
2012-08-28,1000,Cash / Clearing,Charter #5600 - Res #006639 - unknown,82.50,0.00,income_ledger,21622,0006622
2012-08-28,41000,Charter Revenue,Charter #5600 - Res #006639 - unknown,0.00,82.50,income_ledger,21622,0006622
2012-08-28,1000,Cash / Clearing,Charter #4795 - Res #005846 - unknown,894.51,0.00,income_ledger,21625,0006632
2012-08-28,41000,Charter Revenue,Charter #4795 - Res #005846 - unknown,0.00,894.51,income_ledger,21625,0006632
2012-08-28,1000,Cash / Clearing,Charter #5622 - Res #006661 - unknown,656.00,0.00,income_ledger,21629,0006627
2012-08-28,41000,Charter Revenue,Charter #5622 - Res #006661 - unknown,0.00,656.00,income_ledger,21629,0006627
2012-08-28,1000,Cash / Clearing,Charter #5548 - Res #006586 - unknown,-41.42,0.00,income_ledger,21632,0006638
2012-08-28,41000,Charter Revenue,Charter #5548 - Res #006586 - unknown,0.00,-41.42,income_ledger,21632,0006638
2012-08-28,1000,Cash / Clearing,Charter #5517 - Res #006571 - unknown,516.00,0.00,income_ledger,21636,0006621
2012-08-28,41000,Charter Revenue,Charter #5517 - Res #006571 - unknown,0.00,516.00,income_ledger,21636,0006621
2012-08-28,1000,Cash / Clearing,Charter #5576 - Res #006614 - unknown,300.00,0.00,income_ledger,21637,0006619
2012-08-28,41000,Charter Revenue,Charter #5576 - Res #006614 - unknown,0.00,300.00,income_ledger,21637,0006619
2012-08-28,1000,Cash / Clearing,Charter #5408 - Res #006462 - unknown,284.87,0.00,income_ledger,21641,0006637
2012-08-28,41000,Charter Revenue,Charter #5408 - Res #006462 - unknown,0.00,284.87,income_ledger,21641,0006637
2012-08-28,1000,Cash / Clearing,Charter #5625 - Res #006664 - unknown,0.01,0.00,income_ledger,21646,0006636
2012-08-28,41000,Charter Revenue,Charter #5625 - Res #006664 - unknown,0.00,0.01,income_ledger,21646,0006636
2012-08-28,1000,Cash / Clearing,Charter #5544 - Res #006582 - unknown,193.75,0.00,income_ledger,21647,0006635
2012-08-28,41000,Charter Revenue,Charter #5544 - Res #006582 - unknown,0.00,193.75,income_ledger,21647,0006635
2012-08-28,1000,Cash / Clearing,Charter #5624 - Res #006663 - unknown,529.37,0.00,income_ledger,21674,0006633
2012-08-28,41000,Charter Revenue,Charter #5624 - Res #006663 - unknown,0.00,529.37,income_ledger,21674,0006633
2012-08-28,1000,Cash / Clearing,Charter #5623 - Res #006662 - unknown,205.00,0.00,income_ledger,21719,0006630
2012-08-28,41000,Charter Revenue,Charter #5623 - Res #006662 - unknown,0.00,205.00,income_ledger,21719,0006630
2012-08-28,1000,Cash / Clearing,Charter #5617 - Res #006656 - unknown,0.01,0.00,income_ledger,22146,0007328
2012-08-28,41000,Charter Revenue,Charter #5617 - Res #006656 - unknown,0.00,0.01,income_ledger,22146,0007328
2012-08-29,1000,Cash / Clearing,Charter #5626 - Res #006665 - unknown,82.50,0.00,income_ledger,19055,0006535
2012-08-29,41000,Charter Revenue,Charter #5626 - Res #006665 - unknown,0.00,82.50,income_ledger,19055,0006535
2012-08-29,1000,Cash / Clearing,Charter #5631 - Res #006670 - unknown,175.00,0.00,income_ledger,19457,0006645
2012-08-29,41000,Charter Revenue,Charter #5631 - Res #006670 - unknown,0.00,175.00,income_ledger,19457,0006645
2012-08-29,1000,Cash / Clearing,Charter #5635 - Res #006674 - unknown,0.01,0.00,income_ledger,19460,0006649
2012-08-29,41000,Charter Revenue,Charter #5635 - Res #006674 - unknown,0.00,0.01,income_ledger,19460,0006649
2012-08-29,1000,Cash / Clearing,Charter #5627 - Res #006666 - unknown,192.50,0.00,income_ledger,20305,0006639
2012-08-29,41000,Charter Revenue,Charter #5627 - Res #006666 - unknown,0.00,192.50,income_ledger,20305,0006639
2012-08-29,1000,Cash / Clearing,Charter #5587 - Res #006625 - unknown,250.00,0.00,income_ledger,21623,0006643
2012-08-29,41000,Charter Revenue,Charter #5587 - Res #006625 - unknown,0.00,250.00,income_ledger,21623,0006643
2012-08-29,1000,Cash / Clearing,Charter #5561 - Res #006599 - unknown,-205.00,0.00,income_ledger,21643,0006644
2012-08-29,41000,Charter Revenue,Charter #5561 - Res #006599 - unknown,0.00,-205.00,income_ledger,21643,0006644
2012-08-29,1000,Cash / Clearing,Charter #5564 - Res #006602 - unknown,265.00,0.00,income_ledger,21644,0006641
2012-08-29,41000,Charter Revenue,Charter #5564 - Res #006602 - unknown,0.00,265.00,income_ledger,21644,0006641
2012-08-29,1000,Cash / Clearing,Charter #5615 - Res #006654 - unknown,265.65,0.00,income_ledger,21649,0006650
2012-08-29,41000,Charter Revenue,Charter #5615 - Res #006654 - unknown,0.00,265.65,income_ledger,21649,0006650
2012-08-29,1000,Cash / Clearing,Charter #5608 - Res #006647 - unknown,221.00,0.00,income_ledger,21650,0006651
2012-08-29,41000,Charter Revenue,Charter #5608 - Res #006647 - unknown,0.00,221.00,income_ledger,21650,0006651
2012-08-29,1000,Cash / Clearing,Charter #5634 - Res #006673 - unknown,0.01,0.00,income_ledger,21653,0006648
2012-08-29,41000,Charter Revenue,Charter #5634 - Res #006673 - unknown,0.00,0.01,income_ledger,21653,0006648
2012-08-29,1000,Cash / Clearing,Charter #5633 - Res #006672 - unknown,320.00,0.00,income_ledger,21667,0006647
2012-08-29,41000,Charter Revenue,Charter #5633 - Res #006672 - unknown,0.00,320.00,income_ledger,21667,0006647
2012-08-29,1000,Cash / Clearing,Charter #5579 - Res #006617 - unknown,10.00,0.00,income_ledger,21675,0006642
2012-08-29,41000,Charter Revenue,Charter #5579 - Res #006617 - unknown,0.00,10.00,income_ledger,21675,0006642
2012-08-30,1000,Cash / Clearing,Charter #5639 - Res #006678 - unknown,0.01,0.00,income_ledger,19459,0006655
2012-08-30,41000,Charter Revenue,Charter #5639 - Res #006678 - unknown,0.00,0.01,income_ledger,19459,0006655
2012-08-30,1000,Cash / Clearing,Charter #5638 - Res #006677 - unknown,113.76,0.00,income_ledger,21642,0006654
2012-08-30,41000,Charter Revenue,Charter #5638 - Res #006677 - unknown,0.00,113.76,income_ledger,21642,0006654
2012-08-30,1000,Cash / Clearing,Charter #5640 - Res #006679 - unknown,0.01,0.00,income_ledger,21648,0006656
2012-08-30,41000,Charter Revenue,Charter #5640 - Res #006679 - unknown,0.00,0.01,income_ledger,21648,0006656
2012-08-30,1000,Cash / Clearing,Charter #5630 - Res #006669 - unknown,205.00,0.00,income_ledger,21676,0006653
2012-08-30,41000,Charter Revenue,Charter #5630 - Res #006669 - unknown,0.00,205.00,income_ledger,21676,0006653
2012-08-30,1000,Cash / Clearing,Charter #5636 - Res #006675 - unknown,0.01,0.00,income_ledger,22735,0006652
2012-08-30,41000,Charter Revenue,Charter #5636 - Res #006675 - unknown,0.00,0.01,income_ledger,22735,0006652
2012-08-31,1000,Cash / Clearing,Charter #5049 - Res #006076 - unknown,-0.02,0.00,income_ledger,18886,ROUND2012_2015_006076_20260410
2012-08-31,41000,Charter Revenue,Charter #5049 - Res #006076 - unknown,0.00,-0.02,income_ledger,18886,ROUND2012_2015_006076_20260410
2012-08-31,1000,Cash / Clearing,Charter #5641 - Res #006680 - unknown,82.50,0.00,income_ledger,19458,0006657
2012-08-31,41000,Charter Revenue,Charter #5641 - Res #006680 - unknown,0.00,82.50,income_ledger,19458,0006657
2012-08-31,1000,Cash / Clearing,Charter #5447 - Res #006501 - unknown,402.50,0.00,income_ledger,21645,0006658
2012-08-31,41000,Charter Revenue,Charter #5447 - Res #006501 - unknown,0.00,402.50,income_ledger,21645,0006658
2012-08-31,1000,Cash / Clearing,Charter #5266 - Res #006319 - unknown,875.00,0.00,income_ledger,21681,0006659
2012-08-31,41000,Charter Revenue,Charter #5266 - Res #006319 - unknown,0.00,875.00,income_ledger,21681,0006659
2012-09-01,1000,Cash / Clearing,Charter #5628 - Res #006667 - unknown,-0.02,0.00,income_ledger,18871,ROUND2012_2015_006667_20260410
2012-09-01,41000,Charter Revenue,Charter #5628 - Res #006667 - unknown,0.00,-0.02,income_ledger,18871,ROUND2012_2015_006667_20260410
2012-09-01,1000,Cash / Clearing,Charter #5646 - Res #006685 - unknown,175.00,0.00,income_ledger,21691,0006660
2012-09-01,41000,Charter Revenue,Charter #5646 - Res #006685 - unknown,0.00,175.00,income_ledger,21691,0006660
2012-09-02,1000,Cash / Clearing,Charter #5587 - Res #006625 - unknown,1048.57,0.00,income_ledger,20306,0006664
2012-09-02,41000,Charter Revenue,Charter #5587 - Res #006625 - unknown,0.00,1048.57,income_ledger,20306,0006664
2012-09-02,1000,Cash / Clearing,Charter #5647 - Res #006686 - unknown,192.50,0.00,income_ledger,20307,0006665
2012-09-02,41000,Charter Revenue,Charter #5647 - Res #006686 - unknown,0.00,192.50,income_ledger,20307,0006665
2012-09-02,1000,Cash / Clearing,Charter #5049 - Res #006076 - unknown,0.01,0.00,income_ledger,21630,0006556
2012-09-02,41000,Charter Revenue,Charter #5049 - Res #006076 - unknown,0.00,0.01,income_ledger,21630,0006556
2012-09-02,1000,Cash / Clearing,Charter #5628 - Res #006667 - unknown,0.01,0.00,income_ledger,21631,0006558
2012-09-02,41000,Charter Revenue,Charter #5628 - Res #006667 - unknown,0.00,0.01,income_ledger,21631,0006558
2012-09-02,1000,Cash / Clearing,Charter #5628 - Res #006667 - unknown,0.01,0.00,income_ledger,21654,0006663
2012-09-02,41000,Charter Revenue,Charter #5628 - Res #006667 - unknown,0.00,0.01,income_ledger,21654,0006663
2012-09-02,1000,Cash / Clearing,Charter #5049 - Res #006076 - unknown,0.01,0.00,income_ledger,21656,0006661
2012-09-02,41000,Charter Revenue,Charter #5049 - Res #006076 - unknown,0.00,0.01,income_ledger,21656,0006661
2012-09-02,1000,Cash / Clearing,Charter #5603 - Res #006642 - unknown,334.13,0.00,income_ledger,21753,0006662
2012-09-02,41000,Charter Revenue,Charter #5603 - Res #006642 - unknown,0.00,334.13,income_ledger,21753,0006662
2012-09-04,1000,Cash / Clearing,Charter #5527 - Res #006691 - unknown,205.00,0.00,income_ledger,19764,0006562
2012-09-04,41000,Charter Revenue,Charter #5527 - Res #006691 - unknown,0.00,205.00,income_ledger,19764,0006562
2012-09-04,1000,Cash / Clearing,Charter #5525 - Res #006689 - unknown,0.01,0.00,income_ledger,21651,0006666
2012-09-04,41000,Charter Revenue,Charter #5525 - Res #006689 - unknown,0.00,0.01,income_ledger,21651,0006666
2012-09-04,1000,Cash / Clearing,Charter #5528 - Res #006692 - unknown,829.00,0.00,income_ledger,21812,0006668
2012-09-04,41000,Charter Revenue,Charter #5528 - Res #006692 - unknown,0.00,829.00,income_ledger,21812,0006668
2012-09-05,1000,Cash / Clearing,Charter #5649 - Res #006688 - unknown,231.00,0.00,income_ledger,19765,0006567
2012-09-05,41000,Charter Revenue,Charter #5649 - Res #006688 - unknown,0.00,231.00,income_ledger,19765,0006567
2012-09-05,1000,Cash / Clearing,Charter #5648 - Res #006687 - unknown,367.50,0.00,income_ledger,20308,0006673
2012-09-05,41000,Charter Revenue,Charter #5648 - Res #006687 - unknown,0.00,367.50,income_ledger,20308,0006673
2012-09-05,1000,Cash / Clearing,Charter #5526 - Res #006690 - unknown,367.50,0.00,income_ledger,21657,0006674
2012-09-05,41000,Charter Revenue,Charter #5526 - Res #006690 - unknown,0.00,367.50,income_ledger,21657,0006674
2012-09-05,1000,Cash / Clearing,Charter #5535 - Res #006699 - unknown,0.01,0.00,income_ledger,21680,0006671
2012-09-05,41000,Charter Revenue,Charter #5535 - Res #006699 - unknown,0.00,0.01,income_ledger,21680,0006671
2012-09-05,1000,Cash / Clearing,Charter #5645 - Res #006684 - unknown,673.74,0.00,income_ledger,21803,0006669
2012-09-05,41000,Charter Revenue,Charter #5645 - Res #006684 - unknown,0.00,673.74,income_ledger,21803,0006669
2012-09-05,1000,Cash / Clearing,Charter #5531 - Res #006695 - unknown,240.63,0.00,income_ledger,21804,0006670
2012-09-05,41000,Charter Revenue,Charter #5531 - Res #006695 - unknown,0.00,240.63,income_ledger,21804,0006670
2012-09-06,1000,Cash / Clearing,Charter #5626 - Res #006665 - unknown,-82.49,0.00,income_ledger,19766,0006571
2012-09-06,41000,Charter Revenue,Charter #5626 - Res #006665 - unknown,0.00,-82.49,income_ledger,19766,0006571
2012-09-06,1000,Cash / Clearing,Charter #5536 - Res #006700 - unknown,0.01,0.00,income_ledger,21328,0006677
2012-09-06,41000,Charter Revenue,Charter #5536 - Res #006700 - unknown,0.00,0.01,income_ledger,21328,0006677
2012-09-06,1000,Cash / Clearing,Charter #5533 - Res #006697 - unknown,375.00,0.00,income_ledger,21330,0006678
2012-09-06,41000,Charter Revenue,Charter #5533 - Res #006697 - unknown,0.00,375.00,income_ledger,21330,0006678
2012-09-06,1000,Cash / Clearing,Charter #5646 - Res #006685 - unknown,448.42,0.00,income_ledger,21658,0006675
2012-09-06,41000,Charter Revenue,Charter #5646 - Res #006685 - unknown,0.00,448.42,income_ledger,21658,0006675
2012-09-06,1000,Cash / Clearing,Charter #5642 - Res #006681 - unknown,250.00,0.00,income_ledger,21663,0006680
2012-09-06,41000,Charter Revenue,Charter #5642 - Res #006681 - unknown,0.00,250.00,income_ledger,21663,0006680
2012-09-06,1000,Cash / Clearing,Charter #5643 - Res #006682 - unknown,250.00,0.00,income_ledger,21669,0006681
2012-09-06,41000,Charter Revenue,Charter #5643 - Res #006682 - unknown,0.00,250.00,income_ledger,21669,0006681
2012-09-06,1000,Cash / Clearing,Charter #5534 - Res #006698 - unknown,0.01,0.00,income_ledger,21677,0006679
2012-09-06,41000,Charter Revenue,Charter #5534 - Res #006698 - unknown,0.00,0.01,income_ledger,21677,0006679
2012-09-07,1000,Cash / Clearing,Charter #5651 - Res #006706 - unknown,200.00,0.00,income_ledger,13350,
2012-09-07,41000,Charter Revenue,Charter #5651 - Res #006706 - unknown,0.00,200.00,income_ledger,13350,
2012-09-07,1000,Cash / Clearing,Charter #5642 - Res #006681 - unknown,327.50,0.00,income_ledger,17965,0007398
2012-09-07,41000,Charter Revenue,Charter #5642 - Res #006681 - unknown,0.00,327.50,income_ledger,17965,0007398
2012-09-07,1000,Cash / Clearing,Charter #5650 - Res #006705 - unknown,192.50,0.00,income_ledger,20309,0007395
2012-09-07,41000,Charter Revenue,Charter #5650 - Res #006705 - unknown,0.00,192.50,income_ledger,20309,0007395
2012-09-07,1000,Cash / Clearing,Charter #5496 - Res #006550 - unknown,292.50,0.00,income_ledger,20310,0007399
2012-09-07,41000,Charter Revenue,Charter #5496 - Res #006550 - unknown,0.00,292.50,income_ledger,20310,0007399
2012-09-07,1000,Cash / Clearing,Charter #5529 - Res #006693 - unknown,231.00,0.00,income_ledger,20311,0007400
2012-09-07,41000,Charter Revenue,Charter #5529 - Res #006693 - unknown,0.00,231.00,income_ledger,20311,0007400
2012-09-07,1000,Cash / Clearing,Charter #5581 - Res #006619 - unknown,205.00,0.00,income_ledger,21672,0006682
2012-09-07,41000,Charter Revenue,Charter #5581 - Res #006619 - unknown,0.00,205.00,income_ledger,21672,0006682
2012-09-07,1000,Cash / Clearing,Charter #5538 - Res #006702 - unknown,75.00,0.00,income_ledger,22220,0007394
2012-09-07,41000,Charter Revenue,Charter #5538 - Res #006702 - unknown,0.00,75.00,income_ledger,22220,0007394
2012-09-07,1000,Cash / Clearing,Charter #5540 - Res #006704 - unknown,222.50,0.00,income_ledger,22639,0007396
2012-09-07,41000,Charter Revenue,Charter #5540 - Res #006704 - unknown,0.00,222.50,income_ledger,22639,0007396
2012-09-08,1000,Cash / Clearing,Charter #5633 - Res #006672 - unknown,675.00,0.00,income_ledger,22457,0007402
2012-09-08,41000,Charter Revenue,Charter #5633 - Res #006672 - unknown,0.00,675.00,income_ledger,22457,0007402
2012-09-08,1000,Cash / Clearing,Charter #5652 - Res #006707 - unknown,175.00,0.00,income_ledger,22516,0007401
2012-09-08,41000,Charter Revenue,Charter #5652 - Res #006707 - unknown,0.00,175.00,income_ledger,22516,0007401
2012-09-10,1000,Cash / Clearing,Charter #5658 - Res #006713 - unknown,500.00,0.00,income_ledger,19133,0006593
2012-09-10,41000,Charter Revenue,Charter #5658 - Res #006713 - unknown,0.00,500.00,income_ledger,19133,0006593
2012-09-10,1000,Cash / Clearing,Charter #5610 - Res #006649 - unknown,417.00,0.00,income_ledger,22066,0007407
2012-09-10,41000,Charter Revenue,Charter #5610 - Res #006649 - unknown,0.00,417.00,income_ledger,22066,0007407
2012-09-10,1000,Cash / Clearing,Charter #5406 - Res #006460 - unknown,110.00,0.00,income_ledger,22169,0007405
2012-09-10,41000,Charter Revenue,Charter #5406 - Res #006460 - unknown,0.00,110.00,income_ledger,22169,0007405
2012-09-10,1000,Cash / Clearing,Charter #5610 - Res #006649 - unknown,470.00,0.00,income_ledger,22170,0007406
2012-09-10,41000,Charter Revenue,Charter #5610 - Res #006649 - unknown,0.00,470.00,income_ledger,22170,0007406
2012-09-10,1000,Cash / Clearing,Charter #5657 - Res #006712 - unknown,205.00,0.00,income_ledger,22171,0007408
2012-09-10,41000,Charter Revenue,Charter #5657 - Res #006712 - unknown,0.00,205.00,income_ledger,22171,0007408
2012-09-10,1000,Cash / Clearing,Charter #5406 - Res #006460 - unknown,180.60,0.00,income_ledger,22218,0007404
2012-09-10,41000,Charter Revenue,Charter #5406 - Res #006460 - unknown,0.00,180.60,income_ledger,22218,0007404
2012-09-11,1000,Cash / Clearing,Charter #5660 - Res #006715 - cash,300.00,0.00,income_ledger,19442,0006600
2012-09-11,41000,Charter Revenue,Charter #5660 - Res #006715 - cash,0.00,300.00,income_ledger,19442,0006600
2012-09-11,1000,Cash / Clearing,Charter #5653 - Res #006708 - unknown,0.01,0.00,income_ledger,20643,0006597
2012-09-11,41000,Charter Revenue,Charter #5653 - Res #006708 - unknown,0.00,0.01,income_ledger,20643,0006597
2012-09-11,1000,Cash / Clearing,Charter #5563 - Res #006601 - unknown,777.50,0.00,income_ledger,22223,0007414
2012-09-11,41000,Charter Revenue,Charter #5563 - Res #006601 - unknown,0.00,777.50,income_ledger,22223,0007414
2012-09-11,1000,Cash / Clearing,Charter #5654 - Res #006709 - unknown,660.00,0.00,income_ledger,22229,0007411
2012-09-11,41000,Charter Revenue,Charter #5654 - Res #006709 - unknown,0.00,660.00,income_ledger,22229,0007411
2012-09-11,1000,Cash / Clearing,Charter #5659 - Res #006714 - unknown,0.01,0.00,income_ledger,22231,0007410
2012-09-11,41000,Charter Revenue,Charter #5659 - Res #006714 - unknown,0.00,0.01,income_ledger,22231,0007410
2012-09-11,1000,Cash / Clearing,Charter #5661 - Res #006716 - unknown,165.00,0.00,income_ledger,22234,0007417
2012-09-11,41000,Charter Revenue,Charter #5661 - Res #006716 - unknown,0.00,165.00,income_ledger,22234,0007417
2012-09-11,1000,Cash / Clearing,Charter #5652 - Res #006707 - unknown,817.50,0.00,income_ledger,22237,0007415
2012-09-11,41000,Charter Revenue,Charter #5652 - Res #006707 - unknown,0.00,817.50,income_ledger,22237,0007415
2012-09-11,1000,Cash / Clearing,Charter #5526 - Res #006690 - unknown,75.00,0.00,income_ledger,22252,0007412
2012-09-11,41000,Charter Revenue,Charter #5526 - Res #006690 - unknown,0.00,75.00,income_ledger,22252,0007412
2012-09-11,1000,Cash / Clearing,Charter #5653 - Res #006708 - unknown,241.00,0.00,income_ledger,22351,0007413
2012-09-11,41000,Charter Revenue,Charter #5653 - Res #006708 - unknown,0.00,241.00,income_ledger,22351,0007413
2012-09-12,1000,Cash / Clearing,Charter #5662 - Res #006717 - unknown,175.00,0.00,income_ledger,20304,0007420
2012-09-12,41000,Charter Revenue,Charter #5662 - Res #006717 - unknown,0.00,175.00,income_ledger,20304,0007420
2012-09-12,1000,Cash / Clearing,Charter #5449 - Res #006503 - unknown,247.50,0.00,income_ledger,21129,0007419
2012-09-12,41000,Charter Revenue,Charter #5449 - Res #006503 - unknown,0.00,247.50,income_ledger,21129,0007419
2012-09-12,1000,Cash / Clearing,Charter #5448 - Res #006502 - unknown,247.50,0.00,income_ledger,21130,0007419
2012-09-12,41000,Charter Revenue,Charter #5448 - Res #006502 - unknown,0.00,247.50,income_ledger,21130,0007419
2012-09-12,1000,Cash / Clearing,Charter #5663 - Res #006718 - unknown,0.01,0.00,income_ledger,21727,0006605
2012-09-12,41000,Charter Revenue,Charter #5663 - Res #006718 - unknown,0.00,0.01,income_ledger,21727,0006605
2012-09-12,1000,Cash / Clearing,Charter #5663 - Res #006718 - unknown,0.01,0.00,income_ledger,22224,0007421
2012-09-12,41000,Charter Revenue,Charter #5663 - Res #006718 - unknown,0.00,0.01,income_ledger,22224,0007421
2012-09-12,1000,Cash / Clearing,Charter #5592 - Res #006631 - unknown,175.00,0.00,income_ledger,22225,0007422
2012-09-12,41000,Charter Revenue,Charter #5592 - Res #006631 - unknown,0.00,175.00,income_ledger,22225,0007422
2012-09-12,1000,Cash / Clearing,Charter #5655 - Res #006710 - unknown,265.65,0.00,income_ledger,22227,0007418
2012-09-12,41000,Charter Revenue,Charter #5655 - Res #006710 - unknown,0.00,265.65,income_ledger,22227,0007418
2012-09-13,1000,Cash / Clearing,Charter #4142 - Res #005188 - unknown,107.81,0.00,income_ledger,19767,0006611
2012-09-13,41000,Charter Revenue,Charter #4142 - Res #005188 - unknown,0.00,107.81,income_ledger,19767,0006611
2012-09-13,1000,Cash / Clearing,Charter #5665 - Res #006720 - unknown,214.50,0.00,income_ledger,20312,0007424
2012-09-13,41000,Charter Revenue,Charter #5665 - Res #006720 - unknown,0.00,214.50,income_ledger,20312,0007424
2012-09-13,1000,Cash / Clearing,Charter #5668 - Res #006723 - unknown,0.01,0.00,income_ledger,22235,0007426
2012-09-13,41000,Charter Revenue,Charter #5668 - Res #006723 - unknown,0.00,0.01,income_ledger,22235,0007426
2012-09-13,1000,Cash / Clearing,Charter #5664 - Res #006719 - unknown,250.00,0.00,income_ledger,22238,0007423
2012-09-13,41000,Charter Revenue,Charter #5664 - Res #006719 - unknown,0.00,250.00,income_ledger,22238,0007423
2012-09-13,1000,Cash / Clearing,Charter #5538 - Res #006702 - unknown,375.00,0.00,income_ledger,22246,0007428
2012-09-13,41000,Charter Revenue,Charter #5538 - Res #006702 - unknown,0.00,375.00,income_ledger,22246,0007428
2012-09-13,1000,Cash / Clearing,Charter #5669 - Res #006724 - unknown,0.01,0.00,income_ledger,22258,0007429
2012-09-13,41000,Charter Revenue,Charter #5669 - Res #006724 - unknown,0.00,0.01,income_ledger,22258,0007429
2012-09-13,1000,Cash / Clearing,Charter #5665 - Res #006720 - unknown,643.50,0.00,income_ledger,22938,0007425
2012-09-13,41000,Charter Revenue,Charter #5665 - Res #006720 - unknown,0.00,643.50,income_ledger,22938,0007425
2012-09-14,1000,Cash / Clearing,Charter #5671 - Res #006726 - unknown,175.00,0.00,income_ledger,22217,0007433
2012-09-14,41000,Charter Revenue,Charter #5671 - Res #006726 - unknown,0.00,175.00,income_ledger,22217,0007433
2012-09-14,1000,Cash / Clearing,Charter #5630 - Res #006669 - unknown,342.58,0.00,income_ledger,22254,0007430
2012-09-14,41000,Charter Revenue,Charter #5630 - Res #006669 - unknown,0.00,342.58,income_ledger,22254,0007430
2012-09-14,1000,Cash / Clearing,Charter #5643 - Res #006682 - unknown,327.50,0.00,income_ledger,22269,0007432
2012-09-14,41000,Charter Revenue,Charter #5643 - Res #006682 - unknown,0.00,327.50,income_ledger,22269,0007432
2012-09-14,1000,Cash / Clearing,Charter #5670 - Res #006725 - unknown,205.00,0.00,income_ledger,22366,0007431
2012-09-14,41000,Charter Revenue,Charter #5670 - Res #006725 - unknown,0.00,205.00,income_ledger,22366,0007431
2012-09-15,1000,Cash / Clearing,Charter #5663 - Res #006718 - unknown,-0.02,0.00,income_ledger,18862,ROUND2012_2015_006718_20260410
2012-09-15,41000,Charter Revenue,Charter #5663 - Res #006718 - unknown,0.00,-0.02,income_ledger,18862,ROUND2012_2015_006718_20260410
2012-09-15,1000,Cash / Clearing,Charter #5657 - Res #006712 - unknown,397.28,0.00,income_ledger,20313,0007436
2012-09-15,41000,Charter Revenue,Charter #5657 - Res #006712 - unknown,0.00,397.28,income_ledger,20313,0007436
2012-09-15,1000,Cash / Clearing,Charter #5582 - Res #006620 - unknown,100.00,0.00,income_ledger,22210,0007438
2012-09-15,41000,Charter Revenue,Charter #5582 - Res #006620 - unknown,0.00,100.00,income_ledger,22210,0007438
2012-09-15,1000,Cash / Clearing,Charter #5631 - Res #006670 - unknown,580.00,0.00,income_ledger,22216,0007439
2012-09-15,41000,Charter Revenue,Charter #5631 - Res #006670 - unknown,0.00,580.00,income_ledger,22216,0007439
2012-09-15,1000,Cash / Clearing,Charter #5673 - Res #006728 - unknown,321.74,0.00,income_ledger,22243,0007435
2012-09-15,41000,Charter Revenue,Charter #5673 - Res #006728 - unknown,0.00,321.74,income_ledger,22243,0007435
2012-09-15,1000,Cash / Clearing,Charter #5672 - Res #006727 - unknown,252.00,0.00,income_ledger,22267,0007437
2012-09-15,41000,Charter Revenue,Charter #5672 - Res #006727 - unknown,0.00,252.00,income_ledger,22267,0007437
2012-09-16,1000,Cash / Clearing,Charter #5685 - Res #006740 - unknown,660.00,0.00,income_ledger,22230,0007440
2012-09-16,41000,Charter Revenue,Charter #5685 - Res #006740 - unknown,0.00,660.00,income_ledger,22230,0007440
2012-09-17,1000,Cash / Clearing,Charter #5662 - Res #006717 - unknown,645.50,0.00,income_ledger,22126,0007441
2012-09-17,41000,Charter Revenue,Charter #5662 - Res #006717 - unknown,0.00,645.50,income_ledger,22126,0007441
2012-09-17,1000,Cash / Clearing,Charter #5392 - Res #006445 - unknown,367.50,0.00,income_ledger,22180,0007441
2012-09-17,41000,Charter Revenue,Charter #5392 - Res #006445 - unknown,0.00,367.50,income_ledger,22180,0007441
2012-09-17,1000,Cash / Clearing,Charter #5662 - Res #006717 - unknown,30.00,0.00,income_ledger,22186,0007441
2012-09-17,41000,Charter Revenue,Charter #5662 - Res #006717 - unknown,0.00,30.00,income_ledger,22186,0007441
2012-09-17,1000,Cash / Clearing,Charter #5684 - Res #006739 - unknown,477.00,0.00,income_ledger,22194,0007441
2012-09-17,41000,Charter Revenue,Charter #5684 - Res #006739 - unknown,0.00,477.00,income_ledger,22194,0007441
2012-09-17,1000,Cash / Clearing,Charter #5683 - Res #006738 - unknown,812.07,0.00,income_ledger,22195,0007441
2012-09-17,41000,Charter Revenue,Charter #5683 - Res #006738 - unknown,0.00,812.07,income_ledger,22195,0007441
2012-09-17,1000,Cash / Clearing,Charter #5687 - Res #006742 - unknown,175.00,0.00,income_ledger,22198,0007441
2012-09-17,41000,Charter Revenue,Charter #5687 - Res #006742 - unknown,0.00,175.00,income_ledger,22198,0007441
2012-09-17,1000,Cash / Clearing,Charter #5664 - Res #006719 - unknown,900.00,0.00,income_ledger,22199,0007441
2012-09-17,41000,Charter Revenue,Charter #5664 - Res #006719 - unknown,0.00,900.00,income_ledger,22199,0007441
2012-09-17,1000,Cash / Clearing,Charter #5688 - Res #006743 - unknown,0.01,0.00,income_ledger,22206,0007441
2012-09-17,41000,Charter Revenue,Charter #5688 - Res #006743 - unknown,0.00,0.01,income_ledger,22206,0007441
2012-09-17,1000,Cash / Clearing,Charter #5664 - Res #006719 - unknown,247.40,0.00,income_ledger,22207,0007441
2012-09-17,41000,Charter Revenue,Charter #5664 - Res #006719 - unknown,0.00,247.40,income_ledger,22207,0007441
2012-09-18,1000,Cash / Clearing,Charter #4970 - Res #006021 - unknown,1450.00,0.00,income_ledger,20982,0006684
2012-09-18,41000,Charter Revenue,Charter #4970 - Res #006021 - unknown,0.00,1450.00,income_ledger,20982,0006684
2012-09-18,1000,Cash / Clearing,Charter #4971 - Res #006022 - unknown,548.64,0.00,income_ledger,21908,0006685
2012-09-18,41000,Charter Revenue,Charter #4971 - Res #006022 - unknown,0.00,548.64,income_ledger,21908,0006685
2012-09-19,1000,Cash / Clearing,Charter #5680 - Res #006735 - unknown,82.50,0.00,income_ledger,18965,0006640
2012-09-19,41000,Charter Revenue,Charter #5680 - Res #006735 - unknown,0.00,82.50,income_ledger,18965,0006640
2012-09-19,1000,Cash / Clearing,Charter #5527 - Res #006691 - unknown,407.91,0.00,income_ledger,19056,0006643
2012-09-19,41000,Charter Revenue,Charter #5527 - Res #006691 - unknown,0.00,407.91,income_ledger,19056,0006643
2012-09-19,1000,Cash / Clearing,Charter #5692 - Res #006747 - unknown,82.50,0.00,income_ledger,19768,0006641
2012-09-19,41000,Charter Revenue,Charter #5692 - Res #006747 - unknown,0.00,82.50,income_ledger,19768,0006641
2012-09-19,1000,Cash / Clearing,Charter #5651 - Res #006706 - unknown,380.00,0.00,income_ledger,21640,0006687
2012-09-19,41000,Charter Revenue,Charter #5651 - Res #006706 - unknown,0.00,380.00,income_ledger,21640,0006687
2012-09-19,1000,Cash / Clearing,Charter #5679 - Res #006734 - unknown,82.50,0.00,income_ledger,21660,0006688
2012-09-19,41000,Charter Revenue,Charter #5679 - Res #006734 - unknown,0.00,82.50,income_ledger,21660,0006688
2012-09-19,1000,Cash / Clearing,Charter #5583 - Res #006621 - unknown,120.00,0.00,income_ledger,21665,0006691
2012-09-19,41000,Charter Revenue,Charter #5583 - Res #006621 - unknown,0.00,120.00,income_ledger,21665,0006691
2012-09-19,1000,Cash / Clearing,Charter #5696 - Res #006751 - unknown,0.01,0.00,income_ledger,21678,0006693
2012-09-19,41000,Charter Revenue,Charter #5696 - Res #006751 - unknown,0.00,0.01,income_ledger,21678,0006693
2012-09-20,1000,Cash / Clearing,Charter #5686 - Res #006741 - unknown,265.65,0.00,income_ledger,20754,0006694
2012-09-20,41000,Charter Revenue,Charter #5686 - Res #006741 - unknown,0.00,265.65,income_ledger,20754,0006694
2012-09-20,1000,Cash / Clearing,Charter #5697 - Res #006752 - unknown,0.01,0.00,income_ledger,21728,0006646
2012-09-20,41000,Charter Revenue,Charter #5697 - Res #006752 - unknown,0.00,0.01,income_ledger,21728,0006646
2012-09-21,1000,Cash / Clearing,Charter #5700 - Res #006755 - unknown,254.10,0.00,income_ledger,20314,0006698
2012-09-21,41000,Charter Revenue,Charter #5700 - Res #006755 - unknown,0.00,254.10,income_ledger,20314,0006698
2012-09-21,1000,Cash / Clearing,Charter #5699 - Res #006754 - unknown,1203.50,0.00,income_ledger,21652,0006697
2012-09-21,41000,Charter Revenue,Charter #5699 - Res #006754 - unknown,0.00,1203.50,income_ledger,21652,0006697
2012-09-21,1000,Cash / Clearing,Charter #5690 - Res #006745 - unknown,500.00,0.00,income_ledger,21664,0006701
2012-09-21,41000,Charter Revenue,Charter #5690 - Res #006745 - unknown,0.00,500.00,income_ledger,21664,0006701
2012-09-21,1000,Cash / Clearing,Charter #5592 - Res #006631 - unknown,200.00,0.00,income_ledger,21673,0006699
2012-09-21,41000,Charter Revenue,Charter #5592 - Res #006631 - unknown,0.00,200.00,income_ledger,21673,0006699
2012-09-21,1000,Cash / Clearing,Charter #5592 - Res #006631 - unknown,622.01,0.00,income_ledger,21702,0006700
2012-09-21,41000,Charter Revenue,Charter #5592 - Res #006631 - unknown,0.00,622.01,income_ledger,21702,0006700
2012-09-21,1000,Cash / Clearing,Charter #5698 - Res #006753 - unknown,210.00,0.00,income_ledger,21720,0006696
2012-09-21,41000,Charter Revenue,Charter #5698 - Res #006753 - unknown,0.00,210.00,income_ledger,21720,0006696
2012-09-22,1000,Cash / Clearing,Charter #5704 - Res #006756 - unknown,987.50,0.00,income_ledger,21670,0006706
2012-09-22,41000,Charter Revenue,Charter #5704 - Res #006756 - unknown,0.00,987.50,income_ledger,21670,0006706
2012-09-22,1000,Cash / Clearing,Charter #5705 - Res #006757 - unknown,0.01,0.00,income_ledger,21682,0006702
2012-09-22,41000,Charter Revenue,Charter #5705 - Res #006757 - unknown,0.00,0.01,income_ledger,21682,0006702
2012-09-22,1000,Cash / Clearing,Charter #5629 - Res #006668 - unknown,794.19,0.00,income_ledger,21683,0006704
2012-09-22,41000,Charter Revenue,Charter #5629 - Res #006668 - unknown,0.00,794.19,income_ledger,21683,0006704
2012-09-22,1000,Cash / Clearing,Charter #4970 - Res #006021 - unknown,326.92,0.00,income_ledger,21684,0006705
2012-09-22,41000,Charter Revenue,Charter #4970 - Res #006021 - unknown,0.00,326.92,income_ledger,21684,0006705
2012-09-22,1000,Cash / Clearing,Charter #5695 - Res #006750 - unknown,457.50,0.00,income_ledger,22276,
2012-09-22,41000,Charter Revenue,Charter #5695 - Res #006750 - unknown,0.00,457.50,income_ledger,22276,
2012-09-23,1000,Cash / Clearing,Charter #5704 - Res #006756 - unknown,675.00,0.00,income_ledger,21679,0006707
2012-09-23,41000,Charter Revenue,Charter #5704 - Res #006756 - unknown,0.00,675.00,income_ledger,21679,0006707
2012-09-24,1000,Cash / Clearing,Charter #5644 - Res #006683 - unknown,247.50,0.00,income_ledger,20315,0006710
2012-09-24,41000,Charter Revenue,Charter #5644 - Res #006683 - unknown,0.00,247.50,income_ledger,20315,0006710
2012-09-24,1000,Cash / Clearing,Charter #5706 - Res #006758 - unknown,535.45,0.00,income_ledger,21661,0006715
2012-09-24,41000,Charter Revenue,Charter #5706 - Res #006758 - unknown,0.00,535.45,income_ledger,21661,0006715
2012-09-24,1000,Cash / Clearing,Charter #5671 - Res #006726 - unknown,859.50,0.00,income_ledger,21668,0006714
2012-09-24,41000,Charter Revenue,Charter #5671 - Res #006726 - unknown,0.00,859.50,income_ledger,21668,0006714
2012-09-24,1000,Cash / Clearing,Charter #5715 - Res #006767 - unknown,330.00,0.00,income_ledger,21685,0006711
2012-09-24,41000,Charter Revenue,Charter #5715 - Res #006767 - unknown,0.00,330.00,income_ledger,21685,0006711
2012-09-24,1000,Cash / Clearing,Charter #5708 - Res #006760 - unknown,48.76,0.00,income_ledger,21703,0006713
2012-09-24,41000,Charter Revenue,Charter #5708 - Res #006760 - unknown,0.00,48.76,income_ledger,21703,0006713
2012-09-24,1000,Cash / Clearing,Charter #5712 - Res #006764 - unknown,250.00,0.00,income_ledger,21730,0006709
2012-09-24,41000,Charter Revenue,Charter #5712 - Res #006764 - unknown,0.00,250.00,income_ledger,21730,0006709
2012-09-24,1000,Cash / Clearing,Charter #5709 - Res #006761 - unknown,487.50,0.00,income_ledger,21822,0006712
2012-09-24,41000,Charter Revenue,Charter #5709 - Res #006761 - unknown,0.00,487.50,income_ledger,21822,0006712
2012-09-25,1000,Cash / Clearing,Charter #5674 - Res #006729 - unknown,275.00,0.00,income_ledger,19065,0006668
2012-09-25,41000,Charter Revenue,Charter #5674 - Res #006729 - unknown,0.00,275.00,income_ledger,19065,0006668
2012-09-25,1000,Cash / Clearing,Charter #5722 - Res #006774 - unknown,0.01,0.00,income_ledger,19542,0006721
2012-09-25,41000,Charter Revenue,Charter #5722 - Res #006774 - unknown,0.00,0.01,income_ledger,19542,0006721
2012-09-25,1000,Cash / Clearing,Charter #5693 - Res #006748 - unknown,231.00,0.00,income_ledger,19769,0006672
2012-09-25,41000,Charter Revenue,Charter #5693 - Res #006748 - unknown,0.00,231.00,income_ledger,19769,0006672
2012-09-25,1000,Cash / Clearing,Charter #5714 - Res #006766 - unknown,500.00,0.00,income_ledger,20316,0006719
2012-09-25,41000,Charter Revenue,Charter #5714 - Res #006766 - unknown,0.00,500.00,income_ledger,20316,0006719
2012-09-25,1000,Cash / Clearing,Charter #5721 - Res #006773 - unknown,0.01,0.00,income_ledger,21659,0006719
2012-09-25,41000,Charter Revenue,Charter #5721 - Res #006773 - unknown,0.00,0.01,income_ledger,21659,0006719
2012-09-25,1000,Cash / Clearing,Charter #5720 - Res #006772 - unknown,0.01,0.00,income_ledger,21662,0006718
2012-09-25,41000,Charter Revenue,Charter #5720 - Res #006772 - unknown,0.00,0.01,income_ledger,21662,0006718
2012-09-25,1000,Cash / Clearing,Charter #5719 - Res #006771 - unknown,0.01,0.00,income_ledger,22064,0006716
2012-09-25,41000,Charter Revenue,Charter #5719 - Res #006771 - unknown,0.00,0.01,income_ledger,22064,0006716
2012-09-26,1000,Cash / Clearing,Charter #5530 - Res #006694 - unknown,0.01,0.00,income_ledger,21687,0006722
2012-09-26,41000,Charter Revenue,Charter #5530 - Res #006694 - unknown,0.00,0.01,income_ledger,21687,0006722
2012-09-26,1000,Cash / Clearing,Charter #5724 - Res #006776 - unknown,82.50,0.00,income_ledger,21693,0006723
2012-09-26,41000,Charter Revenue,Charter #5724 - Res #006776 - unknown,0.00,82.50,income_ledger,21693,0006723
2012-09-26,1000,Cash / Clearing,Charter #5723 - Res #006775 - unknown,210.94,0.00,income_ledger,21696,0006724
2012-09-26,41000,Charter Revenue,Charter #5723 - Res #006775 - unknown,0.00,210.94,income_ledger,21696,0006724
2012-09-27,1000,Cash / Clearing,Charter #4424 - Res #005473 - unknown,1392.50,0.00,income_ledger,18664,0006730
2012-09-27,41000,Charter Revenue,Charter #4424 - Res #005473 - unknown,0.00,1392.50,income_ledger,18664,0006730
2012-09-27,1000,Cash / Clearing,Charter #5730 - Res #006782 - unknown,275.00,0.00,income_ledger,20317,0006728
2012-09-27,41000,Charter Revenue,Charter #5730 - Res #006782 - unknown,0.00,275.00,income_ledger,20317,0006728
2012-09-27,1000,Cash / Clearing,Charter #5731 - Res #006783 - unknown,275.00,0.00,income_ledger,20318,0006729
2012-09-27,41000,Charter Revenue,Charter #5731 - Res #006783 - unknown,0.00,275.00,income_ledger,20318,0006729
2012-09-27,1000,Cash / Clearing,Charter #5248 - Res #006301 - unknown,187.50,0.00,income_ledger,21688,0006725
2012-09-27,41000,Charter Revenue,Charter #5248 - Res #006301 - unknown,0.00,187.50,income_ledger,21688,0006725
2012-09-27,1000,Cash / Clearing,Charter #5249 - Res #006302 - unknown,187.50,0.00,income_ledger,21689,0006726
2012-09-27,41000,Charter Revenue,Charter #5249 - Res #006302 - unknown,0.00,187.50,income_ledger,21689,0006726
2012-09-27,1000,Cash / Clearing,Charter #5736 - Res #006788 - unknown,0.01,0.00,income_ledger,21690,0006734
2012-09-27,41000,Charter Revenue,Charter #5736 - Res #006788 - unknown,0.00,0.01,income_ledger,21690,0006734
2012-09-27,1000,Cash / Clearing,Charter #5738 - Res #006791 - unknown,0.01,0.00,income_ledger,21695,0006735
2012-09-27,41000,Charter Revenue,Charter #5738 - Res #006791 - unknown,0.00,0.01,income_ledger,21695,0006735
2012-09-27,1000,Cash / Clearing,Charter #5739 - Res #006792 - unknown,0.01,0.00,income_ledger,21698,0006736
2012-09-27,41000,Charter Revenue,Charter #5739 - Res #006792 - unknown,0.00,0.01,income_ledger,21698,0006736
2012-09-27,1000,Cash / Clearing,Charter #4854 - Res #005905 - unknown,1660.00,0.00,income_ledger,21713,0006727
2012-09-27,41000,Charter Revenue,Charter #4854 - Res #005905 - unknown,0.00,1660.00,income_ledger,21713,0006727
2012-09-27,1000,Cash / Clearing,Charter #5734 - Res #006786 - unknown,0.01,0.00,income_ledger,21714,0006732
2012-09-27,41000,Charter Revenue,Charter #5734 - Res #006786 - unknown,0.00,0.01,income_ledger,21714,0006732
2012-09-27,1000,Cash / Clearing,Charter #5733 - Res #006785 - unknown,214.50,0.00,income_ledger,21715,0006733
2012-09-27,41000,Charter Revenue,Charter #5733 - Res #006785 - unknown,0.00,214.50,income_ledger,21715,0006733
2012-09-27,1000,Cash / Clearing,Charter #5732 - Res #006784 - unknown,0.01,0.00,income_ledger,21729,0006683
2012-09-27,41000,Charter Revenue,Charter #5732 - Res #006784 - unknown,0.00,0.01,income_ledger,21729,0006683
2012-09-27,1000,Cash / Clearing,Charter #5732 - Res #006784 - unknown,0.01,0.00,income_ledger,21732,0006731
2012-09-27,41000,Charter Revenue,Charter #5732 - Res #006784 - unknown,0.00,0.01,income_ledger,21732,0006731
2012-09-27,1000,Cash / Clearing,Charter #5736 - Res #006788 - unknown,0.01,0.00,income_ledger,21764,0006686
2012-09-27,41000,Charter Revenue,Charter #5736 - Res #006788 - unknown,0.00,0.01,income_ledger,21764,0006686
2012-09-28,1000,Cash / Clearing,Charter #5742 - Res #006795 - unknown,82.50,0.00,income_ledger,19770,0006690
2012-09-28,41000,Charter Revenue,Charter #5742 - Res #006795 - unknown,0.00,82.50,income_ledger,19770,0006690
2012-09-28,1000,Cash / Clearing,Charter #5741 - Res #006794 - unknown,194.25,0.00,income_ledger,21701,0006737
2012-09-28,41000,Charter Revenue,Charter #5741 - Res #006794 - unknown,0.00,194.25,income_ledger,21701,0006737
2012-09-28,1000,Cash / Clearing,Charter #5743 - Res #006796 - unknown,0.01,0.00,income_ledger,21704,0006739
2012-09-28,41000,Charter Revenue,Charter #5743 - Res #006796 - unknown,0.00,0.01,income_ledger,21704,0006739
2012-09-28,1000,Cash / Clearing,Charter #5744 - Res #006797 - unknown,0.01,0.00,income_ledger,21705,0006740
2012-09-28,41000,Charter Revenue,Charter #5744 - Res #006797 - unknown,0.00,0.01,income_ledger,21705,0006740
2012-09-29,1000,Cash / Clearing,Charter #5746 - Res #006800 - unknown,-0.02,0.00,income_ledger,18864,ROUND2012_2015_006800_20260410
2012-09-29,41000,Charter Revenue,Charter #5746 - Res #006800 - unknown,0.00,-0.02,income_ledger,18864,ROUND2012_2015_006800_20260410
2012-09-29,1000,Cash / Clearing,Charter #4854 - Res #005905 - unknown,122.84,0.00,income_ledger,21707,0006741
2012-09-29,41000,Charter Revenue,Charter #4854 - Res #005905 - unknown,0.00,122.84,income_ledger,21707,0006741
2012-09-30,1000,Cash / Clearing,Charter #5746 - Res #006800 - unknown,0.01,0.00,income_ledger,21710,0006743
2012-09-30,41000,Charter Revenue,Charter #5746 - Res #006800 - unknown,0.00,0.01,income_ledger,21710,0006743
2012-09-30,1000,Cash / Clearing,Charter #5746 - Res #006800 - unknown,0.01,0.00,income_ledger,21767,0006695
2012-09-30,41000,Charter Revenue,Charter #5746 - Res #006800 - unknown,0.00,0.01,income_ledger,21767,0006695
2012-10-01,1000,Cash / Clearing,Charter #5497 - Res #006551 - unknown,292.50,0.00,income_ledger,20319,0006744
2012-10-01,41000,Charter Revenue,Charter #5497 - Res #006551 - unknown,0.00,292.50,income_ledger,20319,0006744
2012-10-01,1000,Cash / Clearing,Charter #4424 - Res #005473 - unknown,266.05,0.00,income_ledger,20320,0006747
2012-10-01,41000,Charter Revenue,Charter #4424 - Res #005473 - unknown,0.00,266.05,income_ledger,20320,0006747
2012-10-01,1000,Cash / Clearing,Charter #5730 - Res #006782 - unknown,54.04,0.00,income_ledger,20321,0006749
2012-10-01,41000,Charter Revenue,Charter #5730 - Res #006782 - unknown,0.00,54.04,income_ledger,20321,0006749
2012-10-01,1000,Cash / Clearing,Charter #5656 - Res #006711 - unknown,90.00,0.00,income_ledger,21700,0006750
2012-10-01,41000,Charter Revenue,Charter #5656 - Res #006711 - unknown,0.00,90.00,income_ledger,21700,0006750
2012-10-01,1000,Cash / Clearing,Charter #5714 - Res #006766 - unknown,730.37,0.00,income_ledger,21709,0006746
2012-10-01,41000,Charter Revenue,Charter #5714 - Res #006766 - unknown,0.00,730.37,income_ledger,21709,0006746
2012-10-01,1000,Cash / Clearing,Charter #5702 - Res #006813 - unknown,750.00,0.00,income_ledger,21738,0006748
2012-10-01,41000,Charter Revenue,Charter #5702 - Res #006813 - unknown,0.00,750.00,income_ledger,21738,0006748
2012-10-01,1000,Cash / Clearing,Charter #5707 - Res #006759 - unknown,441.74,0.00,income_ledger,21759,0006745
2012-10-01,41000,Charter Revenue,Charter #5707 - Res #006759 - unknown,0.00,441.74,income_ledger,21759,0006745
2012-10-02,1000,Cash / Clearing,Charter #5728 - Res #006780 - unknown,326.94,0.00,income_ledger,19057,0006707
2012-10-02,41000,Charter Revenue,Charter #5728 - Res #006780 - unknown,0.00,326.94,income_ledger,19057,0006707
2012-10-02,1000,Cash / Clearing,Charter #5674 - Res #006729 - unknown,360.00,0.00,income_ledger,19067,0006712
2012-10-02,41000,Charter Revenue,Charter #5674 - Res #006729 - unknown,0.00,360.00,income_ledger,19067,0006712
2012-10-02,1000,Cash / Clearing,Charter #5656 - Res #006711 - unknown,0.01,0.00,income_ledger,21699,0006752
2012-10-02,41000,Charter Revenue,Charter #5656 - Res #006711 - unknown,0.00,0.01,income_ledger,21699,0006752
2012-10-02,1000,Cash / Clearing,Charter #5711 - Res #006763 - unknown,0.01,0.00,income_ledger,21706,0006757
2012-10-02,41000,Charter Revenue,Charter #5711 - Res #006763 - unknown,0.00,0.01,income_ledger,21706,0006757
2012-10-02,1000,Cash / Clearing,Charter #5678 - Res #006733 - unknown,75.00,0.00,income_ledger,21708,0006758
2012-10-02,41000,Charter Revenue,Charter #5678 - Res #006733 - unknown,0.00,75.00,income_ledger,21708,0006758
2012-10-02,1000,Cash / Clearing,Charter #5756 - Res #006810 - unknown,261.00,0.00,income_ledger,21721,0006753
2012-10-02,41000,Charter Revenue,Charter #5756 - Res #006810 - unknown,0.00,261.00,income_ledger,21721,0006753
2012-10-02,1000,Cash / Clearing,Charter #5656 - Res #006711 - unknown,-90.00,0.00,income_ledger,21734,0006751
2012-10-02,41000,Charter Revenue,Charter #5656 - Res #006711 - unknown,0.00,-90.00,income_ledger,21734,0006751
2012-10-02,1000,Cash / Clearing,Charter #5711 - Res #006763 - unknown,0.01,0.00,income_ledger,21768,0006708
2012-10-02,41000,Charter Revenue,Charter #5711 - Res #006763 - unknown,0.00,0.01,income_ledger,21768,0006708
2012-10-02,1000,Cash / Clearing,Charter #5729 - Res #006781 - unknown,287.50,0.00,income_ledger,21853,0006755
2012-10-02,41000,Charter Revenue,Charter #5729 - Res #006781 - unknown,0.00,287.50,income_ledger,21853,0006755
2012-10-02,1000,Cash / Clearing,Charter #5762 - Res #006819 - unknown,0.01,0.00,income_ledger,21932,0006760
2012-10-02,41000,Charter Revenue,Charter #5762 - Res #006819 - unknown,0.00,0.01,income_ledger,21932,0006760
2012-10-02,1000,Cash / Clearing,Charter #5761 - Res #006818 - unknown,210.00,0.00,income_ledger,21936,0006759
2012-10-02,41000,Charter Revenue,Charter #5761 - Res #006818 - unknown,0.00,210.00,income_ledger,21936,0006759
2012-10-03,1000,Cash / Clearing,Charter #5765 - Res #006822 - unknown,82.50,0.00,income_ledger,19134,0006716
2012-10-03,41000,Charter Revenue,Charter #5765 - Res #006822 - unknown,0.00,82.50,income_ledger,19134,0006716
2012-10-03,1000,Cash / Clearing,Charter #5767 - Res #006824 - unknown,82.50,0.00,income_ledger,19771,0006717
2012-10-03,41000,Charter Revenue,Charter #5767 - Res #006824 - unknown,0.00,82.50,income_ledger,19771,0006717
2012-10-03,1000,Cash / Clearing,Charter #5768 - Res #006825 - unknown,195.00,0.00,income_ledger,20322,0006770
2012-10-03,41000,Charter Revenue,Charter #5768 - Res #006825 - unknown,0.00,195.00,income_ledger,20322,0006770
2012-10-03,1000,Cash / Clearing,Charter #5740 - Res #006793 - unknown,275.00,0.00,income_ledger,21131,0006764
2012-10-03,41000,Charter Revenue,Charter #5740 - Res #006793 - unknown,0.00,275.00,income_ledger,21131,0006764
2012-10-03,1000,Cash / Clearing,Charter #5763 - Res #006820 - unknown,689.12,0.00,income_ledger,21133,0006762
2012-10-03,41000,Charter Revenue,Charter #5763 - Res #006820 - unknown,0.00,689.12,income_ledger,21133,0006762
2012-10-03,1000,Cash / Clearing,Charter #5698 - Res #006753 - unknown,508.96,0.00,income_ledger,21692,0006763
2012-10-03,41000,Charter Revenue,Charter #5698 - Res #006753 - unknown,0.00,508.96,income_ledger,21692,0006763
2012-10-03,1000,Cash / Clearing,Charter #5737 - Res #006790 - unknown,82.50,0.00,income_ledger,21735,0006768
2012-10-03,41000,Charter Revenue,Charter #5737 - Res #006790 - unknown,0.00,82.50,income_ledger,21735,0006768
2012-10-03,1000,Cash / Clearing,Charter #5736 - Res #006788 - unknown,127.49,0.00,income_ledger,21736,0006769
2012-10-03,41000,Charter Revenue,Charter #5736 - Res #006788 - unknown,0.00,127.49,income_ledger,21736,0006769
2012-10-03,1000,Cash / Clearing,Charter #5745 - Res #006798 - unknown,1025.01,0.00,income_ledger,21823,0006767
2012-10-03,41000,Charter Revenue,Charter #5745 - Res #006798 - unknown,0.00,1025.01,income_ledger,21823,0006767
2012-10-04,1000,Cash / Clearing,Charter #5758 - Res #006815 - unknown,275.00,0.00,income_ledger,20323,0006771
2012-10-04,41000,Charter Revenue,Charter #5758 - Res #006815 - unknown,0.00,275.00,income_ledger,20323,0006771
2012-10-04,1000,Cash / Clearing,Charter #5678 - Res #006733 - unknown,15.00,0.00,income_ledger,21712,0006779
2012-10-04,41000,Charter Revenue,Charter #5678 - Res #006733 - unknown,0.00,15.00,income_ledger,21712,0006779
2012-10-04,1000,Cash / Clearing,Charter #5675 - Res #006730 - unknown,367.49,0.00,income_ledger,21724,0006782
2012-10-04,41000,Charter Revenue,Charter #5675 - Res #006730 - unknown,0.00,367.49,income_ledger,21724,0006782
2012-10-04,1000,Cash / Clearing,Charter #5764 - Res #006821 - unknown,265.65,0.00,income_ledger,21731,0006772
2012-10-04,41000,Charter Revenue,Charter #5764 - Res #006821 - unknown,0.00,265.65,income_ledger,21731,0006772
2012-10-04,1000,Cash / Clearing,Charter #5768 - Res #006825 - unknown,843.54,0.00,income_ledger,21733,0006774
2012-10-04,41000,Charter Revenue,Charter #5768 - Res #006825 - unknown,0.00,843.54,income_ledger,21733,0006774
2012-10-04,1000,Cash / Clearing,Charter #5761 - Res #006818 - unknown,168.00,0.00,income_ledger,21761,0006781
2012-10-04,41000,Charter Revenue,Charter #5761 - Res #006818 - unknown,0.00,168.00,income_ledger,21761,0006781
2012-10-04,1000,Cash / Clearing,Charter #5776 - Res #006833 - unknown,225.01,0.00,income_ledger,21824,0006777
2012-10-04,41000,Charter Revenue,Charter #5776 - Res #006833 - unknown,0.00,225.01,income_ledger,21824,0006777
2012-10-04,1000,Cash / Clearing,Charter #5775 - Res #006832 - unknown,225.01,0.00,income_ledger,21825,0006778
2012-10-04,41000,Charter Revenue,Charter #5775 - Res #006832 - unknown,0.00,225.01,income_ledger,21825,0006778
2012-10-04,1000,Cash / Clearing,Charter #5677 - Res #006732 - unknown,314.99,0.00,income_ledger,21826,0006780
2012-10-04,41000,Charter Revenue,Charter #5677 - Res #006732 - unknown,0.00,314.99,income_ledger,21826,0006780
2012-10-04,1000,Cash / Clearing,Charter #5687 - Res #006742 - unknown,234.49,0.00,income_ledger,22678,0006783
2012-10-04,41000,Charter Revenue,Charter #5687 - Res #006742 - unknown,0.00,234.49,income_ledger,22678,0006783
2012-10-05,1000,Cash / Clearing,Charter #5773 - Res #006830 - unknown,691.30,0.00,income_ledger,20325,0006784
2012-10-05,41000,Charter Revenue,Charter #5773 - Res #006830 - unknown,0.00,691.30,income_ledger,20325,0006784
2012-10-05,1000,Cash / Clearing,Charter #5778 - Res #006835 - unknown,82.50,0.00,income_ledger,20326,0006785
2012-10-05,41000,Charter Revenue,Charter #5778 - Res #006835 - unknown,0.00,82.50,income_ledger,20326,0006785
2012-10-05,1000,Cash / Clearing,Charter #5413 - Res #006467 - unknown,861.27,0.00,income_ledger,21739,0006786
2012-10-05,41000,Charter Revenue,Charter #5413 - Res #006467 - unknown,0.00,861.27,income_ledger,21739,0006786
2012-10-05,1000,Cash / Clearing,Charter #4945 - Res #005996 - unknown,2160.51,0.00,income_ledger,21766,0006787
2012-10-05,41000,Charter Revenue,Charter #4945 - Res #005996 - unknown,0.00,2160.51,income_ledger,21766,0006787
2012-10-07,1000,Cash / Clearing,Charter #5782 - Res #006839 - unknown,500.00,0.00,income_ledger,19059,0006739
2012-10-07,41000,Charter Revenue,Charter #5782 - Res #006839 - unknown,0.00,500.00,income_ledger,19059,0006739
2012-10-07,1000,Cash / Clearing,Charter #5782 - Res #006839 - unknown,340.00,0.00,income_ledger,19060,0006740
2012-10-07,41000,Charter Revenue,Charter #5782 - Res #006839 - unknown,0.00,340.00,income_ledger,19060,0006740
2012-10-07,1000,Cash / Clearing,Charter #5783 - Res #006840 - unknown,0.01,0.00,income_ledger,21745,0006791
2012-10-07,41000,Charter Revenue,Charter #5783 - Res #006840 - unknown,0.00,0.01,income_ledger,21745,0006791
2012-10-09,1000,Cash / Clearing,Charter #5777 - Res #006834 - unknown,231.00,0.00,income_ledger,20327,0006792
2012-10-09,41000,Charter Revenue,Charter #5777 - Res #006834 - unknown,0.00,231.00,income_ledger,20327,0006792
2012-10-09,1000,Cash / Clearing,Charter #5777 - Res #006834 - unknown,0.01,0.00,income_ledger,21128,0006742
2012-10-09,41000,Charter Revenue,Charter #5777 - Res #006834 - unknown,0.00,0.01,income_ledger,21128,0006742
2012-10-09,1000,Cash / Clearing,Charter #5786 - Res #006843 - unknown,250.00,0.00,income_ledger,21741,0006795
2012-10-09,41000,Charter Revenue,Charter #5786 - Res #006843 - unknown,0.00,250.00,income_ledger,21741,0006795
2012-10-09,1000,Cash / Clearing,Charter #5785 - Res #006842 - unknown,250.00,0.00,income_ledger,21798,0006793
2012-10-09,41000,Charter Revenue,Charter #5785 - Res #006842 - unknown,0.00,250.00,income_ledger,21798,0006793
2012-10-09,1000,Cash / Clearing,Charter #5785 - Res #006842 - unknown,0.01,0.00,income_ledger,21894,0006794
2012-10-09,41000,Charter Revenue,Charter #5785 - Res #006842 - unknown,0.00,0.01,income_ledger,21894,0006794
2012-10-10,1000,Cash / Clearing,Charter #5026 - Res #006132 - credit_card,1048.00,0.00,income_ledger,18830,0006754
2012-10-10,41000,Charter Revenue,Charter #5026 - Res #006132 - credit_card,0.00,1048.00,income_ledger,18830,0006754
2012-10-10,1000,Cash / Clearing,Charter #5790 - Res #006847 - unknown,250.00,0.00,income_ledger,20328,0006798
2012-10-10,41000,Charter Revenue,Charter #5790 - Res #006847 - unknown,0.00,250.00,income_ledger,20328,0006798
2012-10-10,1000,Cash / Clearing,Charter #5791 - Res #006848 - unknown,500.00,0.00,income_ledger,20329,0006799
2012-10-10,41000,Charter Revenue,Charter #5791 - Res #006848 - unknown,0.00,500.00,income_ledger,20329,0006799
2012-10-10,1000,Cash / Clearing,Charter #4397 - Res #005446 - unknown,122.00,0.00,income_ledger,20330,0006800
2012-10-10,41000,Charter Revenue,Charter #4397 - Res #005446 - unknown,0.00,122.00,income_ledger,20330,0006800
2012-10-10,1000,Cash / Clearing,Charter #5781 - Res #006838 - unknown,495.00,0.00,income_ledger,20331,0006802
2012-10-10,41000,Charter Revenue,Charter #5781 - Res #006838 - unknown,0.00,495.00,income_ledger,20331,0006802
2012-10-10,1000,Cash / Clearing,Charter #5794 - Res #006851 - unknown,240.00,0.00,income_ledger,20332,0006803
2012-10-10,41000,Charter Revenue,Charter #5794 - Res #006851 - unknown,0.00,240.00,income_ledger,20332,0006803
2012-10-10,1000,Cash / Clearing,Charter #5725 - Res #006777 - unknown,575.00,0.00,income_ledger,21725,0006805
2012-10-10,41000,Charter Revenue,Charter #5725 - Res #006777 - unknown,0.00,575.00,income_ledger,21725,0006805
2012-10-10,1000,Cash / Clearing,Charter #5787 - Res #006844 - unknown,280.00,0.00,income_ledger,21771,0006796
2012-10-10,41000,Charter Revenue,Charter #5787 - Res #006844 - unknown,0.00,280.00,income_ledger,21771,0006796
2012-10-10,1000,Cash / Clearing,Charter #5793 - Res #006850 - unknown,205.00,0.00,income_ledger,21774,0006801
2012-10-10,41000,Charter Revenue,Charter #5793 - Res #006850 - unknown,0.00,205.00,income_ledger,21774,0006801
2012-10-10,1000,Cash / Clearing,Charter #5787 - Res #006844 - unknown,375.00,0.00,income_ledger,21788,0006797
2012-10-10,41000,Charter Revenue,Charter #5787 - Res #006844 - unknown,0.00,375.00,income_ledger,21788,0006797
2012-10-11,1000,Cash / Clearing,Charter #5559 - Res #006597 - unknown,-0.02,0.00,income_ledger,18879,ROUND2012_2015_006597_20260410
2012-10-11,41000,Charter Revenue,Charter #5559 - Res #006597 - unknown,0.00,-0.02,income_ledger,18879,ROUND2012_2015_006597_20260410
2012-10-11,1000,Cash / Clearing,Charter #5728 - Res #006780 - unknown,60.00,0.00,income_ledger,19058,0006765
2012-10-11,41000,Charter Revenue,Charter #5728 - Res #006780 - unknown,0.00,60.00,income_ledger,19058,0006765
2012-10-11,1000,Cash / Clearing,Charter #5126 - Res #006179 - unknown,500.00,0.00,income_ledger,19772,0006766
2012-10-11,41000,Charter Revenue,Charter #5126 - Res #006179 - unknown,0.00,500.00,income_ledger,19772,0006766
2012-10-11,1000,Cash / Clearing,Charter #5674 - Res #006729 - unknown,160.00,0.00,income_ledger,19773,0006767
2012-10-11,41000,Charter Revenue,Charter #5674 - Res #006729 - unknown,0.00,160.00,income_ledger,19773,0006767
2012-10-11,1000,Cash / Clearing,Charter #5712 - Res #006764 - unknown,244.40,0.00,income_ledger,20333,0006814
2012-10-11,41000,Charter Revenue,Charter #5712 - Res #006764 - unknown,0.00,244.40,income_ledger,20333,0006814
2012-10-11,1000,Cash / Clearing,Charter #5793 - Res #006850 - unknown,224.00,0.00,income_ledger,20334,0006819
2012-10-11,41000,Charter Revenue,Charter #5793 - Res #006850 - unknown,0.00,224.00,income_ledger,20334,0006819
2012-10-11,1000,Cash / Clearing,Charter #5793 - Res #006850 - unknown,100.06,0.00,income_ledger,20335,0006820
2012-10-11,41000,Charter Revenue,Charter #5793 - Res #006850 - unknown,0.00,100.06,income_ledger,20335,0006820
2012-10-11,1000,Cash / Clearing,Charter #5784 - Res #006841 - unknown,246.00,0.00,income_ledger,21726,0006808
2012-10-11,41000,Charter Revenue,Charter #5784 - Res #006841 - unknown,0.00,246.00,income_ledger,21726,0006808
2012-10-11,1000,Cash / Clearing,Charter #5798 - Res #006855 - unknown,404.25,0.00,income_ledger,21746,0006807
2012-10-11,41000,Charter Revenue,Charter #5798 - Res #006855 - unknown,0.00,404.25,income_ledger,21746,0006807
2012-10-11,1000,Cash / Clearing,Charter #5801 - Res #006858 - unknown,230.00,0.00,income_ledger,21762,0006809
2012-10-11,41000,Charter Revenue,Charter #5801 - Res #006858 - unknown,0.00,230.00,income_ledger,21762,0006809
2012-10-11,1000,Cash / Clearing,Charter #5759 - Res #006816 - unknown,275.00,0.00,income_ledger,21785,0006806
2012-10-11,41000,Charter Revenue,Charter #5759 - Res #006816 - unknown,0.00,275.00,income_ledger,21785,0006806
2012-10-11,1000,Cash / Clearing,Charter #5763 - Res #006820 - unknown,262.50,0.00,income_ledger,21790,0006811
2012-10-11,41000,Charter Revenue,Charter #5763 - Res #006820 - unknown,0.00,262.50,income_ledger,21790,0006811
2012-10-11,1000,Cash / Clearing,Charter #5800 - Res #006857 - unknown,210.00,0.00,income_ledger,21799,0006810
2012-10-11,41000,Charter Revenue,Charter #5800 - Res #006857 - unknown,0.00,210.00,income_ledger,21799,0006810
2012-10-11,1000,Cash / Clearing,Charter #5713 - Res #006765 - unknown,378.90,0.00,income_ledger,21800,0006815
2012-10-11,41000,Charter Revenue,Charter #5713 - Res #006765 - unknown,0.00,378.90,income_ledger,21800,0006815
2012-10-11,1000,Cash / Clearing,Charter #5780 - Res #006837 - unknown,632.50,0.00,income_ledger,23008,0006813
2012-10-11,41000,Charter Revenue,Charter #5780 - Res #006837 - unknown,0.00,632.50,income_ledger,23008,0006813
2012-10-12,1000,Cash / Clearing,Charter #5718 - Res #006770 - unknown,500.00,0.00,income_ledger,13342,
2012-10-12,41000,Charter Revenue,Charter #5718 - Res #006770 - unknown,0.00,500.00,income_ledger,13342,
2012-10-12,1000,Cash / Clearing,Charter #5811 - Res #006868 - unknown,536.26,0.00,income_ledger,21751,0006825
2012-10-12,41000,Charter Revenue,Charter #5811 - Res #006868 - unknown,0.00,536.26,income_ledger,21751,0006825
2012-10-12,1000,Cash / Clearing,Charter #5687 - Res #006742 - unknown,18.73,0.00,income_ledger,21770,0006822
2012-10-12,41000,Charter Revenue,Charter #5687 - Res #006742 - unknown,0.00,18.73,income_ledger,21770,0006822
2012-10-12,1000,Cash / Clearing,Charter #5678 - Res #006733 - unknown,22.51,0.00,income_ledger,21773,0006823
2012-10-12,41000,Charter Revenue,Charter #5678 - Res #006733 - unknown,0.00,22.51,income_ledger,21773,0006823
2012-10-13,1000,Cash / Clearing,Charter #5789 - Res #006846 - unknown,-0.02,0.00,income_ledger,18872,ROUND2012_2015_006846_20260410
2012-10-13,41000,Charter Revenue,Charter #5789 - Res #006846 - unknown,0.00,-0.02,income_ledger,18872,ROUND2012_2015_006846_20260410
2012-10-13,1000,Cash / Clearing,Charter #5281 - Res #006355 - unknown,1101.14,0.00,income_ledger,21747,0006826
2012-10-13,41000,Charter Revenue,Charter #5281 - Res #006355 - unknown,0.00,1101.14,income_ledger,21747,0006826
2012-10-13,1000,Cash / Clearing,Charter #5789 - Res #006846 - unknown,0.01,0.00,income_ledger,21775,0006827
2012-10-13,41000,Charter Revenue,Charter #5789 - Res #006846 - unknown,0.00,0.01,income_ledger,21775,0006827
2012-10-13,1000,Cash / Clearing,Charter #5789 - Res #006846 - unknown,0.01,0.00,income_ledger,21821,0006776
2012-10-13,41000,Charter Revenue,Charter #5789 - Res #006846 - unknown,0.00,0.01,income_ledger,21821,0006776
2012-10-14,1000,Cash / Clearing,Charter #5674 - Res #006729 - unknown,120.00,0.00,income_ledger,19081,0006778
2012-10-14,41000,Charter Revenue,Charter #5674 - Res #006729 - unknown,0.00,120.00,income_ledger,19081,0006778
2012-10-14,1000,Cash / Clearing,Charter #5674 - Res #006729 - unknown,80.00,0.00,income_ledger,19774,0006777
2012-10-14,41000,Charter Revenue,Charter #5674 - Res #006729 - unknown,0.00,80.00,income_ledger,19774,0006777
2012-10-15,1000,Cash / Clearing,Charter #5812 - Res #006869 - unknown,50.00,0.00,income_ledger,19576,0006832
2012-10-15,41000,Charter Revenue,Charter #5812 - Res #006869 - unknown,0.00,50.00,income_ledger,19576,0006832
2012-10-15,1000,Cash / Clearing,Charter #5674 - Res #006729 - unknown,160.00,0.00,income_ledger,19775,0006780
2012-10-15,41000,Charter Revenue,Charter #5674 - Res #006729 - unknown,0.00,160.00,income_ledger,19775,0006780
2012-10-15,1000,Cash / Clearing,Charter #5809 - Res #006866 - unknown,61.26,0.00,income_ledger,21750,0006830
2012-10-15,41000,Charter Revenue,Charter #5809 - Res #006866 - unknown,0.00,61.26,income_ledger,21750,0006830
2012-10-16,1000,Cash / Clearing,Charter #5815 - Res #006872 - unknown,250.00,0.00,income_ledger,6001,
2012-10-16,41000,Charter Revenue,Charter #5815 - Res #006872 - unknown,0.00,250.00,income_ledger,6001,
2012-10-16,1000,Cash / Clearing,Charter #5808 - Res #006865 - unknown,1075.00,0.00,income_ledger,21754,0006835
2012-10-16,41000,Charter Revenue,Charter #5808 - Res #006865 - unknown,0.00,1075.00,income_ledger,21754,0006835
2012-10-16,1000,Cash / Clearing,Charter #5718 - Res #006770 - unknown,1104.06,0.00,income_ledger,21755,0006836
2012-10-16,41000,Charter Revenue,Charter #5718 - Res #006770 - unknown,0.00,1104.06,income_ledger,21755,0006836
2012-10-16,1000,Cash / Clearing,Charter #5817 - Res #006874 - unknown,195.00,0.00,income_ledger,21763,0006834
2012-10-16,41000,Charter Revenue,Charter #5817 - Res #006874 - unknown,0.00,195.00,income_ledger,21763,0006834
2012-10-17,1000,Cash / Clearing,Charter #5790 - Res #006847 - unknown,1435.43,0.00,income_ledger,21752,0006837
2012-10-17,41000,Charter Revenue,Charter #5790 - Res #006847 - unknown,0.00,1435.43,income_ledger,21752,0006837
2012-10-17,1000,Cash / Clearing,Charter #5820 - Res #006877 - unknown,100.00,0.00,income_ledger,21760,0006839
2012-10-17,41000,Charter Revenue,Charter #5820 - Res #006877 - unknown,0.00,100.00,income_ledger,21760,0006839
2012-10-17,1000,Cash / Clearing,Charter #5818 - Res #006875 - unknown,300.00,0.00,income_ledger,21805,0006838
2012-10-17,41000,Charter Revenue,Charter #5818 - Res #006875 - unknown,0.00,300.00,income_ledger,21805,0006838
2012-10-18,1000,Cash / Clearing,Charter #5824 - Res #006881 - unknown,500.00,0.00,income_ledger,19776,0006789
2012-10-18,41000,Charter Revenue,Charter #5824 - Res #006881 - unknown,0.00,500.00,income_ledger,19776,0006789
2012-10-18,1000,Cash / Clearing,Charter #5826 - Res #006883 - unknown,500.00,0.00,income_ledger,21756,0006841
2012-10-18,41000,Charter Revenue,Charter #5826 - Res #006883 - unknown,0.00,500.00,income_ledger,21756,0006841
2012-10-18,1000,Cash / Clearing,Charter #5814 - Res #006871 - unknown,265.65,0.00,income_ledger,21757,0006842
2012-10-18,41000,Charter Revenue,Charter #5814 - Res #006871 - unknown,0.00,265.65,income_ledger,21757,0006842
2012-10-18,1000,Cash / Clearing,Charter #5829 - Res #006886 - unknown,0.01,0.00,income_ledger,21778,0006846
2012-10-18,41000,Charter Revenue,Charter #5829 - Res #006886 - unknown,0.00,0.01,income_ledger,21778,0006846
2012-10-18,1000,Cash / Clearing,Charter #5830 - Res #006887 - unknown,0.01,0.00,income_ledger,21779,0006847
2012-10-18,41000,Charter Revenue,Charter #5830 - Res #006887 - unknown,0.00,0.01,income_ledger,21779,0006847
2012-10-18,1000,Cash / Clearing,Charter #5676 - Res #006731 - unknown,360.00,0.00,income_ledger,21806,0006844
2012-10-18,41000,Charter Revenue,Charter #5676 - Res #006731 - unknown,0.00,360.00,income_ledger,21806,0006844
2012-10-18,1000,Cash / Clearing,Charter #5828 - Res #006885 - unknown,200.00,0.00,income_ledger,22057,0006845
2012-10-18,41000,Charter Revenue,Charter #5828 - Res #006885 - unknown,0.00,200.00,income_ledger,22057,0006845
2012-10-18,1000,Cash / Clearing,Charter #5827 - Res #006884 - unknown,150.00,0.00,income_ledger,22475,0006843
2012-10-18,41000,Charter Revenue,Charter #5827 - Res #006884 - unknown,0.00,150.00,income_ledger,22475,0006843
2012-10-19,1000,Cash / Clearing,Charter #5676 - Res #006731 - unknown,40.00,0.00,income_ledger,20966,0006852
2012-10-19,41000,Charter Revenue,Charter #5676 - Res #006731 - unknown,0.00,40.00,income_ledger,20966,0006852
2012-10-19,1000,Cash / Clearing,Charter #5836 - Res #006893 - unknown,0.01,0.00,income_ledger,20977,0006853
2012-10-19,41000,Charter Revenue,Charter #5836 - Res #006893 - unknown,0.00,0.01,income_ledger,20977,0006853
2012-10-19,1000,Cash / Clearing,Charter #5834 - Res #006891 - unknown,0.01,0.00,income_ledger,21135,0006851
2012-10-19,41000,Charter Revenue,Charter #5834 - Res #006891 - unknown,0.00,0.01,income_ledger,21135,0006851
2012-10-19,1000,Cash / Clearing,Charter #5837 - Res #006894 - unknown,0.01,0.00,income_ledger,21758,0006854
2012-10-19,41000,Charter Revenue,Charter #5837 - Res #006894 - unknown,0.00,0.01,income_ledger,21758,0006854
2012-10-19,1000,Cash / Clearing,Charter #5827 - Res #006884 - unknown,181.88,0.00,income_ledger,21772,0006855
2012-10-19,41000,Charter Revenue,Charter #5827 - Res #006884 - unknown,0.00,181.88,income_ledger,21772,0006855
2012-10-19,1000,Cash / Clearing,Charter #5819 - Res #006876 - unknown,241.50,0.00,income_ledger,21777,0006849
2012-10-19,41000,Charter Revenue,Charter #5819 - Res #006876 - unknown,0.00,241.50,income_ledger,21777,0006849
2012-10-19,1000,Cash / Clearing,Charter #5831 - Res #006888 - unknown,300.00,0.00,income_ledger,21827,0006848
2012-10-19,41000,Charter Revenue,Charter #5831 - Res #006888 - unknown,0.00,300.00,income_ledger,21827,0006848
2012-10-20,1000,Cash / Clearing,Charter #5824 - Res #006881 - unknown,882.41,0.00,income_ledger,19777,0006805
2012-10-20,41000,Charter Revenue,Charter #5824 - Res #006881 - unknown,0.00,882.41,income_ledger,19777,0006805
2012-10-20,1000,Cash / Clearing,Charter #5676 - Res #006731 - unknown,260.00,0.00,income_ledger,20336,0006861
2012-10-20,41000,Charter Revenue,Charter #5676 - Res #006731 - unknown,0.00,260.00,income_ledger,20336,0006861
2012-10-20,1000,Cash / Clearing,Charter #5816 - Res #006873 - unknown,241.00,0.00,income_ledger,21686,0006858
2012-10-20,41000,Charter Revenue,Charter #5816 - Res #006873 - unknown,0.00,241.00,income_ledger,21686,0006858
2012-10-20,1000,Cash / Clearing,Charter #5835 - Res #006892 - unknown,97.50,0.00,income_ledger,21694,0006859
2012-10-20,41000,Charter Revenue,Charter #5835 - Res #006892 - unknown,0.00,97.50,income_ledger,21694,0006859
2012-10-20,1000,Cash / Clearing,Charter #5812 - Res #006869 - unknown,385.00,0.00,income_ledger,21797,0006860
2012-10-20,41000,Charter Revenue,Charter #5812 - Res #006869 - unknown,0.00,385.00,income_ledger,21797,0006860
2012-10-22,1000,Cash / Clearing,Charter #5848 - Res #006905 - check,500.00,0.00,income_ledger,18723,0006812
2012-10-22,41000,Charter Revenue,Charter #5848 - Res #006905 - check,0.00,500.00,income_ledger,18723,0006812
2012-10-22,1000,Cash / Clearing,Charter #5847 - Res #006904 - unknown,175.00,0.00,income_ledger,20337,0006862
2012-10-22,41000,Charter Revenue,Charter #5847 - Res #006904 - unknown,0.00,175.00,income_ledger,20337,0006862
2012-10-22,1000,Cash / Clearing,Charter #5845 - Res #006902 - unknown,350.00,0.00,income_ledger,21748,0006864
2012-10-22,41000,Charter Revenue,Charter #5845 - Res #006902 - unknown,0.00,350.00,income_ledger,21748,0006864
2012-10-22,1000,Cash / Clearing,Charter #5403 - Res #006456 - unknown,1412.83,0.00,income_ledger,21749,0006865
2012-10-22,41000,Charter Revenue,Charter #5403 - Res #006456 - unknown,0.00,1412.83,income_ledger,21749,0006865
2012-10-22,1000,Cash / Clearing,Charter #5852 - Res #006909 - unknown,400.00,0.00,income_ledger,21776,0006867
2012-10-22,41000,Charter Revenue,Charter #5852 - Res #006909 - unknown,0.00,400.00,income_ledger,21776,0006867
2012-10-22,1000,Cash / Clearing,Charter #5676 - Res #006731 - unknown,480.00,0.00,income_ledger,21807,0006866
2012-10-22,41000,Charter Revenue,Charter #5676 - Res #006731 - unknown,0.00,480.00,income_ledger,21807,0006866
2012-10-23,1000,Cash / Clearing,Charter #5838 - Res #006895 - unknown,429.00,0.00,income_ledger,18966,0006818
2012-10-23,41000,Charter Revenue,Charter #5838 - Res #006895 - unknown,0.00,429.00,income_ledger,18966,0006818
2012-10-23,1000,Cash / Clearing,Charter #5840 - Res #006897 - unknown,82.50,0.00,income_ledger,19778,0006831
2012-10-23,41000,Charter Revenue,Charter #5840 - Res #006897 - unknown,0.00,82.50,income_ledger,19778,0006831
2012-10-23,1000,Cash / Clearing,Charter #5825 - Res #006882 - unknown,270.00,0.00,income_ledger,21780,0006868
2012-10-23,41000,Charter Revenue,Charter #5825 - Res #006882 - unknown,0.00,270.00,income_ledger,21780,0006868
2012-10-23,1000,Cash / Clearing,Charter #5791 - Res #006848 - unknown,717.14,0.00,income_ledger,21781,0006878
2012-10-23,41000,Charter Revenue,Charter #5791 - Res #006848 - unknown,0.00,717.14,income_ledger,21781,0006878
2012-10-23,1000,Cash / Clearing,Charter #5820 - Res #006877 - unknown,434.44,0.00,income_ledger,21782,0006879
2012-10-23,41000,Charter Revenue,Charter #5820 - Res #006877 - unknown,0.00,434.44,income_ledger,21782,0006879
2012-10-23,1000,Cash / Clearing,Charter #5812 - Res #006869 - unknown,-50.00,0.00,income_ledger,21783,0006876
2012-10-23,41000,Charter Revenue,Charter #5812 - Res #006869 - unknown,0.00,-50.00,income_ledger,21783,0006876
2012-10-23,1000,Cash / Clearing,Charter #5832 - Res #006889 - unknown,320.00,0.00,income_ledger,21786,0006871
2012-10-23,41000,Charter Revenue,Charter #5832 - Res #006889 - unknown,0.00,320.00,income_ledger,21786,0006871
2012-10-23,1000,Cash / Clearing,Charter #5853 - Res #006910 - unknown,224.50,0.00,income_ledger,21787,0006880
2012-10-23,41000,Charter Revenue,Charter #5853 - Res #006910 - unknown,0.00,224.50,income_ledger,21787,0006880
2012-10-23,1000,Cash / Clearing,Charter #5842 - Res #006899 - unknown,112.50,0.00,income_ledger,21792,0006882
2012-10-23,41000,Charter Revenue,Charter #5842 - Res #006899 - unknown,0.00,112.50,income_ledger,21792,0006882
2012-10-23,1000,Cash / Clearing,Charter #5858 - Res #006915 - unknown,82.50,0.00,income_ledger,21808,0006875
2012-10-23,41000,Charter Revenue,Charter #5858 - Res #006915 - unknown,0.00,82.50,income_ledger,21808,0006875
2012-10-23,1000,Cash / Clearing,Charter #5802 - Res #006859 - unknown,82.50,0.00,income_ledger,21813,0006872
2012-10-23,41000,Charter Revenue,Charter #5802 - Res #006859 - unknown,0.00,82.50,income_ledger,21813,0006872
2012-10-23,1000,Cash / Clearing,Charter #5854 - Res #006911 - unknown,82.50,0.00,income_ledger,21814,0006873
2012-10-23,41000,Charter Revenue,Charter #5854 - Res #006911 - unknown,0.00,82.50,income_ledger,21814,0006873
2012-10-23,1000,Cash / Clearing,Charter #5827 - Res #006884 - unknown,41.17,0.00,income_ledger,21828,0006883
2012-10-23,41000,Charter Revenue,Charter #5827 - Res #006884 - unknown,0.00,41.17,income_ledger,21828,0006883
2012-10-23,1000,Cash / Clearing,Charter #5808 - Res #006865 - unknown,288.74,0.00,income_ledger,21897,0006885
2012-10-23,41000,Charter Revenue,Charter #5808 - Res #006865 - unknown,0.00,288.74,income_ledger,21897,0006885
2012-10-23,1000,Cash / Clearing,Charter #5826 - Res #006883 - unknown,1439.34,0.00,income_ledger,22430,0006874
2012-10-23,41000,Charter Revenue,Charter #5826 - Res #006883 - unknown,0.00,1439.34,income_ledger,22430,0006874
2012-10-24,1000,Cash / Clearing,Charter #5863 - Res #006920 - unknown,195.00,0.00,income_ledger,19607,0006898
2012-10-24,41000,Charter Revenue,Charter #5863 - Res #006920 - unknown,0.00,195.00,income_ledger,19607,0006898
2012-10-24,1000,Cash / Clearing,Charter #5674 - Res #006729 - unknown,220.00,0.00,income_ledger,19779,0006848
2012-10-24,41000,Charter Revenue,Charter #5674 - Res #006729 - unknown,0.00,220.00,income_ledger,19779,0006848
2012-10-24,1000,Cash / Clearing,Charter #5623 - Res #006662 - unknown,83.00,0.00,income_ledger,20324,0006895
2012-10-24,41000,Charter Revenue,Charter #5623 - Res #006662 - unknown,0.00,83.00,income_ledger,20324,0006895
2012-10-24,1000,Cash / Clearing,Charter #5859 - Res #006916 - unknown,122.00,0.00,income_ledger,20338,0006888
2012-10-24,41000,Charter Revenue,Charter #5859 - Res #006916 - unknown,0.00,122.00,income_ledger,20338,0006888
2012-10-24,1000,Cash / Clearing,Charter #5862 - Res #006919 - unknown,175.00,0.00,income_ledger,21737,0006897
2012-10-24,41000,Charter Revenue,Charter #5862 - Res #006919 - unknown,0.00,175.00,income_ledger,21737,0006897
2012-10-24,1000,Cash / Clearing,Charter #5861 - Res #006918 - unknown,390.00,0.00,income_ledger,21743,0006896
2012-10-24,41000,Charter Revenue,Charter #5861 - Res #006918 - unknown,0.00,390.00,income_ledger,21743,0006896
2012-10-24,1000,Cash / Clearing,Charter #5715 - Res #006767 - unknown,470.33,0.00,income_ledger,21744,0006888
2012-10-24,41000,Charter Revenue,Charter #5715 - Res #006767 - unknown,0.00,470.33,income_ledger,21744,0006888
2012-10-24,1000,Cash / Clearing,Charter #5623 - Res #006662 - unknown,107.00,0.00,income_ledger,21765,0006893
2012-10-24,41000,Charter Revenue,Charter #5623 - Res #006662 - unknown,0.00,107.00,income_ledger,21765,0006893
2012-10-24,1000,Cash / Clearing,Charter #5846 - Res #006903 - unknown,134.50,0.00,income_ledger,21784,0006900
2012-10-24,41000,Charter Revenue,Charter #5846 - Res #006903 - unknown,0.00,134.50,income_ledger,21784,0006900
2012-10-24,1000,Cash / Clearing,Charter #5860 - Res #006917 - unknown,0.01,0.00,income_ledger,21791,0006890
2012-10-24,41000,Charter Revenue,Charter #5860 - Res #006917 - unknown,0.00,0.01,income_ledger,21791,0006890
2012-10-24,1000,Cash / Clearing,Charter #5818 - Res #006875 - unknown,883.55,0.00,income_ledger,21793,0006891
2012-10-24,41000,Charter Revenue,Charter #5818 - Res #006875 - unknown,0.00,883.55,income_ledger,21793,0006891
2012-10-24,1000,Cash / Clearing,Charter #5786 - Res #006843 - unknown,1356.61,0.00,income_ledger,21794,0006892
2012-10-24,41000,Charter Revenue,Charter #5786 - Res #006843 - unknown,0.00,1356.61,income_ledger,21794,0006892
2012-10-24,1000,Cash / Clearing,Charter #5716 - Res #006768 - unknown,495.00,0.00,income_ledger,21795,0006889
2012-10-24,41000,Charter Revenue,Charter #5716 - Res #006768 - unknown,0.00,495.00,income_ledger,21795,0006889
2012-10-24,1000,Cash / Clearing,Charter #5623 - Res #006662 - unknown,135.00,0.00,income_ledger,21858,0006894
2012-10-24,41000,Charter Revenue,Charter #5623 - Res #006662 - unknown,0.00,135.00,income_ledger,21858,0006894
2012-10-24,1000,Cash / Clearing,Charter #5868 - Res #006925 - unknown,0.01,0.00,income_ledger,21912,0006850
2012-10-24,41000,Charter Revenue,Charter #5868 - Res #006925 - unknown,0.00,0.01,income_ledger,21912,0006850
2012-10-24,1000,Cash / Clearing,Charter #5846 - Res #006903 - unknown,100.00,0.00,income_ledger,22114,0006899
2012-10-24,41000,Charter Revenue,Charter #5846 - Res #006903 - unknown,0.00,100.00,income_ledger,22114,0006899
2012-10-25,1000,Cash / Clearing,Charter #4965 - Res #006016 - credit_card,202.00,0.00,income_ledger,13355,
2012-10-25,41000,Charter Revenue,Charter #4965 - Res #006016 - credit_card,0.00,202.00,income_ledger,13355,
2012-10-25,1000,Cash / Clearing,Charter #5888 - Res #006946 - unknown,175.00,0.00,income_ledger,19147,0006874
2012-10-25,41000,Charter Revenue,Charter #5888 - Res #006946 - unknown,0.00,175.00,income_ledger,19147,0006874
2012-10-25,1000,Cash / Clearing,Charter #4966 - Res #006017 - unknown,399.00,0.00,income_ledger,20339,0006905
2012-10-25,41000,Charter Revenue,Charter #4966 - Res #006017 - unknown,0.00,399.00,income_ledger,20339,0006905
2012-10-25,1000,Cash / Clearing,Charter #5887 - Res #006945 - unknown,79.00,0.00,income_ledger,20340,0006981
2012-10-25,41000,Charter Revenue,Charter #5887 - Res #006945 - unknown,0.00,79.00,income_ledger,20340,0006981
2012-10-25,1000,Cash / Clearing,Charter #5884 - Res #006941 - unknown,0.01,0.00,income_ledger,21711,0006984
2012-10-25,41000,Charter Revenue,Charter #5884 - Res #006941 - unknown,0.00,0.01,income_ledger,21711,0006984
2012-10-25,1000,Cash / Clearing,Charter #5403 - Res #006456 - unknown,330.00,0.00,income_ledger,21809,0006907
2012-10-25,41000,Charter Revenue,Charter #5403 - Res #006456 - unknown,0.00,330.00,income_ledger,21809,0006907
2012-10-25,1000,Cash / Clearing,Charter #5841 - Res #006898 - unknown,429.00,0.00,income_ledger,21815,0006979
2012-10-25,41000,Charter Revenue,Charter #5841 - Res #006898 - unknown,0.00,429.00,income_ledger,21815,0006979
2012-10-25,1000,Cash / Clearing,Charter #5806 - Res #006863 - unknown,0.01,0.00,income_ledger,21820,0006857
2012-10-25,41000,Charter Revenue,Charter #5806 - Res #006863 - unknown,0.00,0.01,income_ledger,21820,0006857
2012-10-25,1000,Cash / Clearing,Charter #5876 - Res #006933 - unknown,0.01,0.00,income_ledger,21850,0006970
2012-10-25,41000,Charter Revenue,Charter #5876 - Res #006933 - unknown,0.00,0.01,income_ledger,21850,0006970
2012-10-25,1000,Cash / Clearing,Charter #5875 - Res #006932 - unknown,0.01,0.00,income_ledger,21855,0006969
2012-10-25,41000,Charter Revenue,Charter #5875 - Res #006932 - unknown,0.00,0.01,income_ledger,21855,0006969
2012-10-25,1000,Cash / Clearing,Charter #5877 - Res #006934 - unknown,0.01,0.00,income_ledger,21859,0006971
2012-10-25,41000,Charter Revenue,Charter #5877 - Res #006934 - unknown,0.00,0.01,income_ledger,21859,0006971
2012-10-25,1000,Cash / Clearing,Charter #5887 - Res #006945 - unknown,350.00,0.00,income_ledger,21860,0006980
2012-10-25,41000,Charter Revenue,Charter #5887 - Res #006945 - unknown,0.00,350.00,income_ledger,21860,0006980
2012-10-25,1000,Cash / Clearing,Charter #5676 - Res #006731 - unknown,240.00,0.00,income_ledger,21863,0006978
2012-10-25,41000,Charter Revenue,Charter #5676 - Res #006731 - unknown,0.00,240.00,income_ledger,21863,0006978
2012-10-25,1000,Cash / Clearing,Charter #5879 - Res #006936 - unknown,0.01,0.00,income_ledger,21889,0006973
2012-10-25,41000,Charter Revenue,Charter #5879 - Res #006936 - unknown,0.00,0.01,income_ledger,21889,0006973
2012-10-25,1000,Cash / Clearing,Charter #5880 - Res #006937 - unknown,0.01,0.00,income_ledger,21892,0006974
2012-10-25,41000,Charter Revenue,Charter #5880 - Res #006937 - unknown,0.00,0.01,income_ledger,21892,0006974
2012-10-25,1000,Cash / Clearing,Charter #4967 - Res #006018 - unknown,399.00,0.00,income_ledger,21922,0006906
2012-10-25,41000,Charter Revenue,Charter #4967 - Res #006018 - unknown,0.00,399.00,income_ledger,21922,0006906
2012-10-25,1000,Cash / Clearing,Charter #5806 - Res #006863 - unknown,0.01,0.00,income_ledger,21966,0006967
2012-10-25,41000,Charter Revenue,Charter #5806 - Res #006863 - unknown,0.00,0.01,income_ledger,21966,0006967
2012-10-25,1000,Cash / Clearing,Charter #5874 - Res #006931 - unknown,0.01,0.00,income_ledger,21968,0006968
2012-10-25,41000,Charter Revenue,Charter #5874 - Res #006931 - unknown,0.00,0.01,income_ledger,21968,0006968
2012-10-25,1000,Cash / Clearing,Charter #5851 - Res #006908 - unknown,0.01,0.00,income_ledger,22085,0006908
2012-10-25,41000,Charter Revenue,Charter #5851 - Res #006908 - unknown,0.00,0.01,income_ledger,22085,0006908
2012-10-25,1000,Cash / Clearing,Charter #5878 - Res #006935 - unknown,0.01,0.00,income_ledger,22823,0006972
2012-10-25,41000,Charter Revenue,Charter #5878 - Res #006935 - unknown,0.00,0.01,income_ledger,22823,0006972
2012-10-25,1000,Cash / Clearing,Charter #5872 - Res #006929 - unknown,0.01,0.00,income_ledger,23365,0008809
2012-10-25,41000,Charter Revenue,Charter #5872 - Res #006929 - unknown,0.00,0.01,income_ledger,23365,0008809
2012-10-25,1000,Cash / Clearing,Charter #5873 - Res #006930 - unknown,0.01,0.00,income_ledger,23381,0008810
2012-10-25,41000,Charter Revenue,Charter #5873 - Res #006930 - unknown,0.00,0.01,income_ledger,23381,0008810
2012-10-26,1000,Cash / Clearing,Charter #5869 - Res #006926 - unknown,231.00,0.00,income_ledger,21864,0006985
2012-10-26,41000,Charter Revenue,Charter #5869 - Res #006926 - unknown,0.00,231.00,income_ledger,21864,0006985
2012-10-26,1000,Cash / Clearing,Charter #5871 - Res #006928 - unknown,181.81,0.00,income_ledger,21868,0006987
2012-10-26,41000,Charter Revenue,Charter #5871 - Res #006928 - unknown,0.00,181.81,income_ledger,21868,0006987
2012-10-26,1000,Cash / Clearing,Charter #5871 - Res #006928 - unknown,152.00,0.00,income_ledger,21879,0006988
2012-10-26,41000,Charter Revenue,Charter #5871 - Res #006928 - unknown,0.00,152.00,income_ledger,21879,0006988
2012-10-27,1000,Cash / Clearing,Charter #5831 - Res #006888 - unknown,50.00,0.00,income_ledger,21870,0006990
2012-10-27,41000,Charter Revenue,Charter #5831 - Res #006888 - unknown,0.00,50.00,income_ledger,21870,0006990
2012-10-28,1000,Cash / Clearing,Charter #5674 - Res #006729 - unknown,25.00,0.00,income_ledger,19780,0006883
2012-10-28,41000,Charter Revenue,Charter #5674 - Res #006729 - unknown,0.00,25.00,income_ledger,19780,0006883
2012-10-28,1000,Cash / Clearing,Charter #5676 - Res #006731 - unknown,20.00,0.00,income_ledger,21865,0006994
2012-10-28,41000,Charter Revenue,Charter #5676 - Res #006731 - unknown,0.00,20.00,income_ledger,21865,0006994
2012-10-28,1000,Cash / Clearing,Charter #5891 - Res #006949 - unknown,230.50,0.00,income_ledger,21871,0006991
2012-10-28,41000,Charter Revenue,Charter #5891 - Res #006949 - unknown,0.00,230.50,income_ledger,21871,0006991
2012-10-29,1000,Cash / Clearing,Charter #5900 - Res #006958 - unknown,75.00,0.00,income_ledger,19094,0006899
2012-10-29,41000,Charter Revenue,Charter #5900 - Res #006958 - unknown,0.00,75.00,income_ledger,19094,0006899
2012-10-29,1000,Cash / Clearing,Charter #5847 - Res #006904 - unknown,234.07,0.00,income_ledger,20342,0007004
2012-10-29,41000,Charter Revenue,Charter #5847 - Res #006904 - unknown,0.00,234.07,income_ledger,20342,0007004
2012-10-29,1000,Cash / Clearing,Charter #5799 - Res #006856 - trade_of_services,2835.63,0.00,income_ledger,20601,0006828
2012-10-29,41000,Charter Revenue,Charter #5799 - Res #006856 - trade_of_services,0.00,2835.63,income_ledger,20601,0006828
2012-10-29,1000,Cash / Clearing,Charter #5849 - Res #006906 - credit_card,175.00,0.00,income_ledger,20602,0006885
2012-10-29,41000,Charter Revenue,Charter #5849 - Res #006906 - credit_card,0.00,175.00,income_ledger,20602,0006885
2012-10-29,1000,Cash / Clearing,Charter #5870 - Res #006927 - unknown,0.01,0.00,income_ledger,21139,0007011
2012-10-29,41000,Charter Revenue,Charter #5870 - Res #006927 - unknown,0.00,0.01,income_ledger,21139,0007011
2012-10-29,1000,Cash / Clearing,Charter #5810 - Res #006867 - unknown,0.01,0.00,income_ledger,21141,0007008
2012-10-29,41000,Charter Revenue,Charter #5810 - Res #006867 - unknown,0.00,0.01,income_ledger,21141,0007008
2012-10-29,1000,Cash / Clearing,Charter #5799 - Res #006856 - unknown,2835.63,0.00,income_ledger,21789,0006881
2012-10-29,41000,Charter Revenue,Charter #5799 - Res #006856 - unknown,0.00,2835.63,income_ledger,21789,0006881
2012-10-29,1000,Cash / Clearing,Charter #5903 - Res #006961 - unknown,0.01,0.00,income_ledger,21851,0007014
2012-10-29,41000,Charter Revenue,Charter #5903 - Res #006961 - unknown,0.00,0.01,income_ledger,21851,0007014
2012-10-29,1000,Cash / Clearing,Charter #5161 - Res #006214 - unknown,533.63,0.00,income_ledger,21862,0007009
2012-10-29,41000,Charter Revenue,Charter #5161 - Res #006214 - unknown,0.00,533.63,income_ledger,21862,0007009
2012-10-29,1000,Cash / Clearing,Charter #5804 - Res #006861 - unknown,192.50,0.00,income_ledger,21866,0006998
2012-10-29,41000,Charter Revenue,Charter #5804 - Res #006861 - unknown,0.00,192.50,income_ledger,21866,0006998
2012-10-29,1000,Cash / Clearing,Charter #5803 - Res #006860 - unknown,192.50,0.00,income_ledger,21867,0006999
2012-10-29,41000,Charter Revenue,Charter #5803 - Res #006860 - unknown,0.00,192.50,income_ledger,21867,0006999
2012-10-29,1000,Cash / Clearing,Charter #5897 - Res #006955 - unknown,195.00,0.00,income_ledger,21872,0007005
2012-10-29,41000,Charter Revenue,Charter #5897 - Res #006955 - unknown,0.00,195.00,income_ledger,21872,0007005
2012-10-29,1000,Cash / Clearing,Charter #5841 - Res #006898 - unknown,30.00,0.00,income_ledger,21876,0006997
2012-10-29,41000,Charter Revenue,Charter #5841 - Res #006898 - unknown,0.00,30.00,income_ledger,21876,0006997
2012-10-29,1000,Cash / Clearing,Charter #5813 - Res #006870 - unknown,0.01,0.00,income_ledger,21877,0007007
2012-10-29,41000,Charter Revenue,Charter #5813 - Res #006870 - unknown,0.00,0.01,income_ledger,21877,0007007
2012-10-29,1000,Cash / Clearing,Charter #5886 - Res #006943 - unknown,246.00,0.00,income_ledger,21880,0007012
2012-10-29,41000,Charter Revenue,Charter #5886 - Res #006943 - unknown,0.00,246.00,income_ledger,21880,0007012
2012-10-29,1000,Cash / Clearing,Charter #5902 - Res #006960 - unknown,0.01,0.00,income_ledger,21884,0007013
2012-10-29,41000,Charter Revenue,Charter #5902 - Res #006960 - unknown,0.00,0.01,income_ledger,21884,0007013
2012-10-29,1000,Cash / Clearing,Charter #5797 - Res #006854 - unknown,550.00,0.00,income_ledger,21887,0007006
2012-10-29,41000,Charter Revenue,Charter #5797 - Res #006854 - unknown,0.00,550.00,income_ledger,21887,0007006
2012-10-29,1000,Cash / Clearing,Charter #5902 - Res #006960 - unknown,0.01,0.00,income_ledger,21913,0006902
2012-10-29,41000,Charter Revenue,Charter #5902 - Res #006960 - unknown,0.00,0.01,income_ledger,21913,0006902
2012-10-29,1000,Cash / Clearing,Charter #5903 - Res #006961 - unknown,0.01,0.00,income_ledger,21914,0006903
2012-10-29,41000,Charter Revenue,Charter #5903 - Res #006961 - unknown,0.00,0.01,income_ledger,21914,0006903
2012-10-29,1000,Cash / Clearing,Charter #5862 - Res #006919 - unknown,245.00,0.00,income_ledger,21918,0007002
2012-10-29,41000,Charter Revenue,Charter #5862 - Res #006919 - unknown,0.00,245.00,income_ledger,21918,0007002
2012-10-29,1000,Cash / Clearing,Charter #5896 - Res #006954 - unknown,130.00,0.00,income_ledger,21998,0007001
2012-10-29,41000,Charter Revenue,Charter #5896 - Res #006954 - unknown,0.00,130.00,income_ledger,21998,0007001
2012-10-29,1000,Cash / Clearing,Charter #5862 - Res #006919 - unknown,58.00,0.00,income_ledger,22044,0007003
2012-10-29,41000,Charter Revenue,Charter #5862 - Res #006919 - unknown,0.00,58.00,income_ledger,22044,0007003
2012-10-29,1000,Cash / Clearing,Charter #5895 - Res #006953 - unknown,90.00,0.00,income_ledger,22184,0007000
2012-10-29,41000,Charter Revenue,Charter #5895 - Res #006953 - unknown,0.00,90.00,income_ledger,22184,0007000
2012-10-29,1000,Cash / Clearing,Charter #5849 - Res #006906 - unknown,175.00,0.00,income_ledger,22402,0006995
2012-10-29,41000,Charter Revenue,Charter #5849 - Res #006906 - unknown,0.00,175.00,income_ledger,22402,0006995
2012-10-30,1000,Cash / Clearing,Charter #5674 - Res #006729 - unknown,37.78,0.00,income_ledger,19781,0006911
2012-10-30,41000,Charter Revenue,Charter #5674 - Res #006729 - unknown,0.00,37.78,income_ledger,19781,0006911
2012-10-30,1000,Cash / Clearing,Charter #5907 - Res #006965 - unknown,320.00,0.00,income_ledger,21881,0007018
2012-10-30,41000,Charter Revenue,Charter #5907 - Res #006965 - unknown,0.00,320.00,income_ledger,21881,0007018
2012-10-30,1000,Cash / Clearing,Charter #5905 - Res #006963 - unknown,75.00,0.00,income_ledger,21882,0007017
2012-10-30,41000,Charter Revenue,Charter #5905 - Res #006963 - unknown,0.00,75.00,income_ledger,21882,0007017
2012-10-30,1000,Cash / Clearing,Charter #5770 - Res #006827 - unknown,858.00,0.00,income_ledger,21891,0007020
2012-10-30,41000,Charter Revenue,Charter #5770 - Res #006827 - unknown,0.00,858.00,income_ledger,21891,0007020
2012-10-30,1000,Cash / Clearing,Charter #5906 - Res #006964 - unknown,0.01,0.00,income_ledger,21902,0007022
2012-10-30,41000,Charter Revenue,Charter #5906 - Res #006964 - unknown,0.00,0.01,income_ledger,21902,0007022
2012-10-30,1000,Cash / Clearing,Charter #5908 - Res #006966 - unknown,82.50,0.00,income_ledger,21911,0007019
2012-10-30,41000,Charter Revenue,Charter #5908 - Res #006966 - unknown,0.00,82.50,income_ledger,21911,0007019
2012-10-30,1000,Cash / Clearing,Charter #5769 - Res #006826 - unknown,858.00,0.00,income_ledger,21948,0007021
2012-10-30,41000,Charter Revenue,Charter #5769 - Res #006826 - unknown,0.00,858.00,income_ledger,21948,0007021
2012-10-30,1000,Cash / Clearing,Charter #5676 - Res #006731 - unknown,24.18,0.00,income_ledger,22874,0007024
2012-10-30,41000,Charter Revenue,Charter #5676 - Res #006731 - unknown,0.00,24.18,income_ledger,22874,0007024
2012-11-02,1000,Cash / Clearing,Charter #5894 - Res #006952 - unknown,-0.02,0.00,income_ledger,18881,ROUND2012_2015_006952_20260410
2012-11-02,41000,Charter Revenue,Charter #5894 - Res #006952 - unknown,0.00,-0.02,income_ledger,18881,ROUND2012_2015_006952_20260410
2012-11-02,1000,Cash / Clearing,Charter #5674 - Res #006729 - unknown,831.07,0.00,income_ledger,19085,0006914
2012-11-02,41000,Charter Revenue,Charter #5674 - Res #006729 - unknown,0.00,831.07,income_ledger,19085,0006914
2012-11-02,1000,Cash / Clearing,Charter #5913 - Res #006971 - unknown,175.00,0.00,income_ledger,19622,0007315
2012-11-02,41000,Charter Revenue,Charter #5913 - Res #006971 - unknown,0.00,175.00,income_ledger,19622,0007315
2012-11-02,1000,Cash / Clearing,Charter #5918 - Res #006976 - unknown,195.00,0.00,income_ledger,20344,0007031
2012-11-02,41000,Charter Revenue,Charter #5918 - Res #006976 - unknown,0.00,195.00,income_ledger,20344,0007031
2012-11-02,1000,Cash / Clearing,Charter #5915 - Res #006973 - unknown,300.30,0.00,income_ledger,21893,0007027
2012-11-02,41000,Charter Revenue,Charter #5915 - Res #006973 - unknown,0.00,300.30,income_ledger,21893,0007027
2012-11-02,1000,Cash / Clearing,Charter #5890 - Res #006948 - unknown,500.00,0.00,income_ledger,21895,0007029
2012-11-02,41000,Charter Revenue,Charter #5890 - Res #006948 - unknown,0.00,500.00,income_ledger,21895,0007029
2012-11-02,1000,Cash / Clearing,Charter #5916 - Res #006974 - unknown,75.00,0.00,income_ledger,21899,0007028
2012-11-02,41000,Charter Revenue,Charter #5916 - Res #006974 - unknown,0.00,75.00,income_ledger,21899,0007028
2012-11-02,1000,Cash / Clearing,Charter #5919 - Res #006977 - unknown,770.00,0.00,income_ledger,21900,0007032
2012-11-02,41000,Charter Revenue,Charter #5919 - Res #006977 - unknown,0.00,770.00,income_ledger,21900,0007032
2012-11-02,1000,Cash / Clearing,Charter #5894 - Res #006952 - unknown,0.01,0.00,income_ledger,21906,0007030
2012-11-02,41000,Charter Revenue,Charter #5894 - Res #006952 - unknown,0.00,0.01,income_ledger,21906,0007030
2012-11-02,1000,Cash / Clearing,Charter #5892 - Res #006950 - unknown,231.00,0.00,income_ledger,21941,0007026
2012-11-02,41000,Charter Revenue,Charter #5892 - Res #006950 - unknown,0.00,231.00,income_ledger,21941,0007026
2012-11-02,1000,Cash / Clearing,Charter #5894 - Res #006952 - unknown,0.01,0.00,income_ledger,21953,0006919
2012-11-02,41000,Charter Revenue,Charter #5894 - Res #006952 - unknown,0.00,0.01,income_ledger,21953,0006919
2012-11-03,1000,Cash / Clearing,Charter #5920 - Res #006978 - unknown,82.50,0.00,income_ledger,20345,0007033
2012-11-03,41000,Charter Revenue,Charter #5920 - Res #006978 - unknown,0.00,82.50,income_ledger,20345,0007033
2012-11-03,1000,Cash / Clearing,Charter #5914 - Res #006972 - unknown,207.50,0.00,income_ledger,20346,0007038
2012-11-03,41000,Charter Revenue,Charter #5914 - Res #006972 - unknown,0.00,207.50,income_ledger,20346,0007038
2012-11-03,1000,Cash / Clearing,Charter #5921 - Res #006979 - unknown,400.00,0.00,income_ledger,20347,0007039
2012-11-03,41000,Charter Revenue,Charter #5921 - Res #006979 - unknown,0.00,400.00,income_ledger,20347,0007039
2012-11-03,1000,Cash / Clearing,Charter #5925 - Res #006983 - unknown,165.00,0.00,income_ledger,20348,0007042
2012-11-03,41000,Charter Revenue,Charter #5925 - Res #006983 - unknown,0.00,165.00,income_ledger,20348,0007042
2012-11-03,1000,Cash / Clearing,Charter #5925 - Res #006983 - unknown,184.25,0.00,income_ledger,20349,0007045
2012-11-03,41000,Charter Revenue,Charter #5925 - Res #006983 - unknown,0.00,184.25,income_ledger,20349,0007045
2012-11-03,1000,Cash / Clearing,Charter #5913 - Res #006971 - unknown,47.50,0.00,income_ledger,21901,0007036
2012-11-03,41000,Charter Revenue,Charter #5913 - Res #006971 - unknown,0.00,47.50,income_ledger,21901,0007036
2012-11-03,1000,Cash / Clearing,Charter #5922 - Res #006980 - unknown,0.01,0.00,income_ledger,21903,0007034
2012-11-03,41000,Charter Revenue,Charter #5922 - Res #006980 - unknown,0.00,0.01,income_ledger,21903,0007034
2012-11-03,1000,Cash / Clearing,Charter #5676 - Res #006731 - unknown,348.24,0.00,income_ledger,21904,0007035
2012-11-03,41000,Charter Revenue,Charter #5676 - Res #006731 - unknown,0.00,348.24,income_ledger,21904,0007035
2012-11-03,1000,Cash / Clearing,Charter #5901 - Res #006959 - unknown,0.01,0.00,income_ledger,21907,0007040
2012-11-03,41000,Charter Revenue,Charter #5901 - Res #006959 - unknown,0.00,0.01,income_ledger,21907,0007040
2012-11-03,1000,Cash / Clearing,Charter #5923 - Res #006981 - unknown,175.00,0.00,income_ledger,21915,0007041
2012-11-03,41000,Charter Revenue,Charter #5923 - Res #006981 - unknown,0.00,175.00,income_ledger,21915,0007041
2012-11-03,1000,Cash / Clearing,Charter #5901 - Res #006959 - unknown,0.01,0.00,income_ledger,21954,0006928
2012-11-03,41000,Charter Revenue,Charter #5901 - Res #006959 - unknown,0.00,0.01,income_ledger,21954,0006928
2012-11-05,1000,Cash / Clearing,Charter #5918 - Res #006976 - unknown,350.00,0.00,income_ledger,871,
2012-11-05,41000,Charter Revenue,Charter #5918 - Res #006976 - unknown,0.00,350.00,income_ledger,871,
2012-11-05,1000,Cash / Clearing,Charter #5581 - Res #006619 - unknown,630.50,0.00,income_ledger,20350,0007052
2012-11-05,41000,Charter Revenue,Charter #5581 - Res #006619 - unknown,0.00,630.50,income_ledger,20350,0007052
2012-11-05,1000,Cash / Clearing,Charter #5926 - Res #006984 - unknown,800.00,0.00,income_ledger,21909,0007046
2012-11-05,41000,Charter Revenue,Charter #5926 - Res #006984 - unknown,0.00,800.00,income_ledger,21909,0007046
2012-11-05,1000,Cash / Clearing,Charter #5928 - Res #006986 - unknown,500.00,0.00,income_ledger,21910,0007053
2012-11-05,41000,Charter Revenue,Charter #5928 - Res #006986 - unknown,0.00,500.00,income_ledger,21910,0007053
2012-11-05,1000,Cash / Clearing,Charter #5887 - Res #006945 - unknown,45.09,0.00,income_ledger,21919,0007049
2012-11-05,41000,Charter Revenue,Charter #5887 - Res #006945 - unknown,0.00,45.09,income_ledger,21919,0007049
2012-11-05,1000,Cash / Clearing,Charter #5927 - Res #006985 - unknown,471.90,0.00,income_ledger,21920,0007048
2012-11-05,41000,Charter Revenue,Charter #5927 - Res #006985 - unknown,0.00,471.90,income_ledger,21920,0007048
2012-11-05,1000,Cash / Clearing,Charter #5924 - Res #006982 - unknown,472.50,0.00,income_ledger,21942,0007051
2012-11-05,41000,Charter Revenue,Charter #5924 - Res #006982 - unknown,0.00,472.50,income_ledger,21942,0007051
2012-11-05,1000,Cash / Clearing,Charter #5930 - Res #006988 - unknown,350.00,0.00,income_ledger,21944,0007054
2012-11-05,41000,Charter Revenue,Charter #5930 - Res #006988 - unknown,0.00,350.00,income_ledger,21944,0007054
2012-11-06,1000,Cash / Clearing,Charter #5932 - Res #006990 - credit_card,250.00,0.00,income_ledger,18833,0006943
2012-11-06,41000,Charter Revenue,Charter #5932 - Res #006990 - credit_card,0.00,250.00,income_ledger,18833,0006943
2012-11-06,1000,Cash / Clearing,Charter #5931 - Res #006989 - unknown,231.00,0.00,income_ledger,20352,0007055
2012-11-06,41000,Charter Revenue,Charter #5931 - Res #006989 - unknown,0.00,231.00,income_ledger,20352,0007055
2012-11-06,1000,Cash / Clearing,Charter #5933 - Res #006991 - unknown,693.00,0.00,income_ledger,20353,0007058
2012-11-06,41000,Charter Revenue,Charter #5933 - Res #006991 - unknown,0.00,693.00,income_ledger,20353,0007058
2012-11-06,1000,Cash / Clearing,Charter #5929 - Res #006987 - unknown,231.00,0.00,income_ledger,21945,0007056
2012-11-06,41000,Charter Revenue,Charter #5929 - Res #006987 - unknown,0.00,231.00,income_ledger,21945,0007056
2012-11-07,1000,Cash / Clearing,Charter #5955 - Res #006997 - unknown,690.00,0.00,income_ledger,19163,0006950
2012-11-07,41000,Charter Revenue,Charter #5955 - Res #006997 - unknown,0.00,690.00,income_ledger,19163,0006950
2012-11-07,1000,Cash / Clearing,Charter #5956 - Res #006998 - unknown,82.50,0.00,income_ledger,20354,0007066
2012-11-07,41000,Charter Revenue,Charter #5956 - Res #006998 - unknown,0.00,82.50,income_ledger,20354,0007066
2012-11-07,1000,Cash / Clearing,Charter #5952 - Res #006994 - unknown,82.50,0.00,income_ledger,21927,0007062
2012-11-07,41000,Charter Revenue,Charter #5952 - Res #006994 - unknown,0.00,82.50,income_ledger,21927,0007062
2012-11-07,1000,Cash / Clearing,Charter #5951 - Res #006993 - unknown,82.50,0.00,income_ledger,21929,0007061
2012-11-07,41000,Charter Revenue,Charter #5951 - Res #006993 - unknown,0.00,82.50,income_ledger,21929,0007061
2012-11-07,1000,Cash / Clearing,Charter #5954 - Res #006996 - unknown,214.50,0.00,income_ledger,21930,0007059
2012-11-07,41000,Charter Revenue,Charter #5954 - Res #006996 - unknown,0.00,214.50,income_ledger,21930,0007059
2012-11-07,1000,Cash / Clearing,Charter #5953 - Res #006995 - unknown,82.50,0.00,income_ledger,21933,0007063
2012-11-07,41000,Charter Revenue,Charter #5953 - Res #006995 - unknown,0.00,82.50,income_ledger,21933,0007063
2012-11-07,1000,Cash / Clearing,Charter #5950 - Res #006992 - unknown,82.50,0.00,income_ledger,21939,0007060
2012-11-07,41000,Charter Revenue,Charter #5950 - Res #006992 - unknown,0.00,82.50,income_ledger,21939,0007060
2012-11-07,1000,Cash / Clearing,Charter #5954 - Res #006996 - unknown,334.50,0.00,income_ledger,21963,0007065
2012-11-07,41000,Charter Revenue,Charter #5954 - Res #006996 - unknown,0.00,334.50,income_ledger,21963,0007065
2012-11-08,1000,Cash / Clearing,Charter #5954 - Res #006996 - unknown,215.00,0.00,income_ledger,21925,0007067
2012-11-08,41000,Charter Revenue,Charter #5954 - Res #006996 - unknown,0.00,215.00,income_ledger,21925,0007067
2012-11-08,1000,Cash / Clearing,Charter #5867 - Res #006924 - unknown,231.00,0.00,income_ledger,21928,0007068
2012-11-08,41000,Charter Revenue,Charter #5867 - Res #006924 - unknown,0.00,231.00,income_ledger,21928,0007068
2012-11-08,1000,Cash / Clearing,Charter #5958 - Res #007000 - unknown,400.00,0.00,income_ledger,21947,0007070
2012-11-08,41000,Charter Revenue,Charter #5958 - Res #007000 - unknown,0.00,400.00,income_ledger,21947,0007070
2012-11-08,1000,Cash / Clearing,Charter #5866 - Res #006923 - unknown,231.00,0.00,income_ledger,21990,0007069
2012-11-08,41000,Charter Revenue,Charter #5866 - Res #006923 - unknown,0.00,231.00,income_ledger,21990,0007069
2012-11-09,1000,Cash / Clearing,Charter #5961 - Res #007003 - unknown,115.00,0.00,income_ledger,21921,0007072
2012-11-09,41000,Charter Revenue,Charter #5961 - Res #007003 - unknown,0.00,115.00,income_ledger,21921,0007072
2012-11-09,1000,Cash / Clearing,Charter #5962 - Res #007004 - unknown,234.00,0.00,income_ledger,21935,0007071
2012-11-09,41000,Charter Revenue,Charter #5962 - Res #007004 - unknown,0.00,234.00,income_ledger,21935,0007071
2012-11-09,1000,Cash / Clearing,Charter #5963 - Res #007005 - unknown,191.25,0.00,income_ledger,21949,0007073
2012-11-09,41000,Charter Revenue,Charter #5963 - Res #007005 - unknown,0.00,191.25,income_ledger,21949,0007073
2012-11-09,1000,Cash / Clearing,Charter #5964 - Res #007006 - unknown,205.00,0.00,income_ledger,22104,0007074
2012-11-09,41000,Charter Revenue,Charter #5964 - Res #007006 - unknown,0.00,205.00,income_ledger,22104,0007074
2012-11-10,1000,Cash / Clearing,Charter #5970 - Res #007013 - unknown,-0.02,0.00,income_ledger,18887,ROUND2012_2015_007013_20260410
2012-11-10,41000,Charter Revenue,Charter #5970 - Res #007013 - unknown,0.00,-0.02,income_ledger,18887,ROUND2012_2015_007013_20260410
2012-11-10,1000,Cash / Clearing,Charter #5969 - Res #007012 - unknown,0.01,0.00,income_ledger,21956,0006961
2012-11-10,41000,Charter Revenue,Charter #5969 - Res #007012 - unknown,0.00,0.01,income_ledger,21956,0006961
2012-11-10,1000,Cash / Clearing,Charter #5969 - Res #007012 - unknown,0.01,0.00,income_ledger,22159,0007075
2012-11-10,41000,Charter Revenue,Charter #5969 - Res #007012 - unknown,0.00,0.01,income_ledger,22159,0007075
2012-11-11,1000,Cash / Clearing,Charter #5969 - Res #007012 - unknown,-0.02,0.00,income_ledger,18874,ROUND2012_2015_007012_20260410
2012-11-11,41000,Charter Revenue,Charter #5969 - Res #007012 - unknown,0.00,-0.02,income_ledger,18874,ROUND2012_2015_007012_20260410
2012-11-12,1000,Cash / Clearing,Charter #5934 - Res #007018 - credit_card,250.00,0.00,income_ledger,18726,0006966
2012-11-12,41000,Charter Revenue,Charter #5934 - Res #007018 - credit_card,0.00,250.00,income_ledger,18726,0006966
2012-11-12,1000,Cash / Clearing,Charter #5897 - Res #006955 - unknown,1276.58,0.00,income_ledger,21874,0007084
2012-11-12,41000,Charter Revenue,Charter #5897 - Res #006955 - unknown,0.00,1276.58,income_ledger,21874,0007084
2012-11-12,1000,Cash / Clearing,Charter #5973 - Res #007016 - unknown,300.00,0.00,income_ledger,21886,0007081
2012-11-12,41000,Charter Revenue,Charter #5973 - Res #007016 - unknown,0.00,300.00,income_ledger,21886,0007081
2012-11-12,1000,Cash / Clearing,Charter #5965 - Res #007007 - unknown,82.50,0.00,income_ledger,21952,0007077
2012-11-12,41000,Charter Revenue,Charter #5965 - Res #007007 - unknown,0.00,82.50,income_ledger,21952,0007077
2012-11-12,1000,Cash / Clearing,Charter #5974 - Res #007017 - unknown,250.00,0.00,income_ledger,21959,0007079
2012-11-12,41000,Charter Revenue,Charter #5974 - Res #007017 - unknown,0.00,250.00,income_ledger,21959,0007079
2012-11-12,1000,Cash / Clearing,Charter #5935 - Res #007019 - unknown,75.00,0.00,income_ledger,21960,0007078
2012-11-12,41000,Charter Revenue,Charter #5935 - Res #007019 - unknown,0.00,75.00,income_ledger,21960,0007078
2012-11-12,1000,Cash / Clearing,Charter #5966 - Res #007008 - unknown,200.00,0.00,income_ledger,21980,0007076
2012-11-12,41000,Charter Revenue,Charter #5966 - Res #007008 - unknown,0.00,200.00,income_ledger,21980,0007076
2012-11-12,1000,Cash / Clearing,Charter #5936 - Res #007020 - unknown,65.32,0.00,income_ledger,22028,0007211
2012-11-12,41000,Charter Revenue,Charter #5936 - Res #007020 - unknown,0.00,65.32,income_ledger,22028,0007211
2012-11-12,1000,Cash / Clearing,Charter #5972 - Res #007015 - unknown,250.00,0.00,income_ledger,22142,0007082
2012-11-12,41000,Charter Revenue,Charter #5972 - Res #007015 - unknown,0.00,250.00,income_ledger,22142,0007082
2012-11-12,1000,Cash / Clearing,Charter #5968 - Res #007011 - unknown,429.00,0.00,income_ledger,22200,0007083
2012-11-12,41000,Charter Revenue,Charter #5968 - Res #007011 - unknown,0.00,429.00,income_ledger,22200,0007083
2012-11-13,1000,Cash / Clearing,Charter #5932 - Res #006990 - credit_card,1047.50,0.00,income_ledger,18834,0006977
2012-11-13,41000,Charter Revenue,Charter #5932 - Res #006990 - credit_card,0.00,1047.50,income_ledger,18834,0006977
2012-11-13,1000,Cash / Clearing,Charter #5970 - Res #007013 - unknown,0.01,0.00,income_ledger,21923,0007088
2012-11-13,41000,Charter Revenue,Charter #5970 - Res #007013 - unknown,0.00,0.01,income_ledger,21923,0007088
2012-11-13,1000,Cash / Clearing,Charter #5937 - Res #007021 - unknown,205.00,0.00,income_ledger,21938,0007085
2012-11-13,41000,Charter Revenue,Charter #5937 - Res #007021 - unknown,0.00,205.00,income_ledger,21938,0007085
2012-11-13,1000,Cash / Clearing,Charter #5938 - Res #007022 - unknown,231.00,0.00,income_ledger,21940,0007086
2012-11-13,41000,Charter Revenue,Charter #5938 - Res #007022 - unknown,0.00,231.00,income_ledger,21940,0007086
2012-11-13,1000,Cash / Clearing,Charter #5970 - Res #007013 - unknown,0.01,0.00,income_ledger,21955,0006975
2012-11-13,41000,Charter Revenue,Charter #5970 - Res #007013 - unknown,0.00,0.01,income_ledger,21955,0006975
2012-11-13,1000,Cash / Clearing,Charter #5979 - Res #007038 - unknown,0.01,0.00,income_ledger,21961,0007092
2012-11-13,41000,Charter Revenue,Charter #5979 - Res #007038 - unknown,0.00,0.01,income_ledger,21961,0007092
2012-11-13,1000,Cash / Clearing,Charter #5949 - Res #007033 - unknown,0.01,0.00,income_ledger,21962,0007091
2012-11-13,41000,Charter Revenue,Charter #5949 - Res #007033 - unknown,0.00,0.01,income_ledger,21962,0007091
2012-11-13,1000,Cash / Clearing,Charter #5947 - Res #007031 - unknown,0.01,0.00,income_ledger,21965,0007089
2012-11-13,41000,Charter Revenue,Charter #5947 - Res #007031 - unknown,0.00,0.01,income_ledger,21965,0007089
2012-11-13,1000,Cash / Clearing,Charter #5939 - Res #007023 - unknown,231.00,0.00,income_ledger,21984,0007087
2012-11-13,41000,Charter Revenue,Charter #5939 - Res #007023 - unknown,0.00,231.00,income_ledger,21984,0007087
2012-11-13,1000,Cash / Clearing,Charter #5947 - Res #007031 - unknown,0.01,0.00,income_ledger,22052,0006976
2012-11-13,41000,Charter Revenue,Charter #5947 - Res #007031 - unknown,0.00,0.01,income_ledger,22052,0006976
2012-11-14,1000,Cash / Clearing,Charter #5981 - Res #007040 - unknown,300.00,0.00,income_ledger,19783,0006982
2012-11-14,41000,Charter Revenue,Charter #5981 - Res #007040 - unknown,0.00,300.00,income_ledger,19783,0006982
2012-11-14,1000,Cash / Clearing,Charter #5971 - Res #007014 - unknown,231.00,0.00,income_ledger,20355,0007093
2012-11-14,41000,Charter Revenue,Charter #5971 - Res #007014 - unknown,0.00,231.00,income_ledger,20355,0007093
2012-11-14,1000,Cash / Clearing,Charter #5980 - Res #007039 - unknown,100.00,0.00,income_ledger,21138,0007094
2012-11-14,41000,Charter Revenue,Charter #5980 - Res #007039 - unknown,0.00,100.00,income_ledger,21138,0007094
2012-11-14,1000,Cash / Clearing,Charter #5948 - Res #007032 - unknown,254.10,0.00,income_ledger,21967,0007098
2012-11-14,41000,Charter Revenue,Charter #5948 - Res #007032 - unknown,0.00,254.10,income_ledger,21967,0007098
2012-11-14,1000,Cash / Clearing,Charter #5856 - Res #006913 - unknown,450.00,0.00,income_ledger,21969,0007097
2012-11-14,41000,Charter Revenue,Charter #5856 - Res #006913 - unknown,0.00,450.00,income_ledger,21969,0007097
2012-11-15,1000,Cash / Clearing,Charter #5987 - Res #007046 - unknown,62.50,0.00,income_ledger,20356,0007100
2012-11-15,41000,Charter Revenue,Charter #5987 - Res #007046 - unknown,0.00,62.50,income_ledger,20356,0007100
2012-11-15,1000,Cash / Clearing,Charter #5988 - Res #007047 - unknown,250.00,0.00,income_ledger,20357,0007101
2012-11-15,41000,Charter Revenue,Charter #5988 - Res #007047 - unknown,0.00,250.00,income_ledger,20357,0007101
2012-11-15,1000,Cash / Clearing,Charter #5977 - Res #007036 - unknown,0.01,0.00,income_ledger,21958,0006989
2012-11-15,41000,Charter Revenue,Charter #5977 - Res #007036 - unknown,0.00,0.01,income_ledger,21958,0006989
2012-11-16,1000,Cash / Clearing,Charter #5986 - Res #007045 - unknown,62.50,0.00,income_ledger,20358,0007107
2012-11-16,41000,Charter Revenue,Charter #5986 - Res #007045 - unknown,0.00,62.50,income_ledger,20358,0007107
2012-11-16,1000,Cash / Clearing,Charter #5923 - Res #006981 - unknown,245.00,0.00,income_ledger,21140,0007103
2012-11-16,41000,Charter Revenue,Charter #5923 - Res #006981 - unknown,0.00,245.00,income_ledger,21140,0007103
2012-11-16,1000,Cash / Clearing,Charter #5923 - Res #006981 - unknown,67.50,0.00,income_ledger,21888,0007104
2012-11-16,41000,Charter Revenue,Charter #5923 - Res #006981 - unknown,0.00,67.50,income_ledger,21888,0007104
2012-11-16,1000,Cash / Clearing,Charter #5991 - Res #007050 - unknown,82.50,0.00,income_ledger,21890,0007105
2012-11-16,41000,Charter Revenue,Charter #5991 - Res #007050 - unknown,0.00,82.50,income_ledger,21890,0007105
2012-11-16,1000,Cash / Clearing,Charter #5995 - Res #007054 - unknown,903.64,0.00,income_ledger,21934,0007108
2012-11-16,41000,Charter Revenue,Charter #5995 - Res #007054 - unknown,0.00,903.64,income_ledger,21934,0007108
2012-11-17,1000,Cash / Clearing,Charter #6004 - Res #007063 - unknown,300.00,0.00,income_ledger,20341,0007113
2012-11-17,41000,Charter Revenue,Charter #6004 - Res #007063 - unknown,0.00,300.00,income_ledger,20341,0007113
2012-11-17,1000,Cash / Clearing,Charter #5958 - Res #007000 - cash,1020.00,0.00,income_ledger,20603,0006997
2012-11-17,41000,Charter Revenue,Charter #5958 - Res #007000 - cash,0.00,1020.00,income_ledger,20603,0006997
2012-11-17,1000,Cash / Clearing,Charter #5958 - Res #007000 - unknown,1020.00,0.00,income_ledger,21875,0007110
2012-11-17,41000,Charter Revenue,Charter #5958 - Res #007000 - unknown,0.00,1020.00,income_ledger,21875,0007110
2012-11-17,1000,Cash / Clearing,Charter #5996 - Res #007055 - unknown,355.00,0.00,income_ledger,21950,0007111
2012-11-17,41000,Charter Revenue,Charter #5996 - Res #007055 - unknown,0.00,355.00,income_ledger,21950,0007111
2012-11-19,1000,Cash / Clearing,Charter #5990 - Res #007049 - unknown,132.00,0.00,income_ledger,20359,0007119
2012-11-19,41000,Charter Revenue,Charter #5990 - Res #007049 - unknown,0.00,132.00,income_ledger,20359,0007119
2012-11-19,1000,Cash / Clearing,Charter #5957 - Res #006999 - unknown,71.50,0.00,income_ledger,20360,0007127
2012-11-19,41000,Charter Revenue,Charter #5957 - Res #006999 - unknown,0.00,71.50,income_ledger,20360,0007127
2012-11-19,1000,Cash / Clearing,Charter #5989 - Res #007048 - unknown,132.00,0.00,income_ledger,21878,0007120
2012-11-19,41000,Charter Revenue,Charter #5989 - Res #007048 - unknown,0.00,132.00,income_ledger,21878,0007120
2012-11-19,1000,Cash / Clearing,Charter #6006 - Res #007066 - unknown,345.00,0.00,income_ledger,21896,0007122
2012-11-19,41000,Charter Revenue,Charter #6006 - Res #007066 - unknown,0.00,345.00,income_ledger,21896,0007122
2012-11-19,1000,Cash / Clearing,Charter #5964 - Res #007006 - unknown,414.10,0.00,income_ledger,21951,0007118
2012-11-19,41000,Charter Revenue,Charter #5964 - Res #007006 - unknown,0.00,414.10,income_ledger,21951,0007118
2012-11-19,1000,Cash / Clearing,Charter #5998 - Res #007057 - unknown,420.00,0.00,income_ledger,21964,0007117
2012-11-19,41000,Charter Revenue,Charter #5998 - Res #007057 - unknown,0.00,420.00,income_ledger,21964,0007117
2012-11-19,1000,Cash / Clearing,Charter #5609 - Res #006648 - unknown,181.00,0.00,income_ledger,21973,0007115
2012-11-19,41000,Charter Revenue,Charter #5609 - Res #006648 - unknown,0.00,181.00,income_ledger,21973,0007115
2012-11-19,1000,Cash / Clearing,Charter #6005 - Res #007064 - unknown,626.66,0.00,income_ledger,21975,0007126
2012-11-19,41000,Charter Revenue,Charter #6005 - Res #007064 - unknown,0.00,626.66,income_ledger,21975,0007126
2012-11-19,1000,Cash / Clearing,Charter #5912 - Res #006970 - unknown,175.00,0.00,income_ledger,21976,0007116
2012-11-19,41000,Charter Revenue,Charter #5912 - Res #006970 - unknown,0.00,175.00,income_ledger,21976,0007116
2012-11-19,1000,Cash / Clearing,Charter #5988 - Res #007047 - unknown,1271.88,0.00,income_ledger,21979,0007125
2012-11-19,41000,Charter Revenue,Charter #5988 - Res #007047 - unknown,0.00,1271.88,income_ledger,21979,0007125
2012-11-19,1000,Cash / Clearing,Charter #6006 - Res #007066 - unknown,284.05,0.00,income_ledger,21982,0007123
2012-11-19,41000,Charter Revenue,Charter #6006 - Res #007066 - unknown,0.00,284.05,income_ledger,21982,0007123
2012-11-19,1000,Cash / Clearing,Charter #6006 - Res #007066 - unknown,300.00,0.00,income_ledger,22092,0007121
2012-11-19,41000,Charter Revenue,Charter #6006 - Res #007066 - unknown,0.00,300.00,income_ledger,22092,0007121
2012-11-19,1000,Cash / Clearing,Charter #5611 - Res #006650 - unknown,181.00,0.00,income_ledger,22160,0007114
2012-11-19,41000,Charter Revenue,Charter #5611 - Res #006650 - unknown,0.00,181.00,income_ledger,22160,0007114
2012-11-20,1000,Cash / Clearing,Charter #6007 - Res #007067 - credit_card,82.50,0.00,income_ledger,19446,0007015
2012-11-20,41000,Charter Revenue,Charter #6007 - Res #007067 - credit_card,0.00,82.50,income_ledger,19446,0007015
2012-11-20,1000,Cash / Clearing,Charter #6003 - Res #007062 - unknown,100.00,0.00,income_ledger,20366,0007129
2012-11-20,41000,Charter Revenue,Charter #6003 - Res #007062 - unknown,0.00,100.00,income_ledger,20366,0007129
2012-11-20,1000,Cash / Clearing,Charter #6003 - Res #007062 - unknown,0.01,0.00,income_ledger,21136,0007016
2012-11-20,41000,Charter Revenue,Charter #6003 - Res #007062 - unknown,0.00,0.01,income_ledger,21136,0007016
2012-11-20,1000,Cash / Clearing,Charter #6002 - Res #007061 - unknown,100.00,0.00,income_ledger,21978,0007124
2012-11-20,41000,Charter Revenue,Charter #6002 - Res #007061 - unknown,0.00,100.00,income_ledger,21978,0007124
2012-11-20,1000,Cash / Clearing,Charter #6002 - Res #007061 - unknown,13.76,0.00,income_ledger,21989,0007131
2012-11-20,41000,Charter Revenue,Charter #6002 - Res #007061 - unknown,0.00,13.76,income_ledger,21989,0007131
2012-11-20,1000,Cash / Clearing,Charter #6003 - Res #007062 - unknown,13.76,0.00,income_ledger,22120,0007130
2012-11-20,41000,Charter Revenue,Charter #6003 - Res #007062 - unknown,0.00,13.76,income_ledger,22120,0007130
2012-11-20,1000,Cash / Clearing,Charter #6008 - Res #007068 - unknown,231.00,0.00,income_ledger,22121,0007133
2012-11-20,41000,Charter Revenue,Charter #6008 - Res #007068 - unknown,0.00,231.00,income_ledger,22121,0007133
2012-11-20,1000,Cash / Clearing,Charter #6012 - Res #007072 - unknown,195.00,0.00,income_ledger,22139,0007132
2012-11-20,41000,Charter Revenue,Charter #6012 - Res #007072 - unknown,0.00,195.00,income_ledger,22139,0007132
2012-11-21,1000,Cash / Clearing,Charter #6015 - Res #007075 - unknown,385.00,0.00,income_ledger,22005,0007134
2012-11-21,41000,Charter Revenue,Charter #6015 - Res #007075 - unknown,0.00,385.00,income_ledger,22005,0007134
2012-11-21,1000,Cash / Clearing,Charter #5735 - Res #006787 - unknown,365.62,0.00,income_ledger,22034,0007212
2012-11-21,41000,Charter Revenue,Charter #5735 - Res #006787 - unknown,0.00,365.62,income_ledger,22034,0007212
2012-11-21,1000,Cash / Clearing,Charter #5733 - Res #006785 - unknown,151.12,0.00,income_ledger,22067,0007138
2012-11-21,41000,Charter Revenue,Charter #5733 - Res #006785 - unknown,0.00,151.12,income_ledger,22067,0007138
2012-11-21,1000,Cash / Clearing,Charter #6016 - Res #007076 - unknown,231.00,0.00,income_ledger,22069,0007137
2012-11-21,41000,Charter Revenue,Charter #6016 - Res #007076 - unknown,0.00,231.00,income_ledger,22069,0007137
2012-11-21,1000,Cash / Clearing,Charter #5939 - Res #007023 - unknown,50.00,0.00,income_ledger,22115,0007140
2012-11-21,41000,Charter Revenue,Charter #5939 - Res #007023 - unknown,0.00,50.00,income_ledger,22115,0007140
2012-11-22,1000,Cash / Clearing,Charter #6010 - Res #007070 - unknown,975.00,0.00,income_ledger,19630,0007141
2012-11-22,41000,Charter Revenue,Charter #6010 - Res #007070 - unknown,0.00,975.00,income_ledger,19630,0007141
2012-11-22,1000,Cash / Clearing,Charter #5849 - Res #006906 - unknown,387.64,0.00,income_ledger,21898,0007144
2012-11-22,41000,Charter Revenue,Charter #5849 - Res #006906 - unknown,0.00,387.64,income_ledger,21898,0007144
2012-11-22,1000,Cash / Clearing,Charter #5828 - Res #006885 - unknown,837.58,0.00,income_ledger,21974,0007146
2012-11-22,41000,Charter Revenue,Charter #5828 - Res #006885 - unknown,0.00,837.58,income_ledger,21974,0007146
2012-11-22,1000,Cash / Clearing,Charter #5967 - Res #007009 - unknown,0.01,0.00,income_ledger,21977,0007142
2012-11-22,41000,Charter Revenue,Charter #5967 - Res #007009 - unknown,0.00,0.01,income_ledger,21977,0007142
2012-11-22,1000,Cash / Clearing,Charter #6023 - Res #007083 - unknown,0.01,0.00,income_ledger,21986,0007145
2012-11-22,41000,Charter Revenue,Charter #6023 - Res #007083 - unknown,0.00,0.01,income_ledger,21986,0007145
2012-11-22,1000,Cash / Clearing,Charter #5850 - Res #006907 - unknown,218.75,0.00,income_ledger,22020,0007143
2012-11-22,41000,Charter Revenue,Charter #5850 - Res #006907 - unknown,0.00,218.75,income_ledger,22020,0007143
2012-11-22,1000,Cash / Clearing,Charter #6009 - Res #007069 - unknown,487.50,0.00,income_ledger,22084,0007213
2012-11-22,41000,Charter Revenue,Charter #6009 - Res #007069 - unknown,0.00,487.50,income_ledger,22084,0007213
2012-11-23,1000,Cash / Clearing,Charter #6027 - Res #007087 - unknown,218.75,0.00,income_ledger,19631,0007158
2012-11-23,41000,Charter Revenue,Charter #6027 - Res #007087 - unknown,0.00,218.75,income_ledger,19631,0007158
2012-11-23,1000,Cash / Clearing,Charter #6021 - Res #007081 - unknown,39.57,0.00,income_ledger,20343,0007153
2012-11-23,41000,Charter Revenue,Charter #6021 - Res #007081 - unknown,0.00,39.57,income_ledger,20343,0007153
2012-11-23,1000,Cash / Clearing,Charter #6021 - Res #007081 - unknown,218.75,0.00,income_ledger,21342,0007153
2012-11-23,41000,Charter Revenue,Charter #6021 - Res #007081 - unknown,0.00,218.75,income_ledger,21342,0007153
2012-11-23,1000,Cash / Clearing,Charter #6022 - Res #007082 - unknown,218.75,0.00,income_ledger,21742,0007153
2012-11-23,41000,Charter Revenue,Charter #6022 - Res #007082 - unknown,0.00,218.75,income_ledger,21742,0007153
2012-11-23,1000,Cash / Clearing,Charter #5161 - Res #006214 - unknown,-75.69,0.00,income_ledger,21885,0007159
2012-11-23,41000,Charter Revenue,Charter #5161 - Res #006214 - unknown,0.00,-75.69,income_ledger,21885,0007159
2012-11-23,1000,Cash / Clearing,Charter #5555 - Res #006593 - unknown,253.50,0.00,income_ledger,21970,0007147
2012-11-23,41000,Charter Revenue,Charter #5555 - Res #006593 - unknown,0.00,253.50,income_ledger,21970,0007147
2012-11-23,1000,Cash / Clearing,Charter #6012 - Res #007072 - unknown,549.00,0.00,income_ledger,21981,0007154
2012-11-23,41000,Charter Revenue,Charter #6012 - Res #007072 - unknown,0.00,549.00,income_ledger,21981,0007154
2012-11-23,1000,Cash / Clearing,Charter #5555 - Res #006593 - unknown,41.50,0.00,income_ledger,21983,0007148
2012-11-23,41000,Charter Revenue,Charter #5555 - Res #006593 - unknown,0.00,41.50,income_ledger,21983,0007148
2012-11-23,1000,Cash / Clearing,Charter #6017 - Res #007077 - unknown,0.01,0.00,income_ledger,21997,0007161
2012-11-23,41000,Charter Revenue,Charter #6017 - Res #007077 - unknown,0.00,0.01,income_ledger,21997,0007161
2012-11-23,1000,Cash / Clearing,Charter #6026 - Res #007086 - unknown,234.75,0.00,income_ledger,22013,0007157
2012-11-23,41000,Charter Revenue,Charter #6026 - Res #007086 - unknown,0.00,234.75,income_ledger,22013,0007157
2012-11-23,1000,Cash / Clearing,Charter #5907 - Res #006965 - unknown,148.00,0.00,income_ledger,22147,0007152
2012-11-23,41000,Charter Revenue,Charter #5907 - Res #006965 - unknown,0.00,148.00,income_ledger,22147,0007152
2012-11-23,1000,Cash / Clearing,Charter #5554 - Res #006592 - unknown,41.50,0.00,income_ledger,22696,0007149
2012-11-23,41000,Charter Revenue,Charter #5554 - Res #006592 - unknown,0.00,41.50,income_ledger,22696,0007149
2012-11-24,1000,Cash / Clearing,Charter #6028 - Res #007088 - unknown,407.50,0.00,income_ledger,21988,0007162
2012-11-24,41000,Charter Revenue,Charter #6028 - Res #007088 - unknown,0.00,407.50,income_ledger,21988,0007162
2012-11-24,1000,Cash / Clearing,Charter #6030 - Res #007090 - unknown,0.01,0.00,income_ledger,22010,0007164
2012-11-24,41000,Charter Revenue,Charter #6030 - Res #007090 - unknown,0.00,0.01,income_ledger,22010,0007164
2012-11-26,1000,Cash / Clearing,Charter #6035 - Res #007095 - unknown,50.00,0.00,income_ledger,19782,0007064
2012-11-26,41000,Charter Revenue,Charter #6035 - Res #007095 - unknown,0.00,50.00,income_ledger,19782,0007064
2012-11-26,1000,Cash / Clearing,Charter #6034 - Res #007094 - unknown,275.00,0.00,income_ledger,21991,0007171
2012-11-26,41000,Charter Revenue,Charter #6034 - Res #007094 - unknown,0.00,275.00,income_ledger,21991,0007171
2012-11-26,1000,Cash / Clearing,Charter #5800 - Res #006857 - unknown,20.00,0.00,income_ledger,21992,0007176
2012-11-26,41000,Charter Revenue,Charter #5800 - Res #006857 - unknown,0.00,20.00,income_ledger,21992,0007176
2012-11-26,1000,Cash / Clearing,Charter #6031 - Res #007091 - unknown,0.01,0.00,income_ledger,21994,0007167
2012-11-26,41000,Charter Revenue,Charter #6031 - Res #007091 - unknown,0.00,0.01,income_ledger,21994,0007167
2012-11-26,1000,Cash / Clearing,Charter #6038 - Res #007098 - unknown,87.50,0.00,income_ledger,21995,0007179
2012-11-26,41000,Charter Revenue,Charter #6038 - Res #007098 - unknown,0.00,87.50,income_ledger,21995,0007179
2012-11-26,1000,Cash / Clearing,Charter #5531 - Res #006695 - unknown,27.50,0.00,income_ledger,21996,0007179
2012-11-26,41000,Charter Revenue,Charter #5531 - Res #006695 - unknown,0.00,27.50,income_ledger,21996,0007179
2012-11-26,1000,Cash / Clearing,Charter #5916 - Res #006974 - unknown,7.50,0.00,income_ledger,21999,0007172
2012-11-26,41000,Charter Revenue,Charter #5916 - Res #006974 - unknown,0.00,7.50,income_ledger,21999,0007172
2012-11-26,1000,Cash / Clearing,Charter #5917 - Res #006975 - unknown,214.50,0.00,income_ledger,22000,0007173
2012-11-26,41000,Charter Revenue,Charter #5917 - Res #006975 - unknown,0.00,214.50,income_ledger,22000,0007173
2012-11-26,1000,Cash / Clearing,Charter #6037 - Res #007097 - unknown,87.50,0.00,income_ledger,22003,0007178
2012-11-26,41000,Charter Revenue,Charter #6037 - Res #007097 - unknown,0.00,87.50,income_ledger,22003,0007178
2012-11-26,1000,Cash / Clearing,Charter #5942 - Res #007026 - unknown,400.00,0.00,income_ledger,22009,0007170
2012-11-26,41000,Charter Revenue,Charter #5942 - Res #007026 - unknown,0.00,400.00,income_ledger,22009,0007170
2012-11-26,1000,Cash / Clearing,Charter #5499 - Res #006553 - unknown,214.37,0.00,income_ledger,22015,0007174
2012-11-26,41000,Charter Revenue,Charter #5499 - Res #006553 - unknown,0.00,214.37,income_ledger,22015,0007174
2012-11-26,1000,Cash / Clearing,Charter #5984 - Res #007043 - unknown,342.00,0.00,income_ledger,22017,0007166
2012-11-26,41000,Charter Revenue,Charter #5984 - Res #007043 - unknown,0.00,342.00,income_ledger,22017,0007166
2012-11-26,1000,Cash / Clearing,Charter #6036 - Res #007096 - unknown,470.00,0.00,income_ledger,22019,0007181
2012-11-26,41000,Charter Revenue,Charter #6036 - Res #007096 - unknown,0.00,470.00,income_ledger,22019,0007181
2012-11-26,1000,Cash / Clearing,Charter #5532 - Res #006696 - unknown,268.13,0.00,income_ledger,22021,0007180
2012-11-26,41000,Charter Revenue,Charter #5532 - Res #006696 - unknown,0.00,268.13,income_ledger,22021,0007180
2012-11-26,1000,Cash / Clearing,Charter #6032 - Res #007092 - unknown,250.00,0.00,income_ledger,22027,0007168
2012-11-26,41000,Charter Revenue,Charter #6032 - Res #007092 - unknown,0.00,250.00,income_ledger,22027,0007168
2012-11-26,1000,Cash / Clearing,Charter #5498 - Res #006552 - unknown,214.37,0.00,income_ledger,22048,0007175
2012-11-26,41000,Charter Revenue,Charter #5498 - Res #006552 - unknown,0.00,214.37,income_ledger,22048,0007175
2012-11-26,1000,Cash / Clearing,Charter #5984 - Res #007043 - unknown,370.86,0.00,income_ledger,22091,0007165
2012-11-26,41000,Charter Revenue,Charter #5984 - Res #007043 - unknown,0.00,370.86,income_ledger,22091,0007165
2012-11-26,1000,Cash / Clearing,Charter #6033 - Res #007093 - unknown,0.01,0.00,income_ledger,22102,0007169
2012-11-26,41000,Charter Revenue,Charter #6033 - Res #007093 - unknown,0.00,0.01,income_ledger,22102,0007169
2012-11-27,1000,Cash / Clearing,Charter #6035 - Res #007095 - unknown,262.60,0.00,income_ledger,19086,0007070
2012-11-27,41000,Charter Revenue,Charter #6035 - Res #007095 - unknown,0.00,262.60,income_ledger,19086,0007070
2012-11-27,1000,Cash / Clearing,Charter #5666 - Res #006721 - unknown,385.00,0.00,income_ledger,22016,0007183
2012-11-27,41000,Charter Revenue,Charter #5666 - Res #006721 - unknown,0.00,385.00,income_ledger,22016,0007183
2012-11-27,1000,Cash / Clearing,Charter #5667 - Res #006722 - unknown,0.01,0.00,income_ledger,22022,0007184
2012-11-27,41000,Charter Revenue,Charter #5667 - Res #006722 - unknown,0.00,0.01,income_ledger,22022,0007184
2012-11-29,1000,Cash / Clearing,Charter #6045 - Res #007105 - unknown,258.30,0.00,income_ledger,22018,0007187
2012-11-29,41000,Charter Revenue,Charter #6045 - Res #007105 - unknown,0.00,258.30,income_ledger,22018,0007187
2012-11-29,1000,Cash / Clearing,Charter #6047 - Res #007107 - unknown,192.50,0.00,income_ledger,22026,0007188
2012-11-29,41000,Charter Revenue,Charter #6047 - Res #007107 - unknown,0.00,192.50,income_ledger,22026,0007188
2012-11-29,1000,Cash / Clearing,Charter #6044 - Res #007104 - unknown,258.30,0.00,income_ledger,22136,0007186
2012-11-29,41000,Charter Revenue,Charter #6044 - Res #007104 - unknown,0.00,258.30,income_ledger,22136,0007186
2012-11-30,1000,Cash / Clearing,Charter #6050 - Res #007110 - unknown,82.50,0.00,income_ledger,19128,0007083
2012-11-30,41000,Charter Revenue,Charter #6050 - Res #007110 - unknown,0.00,82.50,income_ledger,19128,0007083
2012-11-30,1000,Cash / Clearing,Charter #6043 - Res #007103 - unknown,110.25,0.00,income_ledger,22024,0007192
2012-11-30,41000,Charter Revenue,Charter #6043 - Res #007103 - unknown,0.00,110.25,income_ledger,22024,0007192
2012-11-30,1000,Cash / Clearing,Charter #5691 - Res #006746 - unknown,1087.63,0.00,income_ledger,22029,0007191
2012-11-30,41000,Charter Revenue,Charter #5691 - Res #006746 - unknown,0.00,1087.63,income_ledger,22029,0007191
2012-11-30,1000,Cash / Clearing,Charter #5985 - Res #007044 - unknown,44.05,0.00,income_ledger,22070,0007193
2012-11-30,41000,Charter Revenue,Charter #5985 - Res #007044 - unknown,0.00,44.05,income_ledger,22070,0007193
2012-11-30,1000,Cash / Clearing,Charter #6040 - Res #007100 - unknown,261.00,0.00,income_ledger,22078,0007189
2012-11-30,41000,Charter Revenue,Charter #6040 - Res #007100 - unknown,0.00,261.00,income_ledger,22078,0007189
2012-11-30,1000,Cash / Clearing,Charter #5992 - Res #007051 - unknown,0.01,0.00,income_ledger,22116,0007196
2012-11-30,41000,Charter Revenue,Charter #5992 - Res #007051 - unknown,0.00,0.01,income_ledger,22116,0007196
2012-11-30,1000,Cash / Clearing,Charter #5930 - Res #006988 - unknown,792.00,0.00,income_ledger,22119,0007190
2012-11-30,41000,Charter Revenue,Charter #5930 - Res #006988 - unknown,0.00,792.00,income_ledger,22119,0007190
2012-11-30,1000,Cash / Clearing,Charter #6049 - Res #007109 - unknown,82.50,0.00,income_ledger,22128,0007194
2012-11-30,41000,Charter Revenue,Charter #6049 - Res #007109 - unknown,0.00,82.50,income_ledger,22128,0007194
2012-11-30,1000,Cash / Clearing,Charter #5943 - Res #007027 - unknown,0.01,0.00,income_ledger,22190,0007358
2012-11-30,41000,Charter Revenue,Charter #5943 - Res #007027 - unknown,0.00,0.01,income_ledger,22190,0007358
2012-11-30,1000,Cash / Clearing,Charter #5944 - Res #007028 - unknown,0.01,0.00,income_ledger,22193,0007359
2012-11-30,41000,Charter Revenue,Charter #5944 - Res #007028 - unknown,0.00,0.01,income_ledger,22193,0007359
2012-11-30,1000,Cash / Clearing,Charter #5907 - Res #006965 - unknown,165.25,0.00,income_ledger,22197,0007359
2012-11-30,41000,Charter Revenue,Charter #5907 - Res #006965 - unknown,0.00,165.25,income_ledger,22197,0007359
2012-11-30,1000,Cash / Clearing,Charter #5941 - Res #007025 - unknown,211.75,0.00,income_ledger,22312,0007357
2012-11-30,41000,Charter Revenue,Charter #5941 - Res #007025 - unknown,0.00,211.75,income_ledger,22312,0007357
2012-12-01,1000,Cash / Clearing,Charter #5934 - Res #007018 - credit_card,1000.00,0.00,income_ledger,18728,0007100
2012-12-01,41000,Charter Revenue,Charter #5934 - Res #007018 - credit_card,0.00,1000.00,income_ledger,18728,0007100
2012-12-01,1000,Cash / Clearing,Charter #6055 - Res #007115 - e_transfer,285.50,0.00,income_ledger,19461,0007096
2012-12-01,41000,Charter Revenue,Charter #6055 - Res #007115 - e_transfer,0.00,285.50,income_ledger,19461,0007096
2012-12-01,1000,Cash / Clearing,Charter #5972 - Res #007015 - unknown,585.16,0.00,income_ledger,19629,0007365
2012-12-01,41000,Charter Revenue,Charter #5972 - Res #007015 - unknown,0.00,585.16,income_ledger,19629,0007365
2012-12-01,1000,Cash / Clearing,Charter #6052 - Res #007112 - unknown,350.00,0.00,income_ledger,21143,0007360
2012-12-01,41000,Charter Revenue,Charter #6052 - Res #007112 - unknown,0.00,350.00,income_ledger,21143,0007360
2012-12-01,1000,Cash / Clearing,Charter #6052 - Res #007112 - unknown,76.74,0.00,income_ledger,21810,0007360
2012-12-01,41000,Charter Revenue,Charter #6052 - Res #007112 - unknown,0.00,76.74,income_ledger,21810,0007360
2012-12-01,1000,Cash / Clearing,Charter #6051 - Res #007111 - unknown,381.51,0.00,income_ledger,21946,0007360
2012-12-01,41000,Charter Revenue,Charter #6051 - Res #007111 - unknown,0.00,381.51,income_ledger,21946,0007360
2012-12-01,1000,Cash / Clearing,Charter #6058 - Res #007118 - unknown,0.01,0.00,income_ledger,21957,0007102
2012-12-01,41000,Charter Revenue,Charter #6058 - Res #007118 - unknown,0.00,0.01,income_ledger,21957,0007102
2012-12-01,1000,Cash / Clearing,Charter #6053 - Res #007113 - unknown,279.90,0.00,income_ledger,21987,0007360
2012-12-01,41000,Charter Revenue,Charter #6053 - Res #007113 - unknown,0.00,279.90,income_ledger,21987,0007360
2012-12-01,1000,Cash / Clearing,Charter #6070 - Res #007130 - unknown,160.00,0.00,income_ledger,22001,0007379
2012-12-01,41000,Charter Revenue,Charter #6070 - Res #007130 - unknown,0.00,160.00,income_ledger,22001,0007379
2012-12-01,1000,Cash / Clearing,Charter #6068 - Res #007128 - unknown,0.01,0.00,income_ledger,22002,0007112
2012-12-01,41000,Charter Revenue,Charter #6068 - Res #007128 - unknown,0.00,0.01,income_ledger,22002,0007112
2012-12-01,1000,Cash / Clearing,Charter #6071 - Res #007131 - unknown,150.00,0.00,income_ledger,22050,0007379
2012-12-01,41000,Charter Revenue,Charter #6071 - Res #007131 - unknown,0.00,150.00,income_ledger,22050,0007379
2012-12-01,1000,Cash / Clearing,Charter #6054 - Res #007114 - unknown,214.50,0.00,income_ledger,22192,0007361
2012-12-01,41000,Charter Revenue,Charter #6054 - Res #007114 - unknown,0.00,214.50,income_ledger,22192,0007361
2012-12-01,1000,Cash / Clearing,Charter #6056 - Res #007116 - unknown,258.50,0.00,income_ledger,22196,0007362
2012-12-01,41000,Charter Revenue,Charter #6056 - Res #007116 - unknown,0.00,258.50,income_ledger,22196,0007362
2012-12-01,1000,Cash / Clearing,Charter #6065 - Res #007125 - unknown,0.01,0.00,income_ledger,22201,0007376
2012-12-01,41000,Charter Revenue,Charter #6065 - Res #007125 - unknown,0.00,0.01,income_ledger,22201,0007376
2012-12-01,1000,Cash / Clearing,Charter #6066 - Res #007126 - unknown,0.01,0.00,income_ledger,22202,0007377
2012-12-01,41000,Charter Revenue,Charter #6066 - Res #007126 - unknown,0.00,0.01,income_ledger,22202,0007377
2012-12-01,1000,Cash / Clearing,Charter #6058 - Res #007118 - unknown,0.01,0.00,income_ledger,22203,0007370
2012-12-01,41000,Charter Revenue,Charter #6058 - Res #007118 - unknown,0.00,0.01,income_ledger,22203,0007370
2012-12-01,1000,Cash / Clearing,Charter #6060 - Res #007120 - unknown,0.01,0.00,income_ledger,22204,0007371
2012-12-01,41000,Charter Revenue,Charter #6060 - Res #007120 - unknown,0.00,0.01,income_ledger,22204,0007371
2012-12-01,1000,Cash / Clearing,Charter #5935 - Res #007019 - unknown,300.00,0.00,income_ledger,22208,0007369
2012-12-01,41000,Charter Revenue,Charter #5935 - Res #007019 - unknown,0.00,300.00,income_ledger,22208,0007369
2012-12-01,1000,Cash / Clearing,Charter #6062 - Res #007122 - unknown,0.01,0.00,income_ledger,22211,0007373
2012-12-01,41000,Charter Revenue,Charter #6062 - Res #007122 - unknown,0.00,0.01,income_ledger,22211,0007373
2012-12-01,1000,Cash / Clearing,Charter #6056 - Res #007116 - unknown,42.83,0.00,income_ledger,22214,0007363
2012-12-01,41000,Charter Revenue,Charter #6056 - Res #007116 - unknown,0.00,42.83,income_ledger,22214,0007363
2012-12-01,1000,Cash / Clearing,Charter #5973 - Res #007016 - unknown,450.00,0.00,income_ledger,22226,0007366
2012-12-01,41000,Charter Revenue,Charter #5973 - Res #007016 - unknown,0.00,450.00,income_ledger,22226,0007366
2012-12-01,1000,Cash / Clearing,Charter #6059 - Res #007119 - unknown,0.01,0.00,income_ledger,22232,0007378
2012-12-01,41000,Charter Revenue,Charter #6059 - Res #007119 - unknown,0.00,0.01,income_ledger,22232,0007378
2012-12-01,1000,Cash / Clearing,Charter #6064 - Res #007124 - unknown,0.01,0.00,income_ledger,22253,0007375
2012-12-01,41000,Charter Revenue,Charter #6064 - Res #007124 - unknown,0.00,0.01,income_ledger,22253,0007375
2012-12-01,1000,Cash / Clearing,Charter #5974 - Res #007017 - unknown,375.00,0.00,income_ledger,22652,0007367
2012-12-01,41000,Charter Revenue,Charter #5974 - Res #007017 - unknown,0.00,375.00,income_ledger,22652,0007367
2012-12-03,1000,Cash / Clearing,Charter #5848 - Res #006905 - check,925.42,0.00,income_ledger,18725,0007126
2012-12-03,41000,Charter Revenue,Charter #5848 - Res #006905 - check,0.00,925.42,income_ledger,18725,0007126
2012-12-03,1000,Cash / Clearing,Charter #6038 - Res #007098 - unknown,116.00,0.00,income_ledger,22051,0007379
2012-12-03,41000,Charter Revenue,Charter #6038 - Res #007098 - unknown,0.00,116.00,income_ledger,22051,0007379
2012-12-03,1000,Cash / Clearing,Charter #6048 - Res #007108 - unknown,190.00,0.00,income_ledger,22068,0007379
2012-12-03,41000,Charter Revenue,Charter #6048 - Res #007108 - unknown,0.00,190.00,income_ledger,22068,0007379
2012-12-03,1000,Cash / Clearing,Charter #6037 - Res #007097 - unknown,126.98,0.00,income_ledger,22071,0007379
2012-12-03,41000,Charter Revenue,Charter #6037 - Res #007097 - unknown,0.00,126.98,income_ledger,22071,0007379
2012-12-03,1000,Cash / Clearing,Charter #5997 - Res #007056 - unknown,375.00,0.00,income_ledger,22099,0007379
2012-12-03,41000,Charter Revenue,Charter #5997 - Res #007056 - unknown,0.00,375.00,income_ledger,22099,0007379
2012-12-03,1000,Cash / Clearing,Charter #5980 - Res #007039 - unknown,540.00,0.00,income_ledger,22100,0007379
2012-12-03,41000,Charter Revenue,Charter #5980 - Res #007039 - unknown,0.00,540.00,income_ledger,22100,0007379
2012-12-03,1000,Cash / Clearing,Charter #6073 - Res #007133 - unknown,780.00,0.00,income_ledger,22105,0007379
2012-12-03,41000,Charter Revenue,Charter #6073 - Res #007133 - unknown,0.00,780.00,income_ledger,22105,0007379
2012-12-03,1000,Cash / Clearing,Charter #6048 - Res #007108 - unknown,351.94,0.00,income_ledger,22108,0007379
2012-12-03,41000,Charter Revenue,Charter #6048 - Res #007108 - unknown,0.00,351.94,income_ledger,22108,0007379
2012-12-03,1000,Cash / Clearing,Charter #6041 - Res #007101 - unknown,256.75,0.00,income_ledger,22109,0007379
2012-12-03,41000,Charter Revenue,Charter #6041 - Res #007101 - unknown,0.00,256.75,income_ledger,22109,0007379
2012-12-03,1000,Cash / Clearing,Charter #6013 - Res #007073 - unknown,900.00,0.00,income_ledger,22127,0007379
2012-12-03,41000,Charter Revenue,Charter #6013 - Res #007073 - unknown,0.00,900.00,income_ledger,22127,0007379
2012-12-03,1000,Cash / Clearing,Charter #6057 - Res #007117 - unknown,0.01,0.00,income_ledger,22386,0007380
2012-12-03,41000,Charter Revenue,Charter #6057 - Res #007117 - unknown,0.00,0.01,income_ledger,22386,0007380
2012-12-04,1000,Cash / Clearing,Charter #6089 - Res #007149 - unknown,300.00,0.00,income_ledger,19098,0007138
2012-12-04,41000,Charter Revenue,Charter #6089 - Res #007149 - unknown,0.00,300.00,income_ledger,19098,0007138
2012-12-04,1000,Cash / Clearing,Charter #6086 - Res #007146 - unknown,17.50,0.00,income_ledger,20367,0007386
2012-12-04,41000,Charter Revenue,Charter #6086 - Res #007146 - unknown,0.00,17.50,income_ledger,20367,0007386
2012-12-04,1000,Cash / Clearing,Charter #5822 - Res #006879 - unknown,97.50,0.00,income_ledger,22209,0007441
2012-12-04,41000,Charter Revenue,Charter #5822 - Res #006879 - unknown,0.00,97.50,income_ledger,22209,0007441
2012-12-04,1000,Cash / Clearing,Charter #6085 - Res #007145 - unknown,175.00,0.00,income_ledger,22212,0007385
2012-12-04,41000,Charter Revenue,Charter #6085 - Res #007145 - unknown,0.00,175.00,income_ledger,22212,0007385
2012-12-04,1000,Cash / Clearing,Charter #6080 - Res #007140 - unknown,175.00,0.00,income_ledger,22213,0007382
2012-12-04,41000,Charter Revenue,Charter #6080 - Res #007140 - unknown,0.00,175.00,income_ledger,22213,0007382
2012-12-04,1000,Cash / Clearing,Charter #6082 - Res #007142 - unknown,195.00,0.00,income_ledger,22215,0007383
2012-12-04,41000,Charter Revenue,Charter #6082 - Res #007142 - unknown,0.00,195.00,income_ledger,22215,0007383
2012-12-04,1000,Cash / Clearing,Charter #6090 - Res #007150 - unknown,75.00,0.00,income_ledger,22222,0007393
2012-12-04,41000,Charter Revenue,Charter #6090 - Res #007150 - unknown,0.00,75.00,income_ledger,22222,0007393
2012-12-04,1000,Cash / Clearing,Charter #6091 - Res #007151 - unknown,75.00,0.00,income_ledger,22247,0007392
2012-12-04,41000,Charter Revenue,Charter #6091 - Res #007151 - unknown,0.00,75.00,income_ledger,22247,0007392
2012-12-04,1000,Cash / Clearing,Charter #6077 - Res #007137 - unknown,241.50,0.00,income_ledger,22296,0007381
2012-12-04,41000,Charter Revenue,Charter #6077 - Res #007137 - unknown,0.00,241.50,income_ledger,22296,0007381
2012-12-04,1000,Cash / Clearing,Charter #6092 - Res #007152 - unknown,100.00,0.00,income_ledger,22327,0007550
2012-12-04,41000,Charter Revenue,Charter #6092 - Res #007152 - unknown,0.00,100.00,income_ledger,22327,0007550
2012-12-04,1000,Cash / Clearing,Charter #6088 - Res #007148 - unknown,300.00,0.00,income_ledger,22355,0007389
2012-12-04,41000,Charter Revenue,Charter #6088 - Res #007148 - unknown,0.00,300.00,income_ledger,22355,0007389
2012-12-04,1000,Cash / Clearing,Charter #6084 - Res #007144 - unknown,383.50,0.00,income_ledger,22357,0007384
2012-12-04,41000,Charter Revenue,Charter #6084 - Res #007144 - unknown,0.00,383.50,income_ledger,22357,0007384
2012-12-04,1000,Cash / Clearing,Charter #6076 - Res #007136 - unknown,93.75,0.00,income_ledger,22467,0007549
2012-12-04,41000,Charter Revenue,Charter #6076 - Res #007136 - unknown,0.00,93.75,income_ledger,22467,0007549
2012-12-04,1000,Cash / Clearing,Charter #6014 - Res #007074 - unknown,0.01,0.00,income_ledger,23762,0007551
2012-12-04,41000,Charter Revenue,Charter #6014 - Res #007074 - unknown,0.00,0.01,income_ledger,23762,0007551
2012-12-05,1000,Cash / Clearing,Charter #6020 - Res #007080 - credit_card,82.50,0.00,income_ledger,19447,0007150
2012-12-05,41000,Charter Revenue,Charter #6020 - Res #007080 - credit_card,0.00,82.50,income_ledger,19447,0007150
2012-12-05,1000,Cash / Clearing,Charter #6099 - Res #007159 - unknown,250.00,0.00,income_ledger,19634,0007553
2012-12-05,41000,Charter Revenue,Charter #6099 - Res #007159 - unknown,0.00,250.00,income_ledger,19634,0007553
2012-12-05,1000,Cash / Clearing,Charter #6100 - Res #007160 - unknown,0.01,0.00,income_ledger,20761,0007554
2012-12-05,41000,Charter Revenue,Charter #6100 - Res #007160 - unknown,0.00,0.01,income_ledger,20761,0007554
2012-12-05,1000,Cash / Clearing,Charter #6109 - Res #007169 - unknown,200.00,0.00,income_ledger,21208,0007556
2012-12-05,41000,Charter Revenue,Charter #6109 - Res #007169 - unknown,0.00,200.00,income_ledger,21208,0007556
2012-12-05,1000,Cash / Clearing,Charter #6107 - Res #007167 - unknown,272.50,0.00,income_ledger,21414,0007555
2012-12-05,41000,Charter Revenue,Charter #6107 - Res #007167 - unknown,0.00,272.50,income_ledger,21414,0007555
2012-12-05,1000,Cash / Clearing,Charter #6097 - Res #007157 - unknown,82.50,0.00,income_ledger,22343,0007552
2012-12-05,41000,Charter Revenue,Charter #6097 - Res #007157 - unknown,0.00,82.50,income_ledger,22343,0007552
2012-12-06,1000,Cash / Clearing,Charter #6115 - Res #007175 - credit_card,195.00,0.00,income_ledger,18929,0007155
2012-12-06,41000,Charter Revenue,Charter #6115 - Res #007175 - credit_card,0.00,195.00,income_ledger,18929,0007155
2012-12-06,1000,Cash / Clearing,Charter #6115 - Res #007175 - credit_card,332.92,0.00,income_ledger,18930,0007156
2012-12-06,41000,Charter Revenue,Charter #6115 - Res #007175 - credit_card,0.00,332.92,income_ledger,18930,0007156
2012-12-06,1000,Cash / Clearing,Charter #5727 - Res #006779 - unknown,75.00,0.00,income_ledger,19541,0007562
2012-12-06,41000,Charter Revenue,Charter #5727 - Res #006779 - unknown,0.00,75.00,income_ledger,19541,0007562
2012-12-06,1000,Cash / Clearing,Charter #6087 - Res #007147 - unknown,200.00,0.00,income_ledger,19633,0007565
2012-12-06,41000,Charter Revenue,Charter #6087 - Res #007147 - unknown,0.00,200.00,income_ledger,19633,0007565
2012-12-06,1000,Cash / Clearing,Charter #6114 - Res #007174 - unknown,150.00,0.00,income_ledger,19635,0007558
2012-12-06,41000,Charter Revenue,Charter #6114 - Res #007174 - unknown,0.00,150.00,income_ledger,19635,0007558
2012-12-06,1000,Cash / Clearing,Charter #6116 - Res #007176 - unknown,234.00,0.00,income_ledger,19637,0007561
2012-12-06,41000,Charter Revenue,Charter #6116 - Res #007176 - unknown,0.00,234.00,income_ledger,19637,0007561
2012-12-06,1000,Cash / Clearing,Charter #5855 - Res #006912 - unknown,354.38,0.00,income_ledger,20368,0007559
2012-12-06,41000,Charter Revenue,Charter #5855 - Res #006912 - unknown,0.00,354.38,income_ledger,20368,0007559
2012-12-06,1000,Cash / Clearing,Charter #5821 - Res #006878 - unknown,105.60,0.00,income_ledger,20369,0007559
2012-12-06,41000,Charter Revenue,Charter #5821 - Res #006878 - unknown,0.00,105.60,income_ledger,20369,0007559
2012-12-06,1000,Cash / Clearing,Charter #5726 - Res #006778 - unknown,75.00,0.00,income_ledger,20976,0007563
2012-12-06,41000,Charter Revenue,Charter #5726 - Res #006778 - unknown,0.00,75.00,income_ledger,20976,0007563
2012-12-06,1000,Cash / Clearing,Charter #6098 - Res #007158 - unknown,0.01,0.00,income_ledger,21113,0007559
2012-12-06,41000,Charter Revenue,Charter #6098 - Res #007158 - unknown,0.00,0.01,income_ledger,21113,0007559
2012-12-06,1000,Cash / Clearing,Charter #5302 - Res #006332 - unknown,207.90,0.00,income_ledger,21150,0007558
2012-12-06,41000,Charter Revenue,Charter #5302 - Res #006332 - unknown,0.00,207.90,income_ledger,21150,0007558
2012-12-06,1000,Cash / Clearing,Charter #4904 - Res #005955 - unknown,787.50,0.00,income_ledger,21205,0007564
2012-12-06,41000,Charter Revenue,Charter #4904 - Res #005955 - unknown,0.00,787.50,income_ledger,21205,0007564
2012-12-07,1000,Cash / Clearing,Charter #6131 - Res #007187 - unknown,231.00,0.00,income_ledger,19636,0007571
2012-12-07,41000,Charter Revenue,Charter #6131 - Res #007187 - unknown,0.00,231.00,income_ledger,19636,0007571
2012-12-07,1000,Cash / Clearing,Charter #6132 - Res #007188 - unknown,231.00,0.00,income_ledger,20370,0007572
2012-12-07,41000,Charter Revenue,Charter #6132 - Res #007188 - unknown,0.00,231.00,income_ledger,20370,0007572
2012-12-07,1000,Cash / Clearing,Charter #6130 - Res #007186 - unknown,175.00,0.00,income_ledger,20756,0007570
2012-12-07,41000,Charter Revenue,Charter #6130 - Res #007186 - unknown,0.00,175.00,income_ledger,20756,0007570
2012-12-07,1000,Cash / Clearing,Charter #6120 - Res #007180 - unknown,275.00,0.00,income_ledger,20758,0007567
2012-12-07,41000,Charter Revenue,Charter #6120 - Res #007180 - unknown,0.00,275.00,income_ledger,20758,0007567
2012-12-07,1000,Cash / Clearing,Charter #6124 - Res #007184 - unknown,420.00,0.00,income_ledger,20759,0007569
2012-12-07,41000,Charter Revenue,Charter #6124 - Res #007184 - unknown,0.00,420.00,income_ledger,20759,0007569
2012-12-07,1000,Cash / Clearing,Charter #6108 - Res #007168 - unknown,82.50,0.00,income_ledger,20760,0007566
2012-12-07,41000,Charter Revenue,Charter #6108 - Res #007168 - unknown,0.00,82.50,income_ledger,20760,0007566
2012-12-07,1000,Cash / Clearing,Charter #6125 - Res #007185 - unknown,925.00,0.00,income_ledger,21152,0007571
2012-12-07,41000,Charter Revenue,Charter #6125 - Res #007185 - unknown,0.00,925.00,income_ledger,21152,0007571
2012-12-07,1000,Cash / Clearing,Charter #6123 - Res #007183 - unknown,642.09,0.00,income_ledger,22348,0007568
2012-12-07,41000,Charter Revenue,Charter #6123 - Res #007183 - unknown,0.00,642.09,income_ledger,22348,0007568
2012-12-08,1000,Cash / Clearing,Charter #6139 - Res #007195 - unknown,-0.02,0.00,income_ledger,18878,ROUND2012_2015_007195_20260410
2012-12-08,41000,Charter Revenue,Charter #6139 - Res #007195 - unknown,0.00,-0.02,income_ledger,18878,ROUND2012_2015_007195_20260410
2012-12-08,1000,Cash / Clearing,Charter #5953 - Res #006995 - unknown,573.75,0.00,income_ledger,19626,0007578
2012-12-08,41000,Charter Revenue,Charter #5953 - Res #006995 - unknown,0.00,573.75,income_ledger,19626,0007578
2012-12-08,1000,Cash / Clearing,Charter #5951 - Res #006993 - unknown,198.75,0.00,income_ledger,19627,0007580
2012-12-08,41000,Charter Revenue,Charter #5951 - Res #006993 - unknown,0.00,198.75,income_ledger,19627,0007580
2012-12-08,1000,Cash / Clearing,Charter #6121 - Res #007181 - unknown,660.00,0.00,income_ledger,20371,0007573
2012-12-08,41000,Charter Revenue,Charter #6121 - Res #007181 - unknown,0.00,660.00,income_ledger,20371,0007573
2012-12-08,1000,Cash / Clearing,Charter #6130 - Res #007186 - unknown,94.06,0.00,income_ledger,20372,0007575
2012-12-08,41000,Charter Revenue,Charter #6130 - Res #007186 - unknown,0.00,94.06,income_ledger,20372,0007575
2012-12-08,1000,Cash / Clearing,Charter #6134 - Res #007190 - unknown,195.00,0.00,income_ledger,20373,0007576
2012-12-08,41000,Charter Revenue,Charter #6134 - Res #007190 - unknown,0.00,195.00,income_ledger,20373,0007576
2012-12-08,1000,Cash / Clearing,Charter #5950 - Res #006992 - unknown,292.50,0.00,income_ledger,20745,0007580
2012-12-08,41000,Charter Revenue,Charter #5950 - Res #006992 - unknown,0.00,292.50,income_ledger,20745,0007580
2012-12-08,1000,Cash / Clearing,Charter #6122 - Res #007182 - unknown,1547.00,0.00,income_ledger,20755,0007574
2012-12-08,41000,Charter Revenue,Charter #6122 - Res #007182 - unknown,0.00,1547.00,income_ledger,20755,0007574
2012-12-08,1000,Cash / Clearing,Charter #5952 - Res #006994 - unknown,198.75,0.00,income_ledger,21206,0007579
2012-12-08,41000,Charter Revenue,Charter #5952 - Res #006994 - unknown,0.00,198.75,income_ledger,21206,0007579
2012-12-08,1000,Cash / Clearing,Charter #6135 - Res #007191 - unknown,300.00,0.00,income_ledger,22352,0007577
2012-12-08,41000,Charter Revenue,Charter #6135 - Res #007191 - unknown,0.00,300.00,income_ledger,22352,0007577
2012-12-09,1000,Cash / Clearing,Charter #6096 - Res #007156 - unknown,341.24,0.00,income_ledger,20746,0007580
2012-12-09,41000,Charter Revenue,Charter #6096 - Res #007156 - unknown,0.00,341.24,income_ledger,20746,0007580
2012-12-09,1000,Cash / Clearing,Charter #6095 - Res #007155 - unknown,373.77,0.00,income_ledger,21153,0007580
2012-12-09,41000,Charter Revenue,Charter #6095 - Res #007155 - unknown,0.00,373.77,income_ledger,21153,0007580
2012-12-10,1000,Cash / Clearing,Charter #6089 - Res #007149 - unknown,165.00,0.00,income_ledger,19100,0007195
2012-12-10,41000,Charter Revenue,Charter #6089 - Res #007149 - unknown,0.00,165.00,income_ledger,19100,0007195
2012-12-10,1000,Cash / Clearing,Charter #5658 - Res #006713 - unknown,625.00,0.00,income_ledger,19105,0007186
2012-12-10,41000,Charter Revenue,Charter #5658 - Res #006713 - unknown,0.00,625.00,income_ledger,19105,0007186
2012-12-10,1000,Cash / Clearing,Charter #6117 - Res #007177 - credit_card,97.50,0.00,income_ledger,19464,0007204
2012-12-10,41000,Charter Revenue,Charter #6117 - Res #007177 - credit_card,0.00,97.50,income_ledger,19464,0007204
2012-12-10,1000,Cash / Clearing,Charter #6148 - Res #007204 - unknown,97.50,0.00,income_ledger,19638,0007500
2012-12-10,41000,Charter Revenue,Charter #6148 - Res #007204 - unknown,0.00,97.50,income_ledger,19638,0007500
2012-12-10,1000,Cash / Clearing,Charter #6150 - Res #007206 - unknown,0.01,0.00,income_ledger,19639,0007502
2012-12-10,41000,Charter Revenue,Charter #6150 - Res #007206 - unknown,0.00,0.01,income_ledger,19639,0007502
2012-12-10,1000,Cash / Clearing,Charter #6149 - Res #007205 - unknown,0.01,0.00,income_ledger,19640,0007501
2012-12-10,41000,Charter Revenue,Charter #6149 - Res #007205 - unknown,0.00,0.01,income_ledger,19640,0007501
2012-12-10,1000,Cash / Clearing,Charter #6140 - Res #007196 - unknown,600.00,0.00,income_ledger,20374,0007581
2012-12-10,41000,Charter Revenue,Charter #6140 - Res #007196 - unknown,0.00,600.00,income_ledger,20374,0007581
2012-12-10,1000,Cash / Clearing,Charter #6137 - Res #007193 - unknown,404.53,0.00,income_ledger,20749,0007580
2012-12-10,41000,Charter Revenue,Charter #6137 - Res #007193 - unknown,0.00,404.53,income_ledger,20749,0007580
2012-12-10,1000,Cash / Clearing,Charter #6135 - Res #007191 - unknown,262.50,0.00,income_ledger,20750,0007580
2012-12-10,41000,Charter Revenue,Charter #6135 - Res #007191 - unknown,0.00,262.50,income_ledger,20750,0007580
2012-12-10,1000,Cash / Clearing,Charter #6136 - Res #007192 - unknown,469.53,0.00,income_ledger,20751,0007580
2012-12-10,41000,Charter Revenue,Charter #6136 - Res #007192 - unknown,0.00,469.53,income_ledger,20751,0007580
2012-12-10,1000,Cash / Clearing,Charter #6139 - Res #007195 - unknown,0.01,0.00,income_ledger,20752,0007580
2012-12-10,41000,Charter Revenue,Charter #6139 - Res #007195 - unknown,0.00,0.01,income_ledger,20752,0007580
2012-12-10,1000,Cash / Clearing,Charter #6138 - Res #007194 - unknown,0.01,0.00,income_ledger,20753,0007580
2012-12-10,41000,Charter Revenue,Charter #6138 - Res #007194 - unknown,0.00,0.01,income_ledger,20753,0007580
2012-12-10,1000,Cash / Clearing,Charter #6145 - Res #007201 - unknown,175.00,0.00,income_ledger,20762,0007583
2012-12-10,41000,Charter Revenue,Charter #6145 - Res #007201 - unknown,0.00,175.00,income_ledger,20762,0007583
2012-12-10,1000,Cash / Clearing,Charter #6143 - Res #007199 - unknown,150.00,0.00,income_ledger,20768,0007582
2012-12-10,41000,Charter Revenue,Charter #6143 - Res #007199 - unknown,0.00,150.00,income_ledger,20768,0007582
2012-12-10,1000,Cash / Clearing,Charter #6092 - Res #007152 - unknown,285.00,0.00,income_ledger,21151,0007580
2012-12-10,41000,Charter Revenue,Charter #6092 - Res #007152 - unknown,0.00,285.00,income_ledger,21151,0007580
2012-12-10,1000,Cash / Clearing,Charter #6137 - Res #007193 - unknown,480.00,0.00,income_ledger,21154,0007580
2012-12-10,41000,Charter Revenue,Charter #6137 - Res #007193 - unknown,0.00,480.00,income_ledger,21154,0007580
2012-12-10,1000,Cash / Clearing,Charter #6139 - Res #007195 - unknown,0.01,0.00,income_ledger,22073,0007185
2012-12-10,41000,Charter Revenue,Charter #6139 - Res #007195 - unknown,0.00,0.01,income_ledger,22073,0007185
2012-12-10,1000,Cash / Clearing,Charter #6082 - Res #007142 - unknown,350.22,0.00,income_ledger,22277,0007493
2012-12-10,41000,Charter Revenue,Charter #6082 - Res #007142 - unknown,0.00,350.22,income_ledger,22277,0007493
2012-12-10,1000,Cash / Clearing,Charter #6090 - Res #007150 - unknown,165.00,0.00,income_ledger,22287,0007491
2012-12-10,41000,Charter Revenue,Charter #6090 - Res #007150 - unknown,0.00,165.00,income_ledger,22287,0007491
2012-12-10,1000,Cash / Clearing,Charter #6088 - Res #007148 - unknown,165.00,0.00,income_ledger,22291,0007586
2012-12-10,41000,Charter Revenue,Charter #6088 - Res #007148 - unknown,0.00,165.00,income_ledger,22291,0007586
2012-12-10,1000,Cash / Clearing,Charter #6083 - Res #007143 - unknown,1096.88,0.00,income_ledger,22292,0007494
2012-12-10,41000,Charter Revenue,Charter #6083 - Res #007143 - unknown,0.00,1096.88,income_ledger,22292,0007494
2012-12-10,1000,Cash / Clearing,Charter #6091 - Res #007151 - unknown,165.00,0.00,income_ledger,22295,0007492
2012-12-10,41000,Charter Revenue,Charter #6091 - Res #007151 - unknown,0.00,165.00,income_ledger,22295,0007492
2012-12-10,1000,Cash / Clearing,Charter #6087 - Res #007147 - unknown,321.06,0.00,income_ledger,22297,0007496
2012-12-10,41000,Charter Revenue,Charter #6087 - Res #007147 - unknown,0.00,321.06,income_ledger,22297,0007496
2012-12-10,1000,Cash / Clearing,Charter #6145 - Res #007201 - unknown,165.00,0.00,income_ledger,22356,0007587
2012-12-10,41000,Charter Revenue,Charter #6145 - Res #007201 - unknown,0.00,165.00,income_ledger,22356,0007587
2012-12-10,1000,Cash / Clearing,Charter #6146 - Res #007202 - unknown,143.00,0.00,income_ledger,22367,0007584
2012-12-10,41000,Charter Revenue,Charter #6146 - Res #007202 - unknown,0.00,143.00,income_ledger,22367,0007584
2012-12-10,1000,Cash / Clearing,Charter #6073 - Res #007133 - unknown,-97.50,0.00,income_ledger,22740,0007498
2012-12-10,41000,Charter Revenue,Charter #6073 - Res #007133 - unknown,0.00,-97.50,income_ledger,22740,0007498
2012-12-10,1000,Cash / Clearing,Charter #6116 - Res #007176 - unknown,293.92,0.00,income_ledger,22908,0007495
2012-12-10,41000,Charter Revenue,Charter #6116 - Res #007176 - unknown,0.00,293.92,income_ledger,22908,0007495
2012-12-10,1000,Cash / Clearing,Charter #6147 - Res #007203 - unknown,50.00,0.00,income_ledger,22960,0007585
2012-12-10,41000,Charter Revenue,Charter #6147 - Res #007203 - unknown,0.00,50.00,income_ledger,22960,0007585
2012-12-10,1000,Cash / Clearing,Charter #6036 - Res #007096 - unknown,753.50,0.00,income_ledger,23132,0007497
2012-12-10,41000,Charter Revenue,Charter #6036 - Res #007096 - unknown,0.00,753.50,income_ledger,23132,0007497
2012-12-11,1000,Cash / Clearing,Charter #6152 - Res #007208 - unknown,204.75,0.00,income_ledger,22321,0007505
2012-12-11,41000,Charter Revenue,Charter #6152 - Res #007208 - unknown,0.00,204.75,income_ledger,22321,0007505
2012-12-11,1000,Cash / Clearing,Charter #6086 - Res #007146 - unknown,175.00,0.00,income_ledger,22328,0007506
2012-12-11,41000,Charter Revenue,Charter #6086 - Res #007146 - unknown,0.00,175.00,income_ledger,22328,0007506
2012-12-11,1000,Cash / Clearing,Charter #6112 - Res #007172 - unknown,256.57,0.00,income_ledger,22337,0007503
2012-12-11,41000,Charter Revenue,Charter #6112 - Res #007172 - unknown,0.00,256.57,income_ledger,22337,0007503
2012-12-11,1000,Cash / Clearing,Charter #6154 - Res #007210 - unknown,75.00,0.00,income_ledger,22382,0007507
2012-12-11,41000,Charter Revenue,Charter #6154 - Res #007210 - unknown,0.00,75.00,income_ledger,22382,0007507
2012-12-11,1000,Cash / Clearing,Charter #6151 - Res #007207 - unknown,254.44,0.00,income_ledger,22383,0007504
2012-12-11,41000,Charter Revenue,Charter #6151 - Res #007207 - unknown,0.00,254.44,income_ledger,22383,0007504
2012-12-12,1000,Cash / Clearing,Charter #6164 - Res #007220 - unknown,108.00,0.00,income_ledger,20967,0007512
2012-12-12,41000,Charter Revenue,Charter #6164 - Res #007220 - unknown,0.00,108.00,income_ledger,20967,0007512
2012-12-12,1000,Cash / Clearing,Charter #6160 - Res #007216 - unknown,82.50,0.00,income_ledger,22317,0007511
2012-12-12,41000,Charter Revenue,Charter #6160 - Res #007216 - unknown,0.00,82.50,income_ledger,22317,0007511
2012-12-12,1000,Cash / Clearing,Charter #6163 - Res #007219 - unknown,108.00,0.00,income_ledger,22318,0007513
2012-12-12,41000,Charter Revenue,Charter #6163 - Res #007219 - unknown,0.00,108.00,income_ledger,22318,0007513
2012-12-12,1000,Cash / Clearing,Charter #6155 - Res #007211 - unknown,0.01,0.00,income_ledger,22324,0007508
2012-12-12,41000,Charter Revenue,Charter #6155 - Res #007211 - unknown,0.00,0.01,income_ledger,22324,0007508
2012-12-12,1000,Cash / Clearing,Charter #6161 - Res #007217 - unknown,82.50,0.00,income_ledger,22329,0007510
2012-12-12,41000,Charter Revenue,Charter #6161 - Res #007217 - unknown,0.00,82.50,income_ledger,22329,0007510
2012-12-13,1000,Cash / Clearing,Charter #6171 - Res #007227 - unknown,415.00,0.00,income_ledger,22279,0007519
2012-12-13,41000,Charter Revenue,Charter #6171 - Res #007227 - unknown,0.00,415.00,income_ledger,22279,0007519
2012-12-13,1000,Cash / Clearing,Charter #6165 - Res #007221 - unknown,41.25,0.00,income_ledger,22293,0007516
2012-12-13,41000,Charter Revenue,Charter #6165 - Res #007221 - unknown,0.00,41.25,income_ledger,22293,0007516
2012-12-13,1000,Cash / Clearing,Charter #6173 - Res #007229 - unknown,210.00,0.00,income_ledger,22299,0007520
2012-12-13,41000,Charter Revenue,Charter #6173 - Res #007229 - unknown,0.00,210.00,income_ledger,22299,0007520
2012-12-13,1000,Cash / Clearing,Charter #6166 - Res #007222 - unknown,41.25,0.00,income_ledger,22305,0007515
2012-12-13,41000,Charter Revenue,Charter #6166 - Res #007222 - unknown,0.00,41.25,income_ledger,22305,0007515
2012-12-13,1000,Cash / Clearing,Charter #6170 - Res #007226 - unknown,175.00,0.00,income_ledger,22316,0007517
2012-12-13,41000,Charter Revenue,Charter #6170 - Res #007226 - unknown,0.00,175.00,income_ledger,22316,0007517
2012-12-13,1000,Cash / Clearing,Charter #6174 - Res #007230 - unknown,192.50,0.00,income_ledger,22335,0007521
2012-12-13,41000,Charter Revenue,Charter #6174 - Res #007230 - unknown,0.00,192.50,income_ledger,22335,0007521
2012-12-14,1000,Cash / Clearing,Charter #6167 - Res #007223 - credit_card,500.00,0.00,income_ledger,20608,0007217
2012-12-14,41000,Charter Revenue,Charter #6167 - Res #007223 - credit_card,0.00,500.00,income_ledger,20608,0007217
2012-12-14,1000,Cash / Clearing,Charter #5864 - Res #006921 - unknown,731.25,0.00,income_ledger,22278,0007524
2012-12-14,41000,Charter Revenue,Charter #5864 - Res #006921 - unknown,0.00,731.25,income_ledger,22278,0007524
2012-12-14,1000,Cash / Clearing,Charter #6176 - Res #007236 - unknown,300.00,0.00,income_ledger,22280,0007525
2012-12-14,41000,Charter Revenue,Charter #6176 - Res #007236 - unknown,0.00,300.00,income_ledger,22280,0007525
2012-12-14,1000,Cash / Clearing,Charter #6179 - Res #007239 - unknown,300.00,0.00,income_ledger,22313,0007527
2012-12-14,41000,Charter Revenue,Charter #6179 - Res #007239 - unknown,0.00,300.00,income_ledger,22313,0007527
2012-12-14,1000,Cash / Clearing,Charter #6178 - Res #007238 - unknown,900.00,0.00,income_ledger,22323,0007526
2012-12-14,41000,Charter Revenue,Charter #6178 - Res #007238 - unknown,0.00,900.00,income_ledger,22323,0007526
2012-12-14,1000,Cash / Clearing,Charter #5863 - Res #006920 - unknown,19.50,0.00,income_ledger,22339,0007522
2012-12-14,41000,Charter Revenue,Charter #5863 - Res #006920 - unknown,0.00,19.50,income_ledger,22339,0007522
2012-12-15,1000,Cash / Clearing,Charter #5981 - Res #007040 - unknown,35.92,0.00,income_ledger,19784,0007236
2012-12-15,41000,Charter Revenue,Charter #5981 - Res #007040 - unknown,0.00,35.92,income_ledger,19784,0007236
2012-12-15,1000,Cash / Clearing,Charter #5981 - Res #007040 - unknown,500.00,0.00,income_ledger,19785,0007237
2012-12-15,41000,Charter Revenue,Charter #5981 - Res #007040 - unknown,0.00,500.00,income_ledger,19785,0007237
2012-12-15,1000,Cash / Clearing,Charter #6186 - Res #007246 - unknown,0.01,0.00,income_ledger,22314,0007528
2012-12-15,41000,Charter Revenue,Charter #6186 - Res #007246 - unknown,0.00,0.01,income_ledger,22314,0007528
2012-12-15,1000,Cash / Clearing,Charter #6158 - Res #007214 - unknown,110.00,0.00,income_ledger,22330,0007530
2012-12-15,41000,Charter Revenue,Charter #6158 - Res #007214 - unknown,0.00,110.00,income_ledger,22330,0007530
2012-12-15,1000,Cash / Clearing,Charter #5982 - Res #007041 - unknown,330.00,0.00,income_ledger,22331,0007537
2012-12-15,41000,Charter Revenue,Charter #5982 - Res #007041 - unknown,0.00,330.00,income_ledger,22331,0007537
2012-12-15,1000,Cash / Clearing,Charter #6187 - Res #007247 - unknown,60.00,0.00,income_ledger,22333,0007529
2012-12-15,41000,Charter Revenue,Charter #6187 - Res #007247 - unknown,0.00,60.00,income_ledger,22333,0007529
2012-12-15,1000,Cash / Clearing,Charter #6177 - Res #007237 - unknown,192.50,0.00,income_ledger,22341,0007532
2012-12-15,41000,Charter Revenue,Charter #6177 - Res #007237 - unknown,0.00,192.50,income_ledger,22341,0007532
2012-12-15,1000,Cash / Clearing,Charter #6188 - Res #007248 - unknown,0.01,0.00,income_ledger,22359,0007533
2012-12-15,41000,Charter Revenue,Charter #6188 - Res #007248 - unknown,0.00,0.01,income_ledger,22359,0007533
2012-12-15,1000,Cash / Clearing,Charter #6170 - Res #007226 - unknown,994.50,0.00,income_ledger,23026,0007531
2012-12-15,41000,Charter Revenue,Charter #6170 - Res #007226 - unknown,0.00,994.50,income_ledger,23026,0007531
2012-12-16,1000,Cash / Clearing,Charter #6189 - Res #007249 - unknown,250.00,0.00,income_ledger,23139,0007538
2012-12-16,41000,Charter Revenue,Charter #6189 - Res #007249 - unknown,0.00,250.00,income_ledger,23139,0007538
2012-12-17,1000,Cash / Clearing,Charter #6193 - Res #007255 - check,525.00,0.00,income_ledger,18931,
2012-12-17,41000,Charter Revenue,Charter #6193 - Res #007255 - check,0.00,525.00,income_ledger,18931,
2012-12-17,1000,Cash / Clearing,Charter #6176 - Res #007236 - unknown,2439.50,0.00,income_ledger,22587,0007539
2012-12-17,41000,Charter Revenue,Charter #6176 - Res #007236 - unknown,0.00,2439.50,income_ledger,22587,0007539
2012-12-17,1000,Cash / Clearing,Charter #6143 - Res #007199 - unknown,623.37,0.00,income_ledger,23036,0007540
2012-12-17,41000,Charter Revenue,Charter #6143 - Res #007199 - unknown,0.00,623.37,income_ledger,23036,0007540
2012-12-18,1000,Cash / Clearing,Charter #6159 - Res #007215 - unknown,19.99,0.00,income_ledger,19462,0007248
2012-12-18,41000,Charter Revenue,Charter #6159 - Res #007215 - unknown,0.00,19.99,income_ledger,19462,0007248
2012-12-18,1000,Cash / Clearing,Charter #5993 - Res #007052 - unknown,660.00,0.00,income_ledger,19628,0007542
2012-12-18,41000,Charter Revenue,Charter #5993 - Res #007052 - unknown,0.00,660.00,income_ledger,19628,0007542
2012-12-18,1000,Cash / Clearing,Charter #5994 - Res #007053 - check,1687.40,0.00,income_ledger,20604,0007244
2012-12-18,41000,Charter Revenue,Charter #5994 - Res #007053 - check,0.00,1687.40,income_ledger,20604,0007244
2012-12-18,1000,Cash / Clearing,Charter #6167 - Res #007223 - credit_card,708.59,0.00,income_ledger,20609,0007245
2012-12-18,41000,Charter Revenue,Charter #6167 - Res #007223 - credit_card,0.00,708.59,income_ledger,20609,0007245
2012-12-18,1000,Cash / Clearing,Charter #6113 - Res #007173 - unknown,20.00,0.00,income_ledger,21796,0006910
2012-12-18,41000,Charter Revenue,Charter #6113 - Res #007173 - unknown,0.00,20.00,income_ledger,21796,0006910
2012-12-18,1000,Cash / Clearing,Charter #6119 - Res #007179 - unknown,20.00,0.00,income_ledger,21801,0006912
2012-12-18,41000,Charter Revenue,Charter #6119 - Res #007179 - unknown,0.00,20.00,income_ledger,21801,0006912
2012-12-18,1000,Cash / Clearing,Charter #6126 - Res #007231 - unknown,82.50,0.00,income_ledger,21802,0006924
2012-12-18,41000,Charter Revenue,Charter #6126 - Res #007231 - unknown,0.00,82.50,income_ledger,21802,0006924
2012-12-18,1000,Cash / Clearing,Charter #6153 - Res #007209 - unknown,20.00,0.00,income_ledger,21811,0006918
2012-12-18,41000,Charter Revenue,Charter #6153 - Res #007209 - unknown,0.00,20.00,income_ledger,21811,0006918
2012-12-18,1000,Cash / Clearing,Charter #6110 - Res #007170 - unknown,20.00,0.00,income_ledger,21829,0006911
2012-12-18,41000,Charter Revenue,Charter #6110 - Res #007170 - unknown,0.00,20.00,income_ledger,21829,0006911
2012-12-18,1000,Cash / Clearing,Charter #6142 - Res #007198 - unknown,20.00,0.00,income_ledger,21830,0006914
2012-12-18,41000,Charter Revenue,Charter #6142 - Res #007198 - unknown,0.00,20.00,income_ledger,21830,0006914
2012-12-18,1000,Cash / Clearing,Charter #6141 - Res #007197 - unknown,20.00,0.00,income_ledger,21832,0006915
2012-12-18,41000,Charter Revenue,Charter #6141 - Res #007197 - unknown,0.00,20.00,income_ledger,21832,0006915
2012-12-18,1000,Cash / Clearing,Charter #6144 - Res #007200 - unknown,40.01,0.00,income_ledger,21833,0006916
2012-12-18,41000,Charter Revenue,Charter #6144 - Res #007200 - unknown,0.00,40.01,income_ledger,21833,0006916
2012-12-18,1000,Cash / Clearing,Charter #5799 - Res #006856 - unknown,120.00,0.00,income_ledger,21834,0006926
2012-12-18,41000,Charter Revenue,Charter #5799 - Res #006856 - unknown,0.00,120.00,income_ledger,21834,0006926
2012-12-18,1000,Cash / Clearing,Charter #6204 - Res #007266 - unknown,300.00,0.00,income_ledger,21835,0006922
2012-12-18,41000,Charter Revenue,Charter #6204 - Res #007266 - unknown,0.00,300.00,income_ledger,21835,0006922
2012-12-18,1000,Cash / Clearing,Charter #6118 - Res #007178 - unknown,20.00,0.00,income_ledger,21836,0006913
2012-12-18,41000,Charter Revenue,Charter #6118 - Res #007178 - unknown,0.00,20.00,income_ledger,21836,0006913
2012-12-18,1000,Cash / Clearing,Charter #6183 - Res #007243 - unknown,164.01,0.00,income_ledger,21837,0006925
2012-12-18,41000,Charter Revenue,Charter #6183 - Res #007243 - unknown,0.00,164.01,income_ledger,21837,0006925
2012-12-18,1000,Cash / Clearing,Charter #6157 - Res #007213 - unknown,20.00,0.00,income_ledger,21840,0006920
2012-12-18,41000,Charter Revenue,Charter #6157 - Res #007213 - unknown,0.00,20.00,income_ledger,21840,0006920
2012-12-18,1000,Cash / Clearing,Charter #6156 - Res #007212 - unknown,20.00,0.00,income_ledger,21931,0006917
2012-12-18,41000,Charter Revenue,Charter #6156 - Res #007212 - unknown,0.00,20.00,income_ledger,21931,0006917
2012-12-18,1000,Cash / Clearing,Charter #6094 - Res #007154 - unknown,20.00,0.00,income_ledger,22086,0006909
2012-12-18,41000,Charter Revenue,Charter #6094 - Res #007154 - unknown,0.00,20.00,income_ledger,22086,0006909
2012-12-18,1000,Cash / Clearing,Charter #6079 - Res #007139 - unknown,20.00,0.00,income_ledger,22294,0007548
2012-12-18,41000,Charter Revenue,Charter #6079 - Res #007139 - unknown,0.00,20.00,income_ledger,22294,0007548
2012-12-18,1000,Cash / Clearing,Charter #6078 - Res #007138 - unknown,20.00,0.00,income_ledger,22338,0007547
2012-12-18,41000,Charter Revenue,Charter #6078 - Res #007138 - unknown,0.00,20.00,income_ledger,22338,0007547
2012-12-18,1000,Cash / Clearing,Charter #5994 - Res #007053 - unknown,1687.40,0.00,income_ledger,22344,0007543
2012-12-18,41000,Charter Revenue,Charter #5994 - Res #007053 - unknown,0.00,1687.40,income_ledger,22344,0007543
2012-12-18,1000,Cash / Clearing,Charter #6202 - Res #007264 - unknown,195.00,0.00,income_ledger,22354,0007545
2012-12-18,41000,Charter Revenue,Charter #6202 - Res #007264 - unknown,0.00,195.00,income_ledger,22354,0007545
2012-12-18,1000,Cash / Clearing,Charter #6203 - Res #007265 - unknown,195.00,0.00,income_ledger,22380,0007546
2012-12-18,41000,Charter Revenue,Charter #6203 - Res #007265 - unknown,0.00,195.00,income_ledger,22380,0007546
2012-12-18,1000,Cash / Clearing,Charter #6093 - Res #007153 - unknown,20.00,0.00,income_ledger,22649,0007969
2012-12-18,41000,Charter Revenue,Charter #6093 - Res #007153 - unknown,0.00,20.00,income_ledger,22649,0007969
2012-12-19,1000,Cash / Clearing,Charter #6128 - Res #007233 - unknown,200.00,0.00,income_ledger,18967,0007258
2012-12-19,41000,Charter Revenue,Charter #6128 - Res #007233 - unknown,0.00,200.00,income_ledger,18967,0007258
2012-12-19,1000,Cash / Clearing,Charter #5911 - Res #006969 - unknown,26.25,0.00,income_ledger,19624,0006933
2012-12-19,41000,Charter Revenue,Charter #5911 - Res #006969 - unknown,0.00,26.25,income_ledger,19624,0006933
2012-12-19,1000,Cash / Clearing,Charter #5909 - Res #006967 - unknown,190.50,0.00,income_ledger,19625,0006932
2012-12-19,41000,Charter Revenue,Charter #5909 - Res #006967 - unknown,0.00,190.50,income_ledger,19625,0006932
2012-12-19,1000,Cash / Clearing,Charter #6190 - Res #007252 - unknown,200.00,0.00,income_ledger,20375,0006929
2012-12-19,41000,Charter Revenue,Charter #6190 - Res #007252 - unknown,0.00,200.00,income_ledger,20375,0006929
2012-12-19,1000,Cash / Clearing,Charter #6185 - Res #007245 - unknown,1095.00,0.00,income_ledger,21816,0006937
2012-12-19,41000,Charter Revenue,Charter #6185 - Res #007245 - unknown,0.00,1095.00,income_ledger,21816,0006937
2012-12-19,1000,Cash / Clearing,Charter #5910 - Res #006968 - unknown,201.00,0.00,income_ledger,21818,0006934
2012-12-19,41000,Charter Revenue,Charter #5910 - Res #006968 - unknown,0.00,201.00,income_ledger,21818,0006934
2012-12-19,1000,Cash / Clearing,Charter #6184 - Res #007244 - unknown,480.00,0.00,income_ledger,21831,0006930
2012-12-19,41000,Charter Revenue,Charter #6184 - Res #007244 - unknown,0.00,480.00,income_ledger,21831,0006930
2012-12-19,1000,Cash / Clearing,Charter #6179 - Res #007239 - unknown,1204.18,0.00,income_ledger,21841,0006927
2012-12-19,41000,Charter Revenue,Charter #6179 - Res #007239 - unknown,0.00,1204.18,income_ledger,21841,0006927
2012-12-19,1000,Cash / Clearing,Charter #6129 - Res #007234 - unknown,0.01,0.00,income_ledger,21842,0006935
2012-12-19,41000,Charter Revenue,Charter #6129 - Res #007234 - unknown,0.00,0.01,income_ledger,21842,0006935
2012-12-20,1000,Cash / Clearing,Charter #6070 - Res #007130 - unknown,120.00,0.00,income_ledger,20376,0006940
2012-12-20,41000,Charter Revenue,Charter #6070 - Res #007130 - unknown,0.00,120.00,income_ledger,20376,0006940
2012-12-20,1000,Cash / Clearing,Charter #6085 - Res #007145 - unknown,-175.00,0.00,income_ledger,21817,0006943
2012-12-20,41000,Charter Revenue,Charter #6085 - Res #007145 - unknown,0.00,-175.00,income_ledger,21817,0006943
2012-12-20,1000,Cash / Clearing,Charter #6143 - Res #007199 - unknown,100.00,0.00,income_ledger,21839,0006938
2012-12-20,41000,Charter Revenue,Charter #6143 - Res #007199 - unknown,0.00,100.00,income_ledger,21839,0006938
2012-12-20,1000,Cash / Clearing,Charter #6084 - Res #007144 - unknown,518.00,0.00,income_ledger,21843,0006952
2012-12-20,41000,Charter Revenue,Charter #6084 - Res #007144 - unknown,0.00,518.00,income_ledger,21843,0006952
2012-12-20,1000,Cash / Clearing,Charter #6211 - Res #007273 - unknown,339.25,0.00,income_ledger,21844,0006945
2012-12-20,41000,Charter Revenue,Charter #6211 - Res #007273 - unknown,0.00,339.25,income_ledger,21844,0006945
2012-12-20,1000,Cash / Clearing,Charter #6212 - Res #007274 - unknown,514.27,0.00,income_ledger,21845,0006951
2012-12-20,41000,Charter Revenue,Charter #6212 - Res #007274 - unknown,0.00,514.27,income_ledger,21845,0006951
2012-12-20,1000,Cash / Clearing,Charter #6070 - Res #007130 - unknown,80.00,0.00,income_ledger,21847,0006941
2012-12-20,41000,Charter Revenue,Charter #6070 - Res #007130 - unknown,0.00,80.00,income_ledger,21847,0006941
2012-12-20,1000,Cash / Clearing,Charter #5912 - Res #006970 - unknown,375.11,0.00,income_ledger,21869,0006942
2012-12-20,41000,Charter Revenue,Charter #5912 - Res #006970 - unknown,0.00,375.11,income_ledger,21869,0006942
2012-12-20,1000,Cash / Clearing,Charter #6080 - Res #007140 - unknown,163.74,0.00,income_ledger,21993,0006948
2012-12-20,41000,Charter Revenue,Charter #6080 - Res #007140 - unknown,0.00,163.74,income_ledger,21993,0006948
2012-12-20,1000,Cash / Clearing,Charter #6049 - Res #007109 - unknown,180.00,0.00,income_ledger,22004,0006946
2012-12-20,41000,Charter Revenue,Charter #6049 - Res #007109 - unknown,0.00,180.00,income_ledger,22004,0006946
2012-12-20,1000,Cash / Clearing,Charter #6070 - Res #007130 - unknown,290.00,0.00,income_ledger,22007,0006947
2012-12-20,41000,Charter Revenue,Charter #6070 - Res #007130 - unknown,0.00,290.00,income_ledger,22007,0006947
2012-12-20,1000,Cash / Clearing,Charter #6081 - Res #007141 - unknown,338.74,0.00,income_ledger,22049,0006949
2012-12-20,41000,Charter Revenue,Charter #6081 - Res #007141 - unknown,0.00,338.74,income_ledger,22049,0006949
2012-12-20,1000,Cash / Clearing,Charter #6209 - Res #007271 - unknown,0.01,0.00,income_ledger,22124,0007263
2012-12-20,41000,Charter Revenue,Charter #6209 - Res #007271 - unknown,0.00,0.01,income_ledger,22124,0007263
2012-12-20,1000,Cash / Clearing,Charter #6085 - Res #007145 - unknown,442.75,0.00,income_ledger,22145,0006944
2012-12-20,41000,Charter Revenue,Charter #6085 - Res #007145 - unknown,0.00,442.75,income_ledger,22145,0006944
2012-12-20,1000,Cash / Clearing,Charter #6085 - Res #007145 - unknown,50.12,0.00,income_ledger,22670,0006950
2012-12-20,41000,Charter Revenue,Charter #6085 - Res #007145 - unknown,0.00,50.12,income_ledger,22670,0006950
2012-12-20,1000,Cash / Clearing,Charter #6209 - Res #007271 - unknown,0.01,0.00,income_ledger,22672,0006939
2012-12-20,41000,Charter Revenue,Charter #6209 - Res #007271 - unknown,0.00,0.01,income_ledger,22672,0006939
2012-12-21,1000,Cash / Clearing,Charter #5900 - Res #006958 - unknown,156.00,0.00,income_ledger,19095,0007279
2012-12-21,41000,Charter Revenue,Charter #5900 - Res #006958 - unknown,0.00,156.00,income_ledger,19095,0007279
2012-12-21,1000,Cash / Clearing,Charter #5658 - Res #006713 - unknown,439.00,0.00,income_ledger,19109,0007280
2012-12-21,41000,Charter Revenue,Charter #5658 - Res #006713 - unknown,0.00,439.00,income_ledger,19109,0007280
2012-12-21,1000,Cash / Clearing,Charter #6216 - Res #007278 - unknown,214.50,0.00,income_ledger,21846,0006953
2012-12-21,41000,Charter Revenue,Charter #6216 - Res #007278 - unknown,0.00,214.50,income_ledger,21846,0006953
2012-12-21,1000,Cash / Clearing,Charter #6217 - Res #007279 - unknown,1670.62,0.00,income_ledger,21857,0006954
2012-12-21,41000,Charter Revenue,Charter #6217 - Res #007279 - unknown,0.00,1670.62,income_ledger,21857,0006954
2012-12-22,1000,Cash / Clearing,Charter #6221 - Res #007283 - unknown,40.00,0.00,income_ledger,21848,0006957
2012-12-22,41000,Charter Revenue,Charter #6221 - Res #007283 - unknown,0.00,40.00,income_ledger,21848,0006957
2012-12-22,1000,Cash / Clearing,Charter #6222 - Res #007284 - unknown,60.00,0.00,income_ledger,21849,0006958
2012-12-22,41000,Charter Revenue,Charter #6222 - Res #007284 - unknown,0.00,60.00,income_ledger,21849,0006958
2012-12-24,1000,Cash / Clearing,Charter #6114 - Res #007174 - unknown,400.00,0.00,income_ledger,21854,0006959
2012-12-24,41000,Charter Revenue,Charter #6114 - Res #007174 - unknown,0.00,400.00,income_ledger,21854,0006959
2012-12-24,1000,Cash / Clearing,Charter #6225 - Res #007287 - unknown,175.00,0.00,income_ledger,21856,0006962
2012-12-24,41000,Charter Revenue,Charter #6225 - Res #007287 - unknown,0.00,175.00,income_ledger,21856,0006962
2012-12-24,1000,Cash / Clearing,Charter #6215 - Res #007277 - unknown,250.00,0.00,income_ledger,21873,0006960
2012-12-24,41000,Charter Revenue,Charter #6215 - Res #007277 - unknown,0.00,250.00,income_ledger,21873,0006960
2012-12-24,1000,Cash / Clearing,Charter #6224 - Res #007286 - unknown,0.01,0.00,income_ledger,22125,0007285
2012-12-24,41000,Charter Revenue,Charter #6224 - Res #007286 - unknown,0.00,0.01,income_ledger,22125,0007285
2012-12-26,1000,Cash / Clearing,Charter #6219 - Res #007281 - unknown,1020.00,0.00,income_ledger,21852,0006963
2012-12-26,41000,Charter Revenue,Charter #6219 - Res #007281 - unknown,0.00,1020.00,income_ledger,21852,0006963
2012-12-26,1000,Cash / Clearing,Charter #6219 - Res #007281 - unknown,200.00,0.00,income_ledger,21972,0006964
2012-12-26,41000,Charter Revenue,Charter #6219 - Res #007281 - unknown,0.00,200.00,income_ledger,21972,0006964
2012-12-27,1000,Cash / Clearing,Charter #6228 - Res #007290 - credit_adjustment,300.00,0.00,income_ledger,19465,0007291
2012-12-27,41000,Charter Revenue,Charter #6228 - Res #007290 - credit_adjustment,0.00,300.00,income_ledger,19465,0007291
2012-12-27,1000,Cash / Clearing,Charter #6226 - Res #007288 - credit_card,250.01,0.00,income_ledger,20610,0007289
2012-12-27,41000,Charter Revenue,Charter #6226 - Res #007288 - credit_card,0.00,250.01,income_ledger,20610,0007289
2012-12-27,1000,Cash / Clearing,Charter #6084 - Res #007144 - unknown,-61.50,0.00,income_ledger,21971,0006966
2012-12-27,41000,Charter Revenue,Charter #6084 - Res #007144 - unknown,0.00,-61.50,income_ledger,21971,0006966
2012-12-27,1000,Cash / Clearing,Charter #6225 - Res #007287 - unknown,112.50,0.00,income_ledger,22030,0007248
2012-12-27,41000,Charter Revenue,Charter #6225 - Res #007287 - unknown,0.00,112.50,income_ledger,22030,0007248
2012-12-27,1000,Cash / Clearing,Charter #6229 - Res #007291 - unknown,0.01,0.00,income_ledger,22031,0007248
2012-12-27,41000,Charter Revenue,Charter #6229 - Res #007291 - unknown,0.00,0.01,income_ledger,22031,0007248
2012-12-27,1000,Cash / Clearing,Charter #6225 - Res #007287 - unknown,320.00,0.00,income_ledger,22033,0007248
2012-12-27,41000,Charter Revenue,Charter #6225 - Res #007287 - unknown,0.00,320.00,income_ledger,22033,0007248
2012-12-27,1000,Cash / Clearing,Charter #6227 - Res #007289 - unknown,231.00,0.00,income_ledger,22037,0007248
2012-12-27,41000,Charter Revenue,Charter #6227 - Res #007289 - unknown,0.00,231.00,income_ledger,22037,0007248
2012-12-28,1000,Cash / Clearing,Charter #5765 - Res #006822 - unknown,82.50,0.00,income_ledger,19093,0007307
2012-12-28,41000,Charter Revenue,Charter #5765 - Res #006822 - unknown,0.00,82.50,income_ledger,19093,0007307
2012-12-28,1000,Cash / Clearing,Charter #6089 - Res #007149 - unknown,225.00,0.00,income_ledger,19104,0007319
2012-12-28,41000,Charter Revenue,Charter #6089 - Res #007149 - unknown,0.00,225.00,income_ledger,19104,0007319
2012-12-28,1000,Cash / Clearing,Charter #5388 - Res #006441 - unknown,140.65,0.00,income_ledger,19262,0007259
2012-12-28,41000,Charter Revenue,Charter #5388 - Res #006441 - unknown,0.00,140.65,income_ledger,19262,0007259
2012-12-28,1000,Cash / Clearing,Charter #6197 - Res #007259 - unknown,100.01,0.00,income_ledger,19643,0007253
2012-12-28,41000,Charter Revenue,Charter #6197 - Res #007259 - unknown,0.00,100.01,income_ledger,19643,0007253
2012-12-28,1000,Cash / Clearing,Charter #5767 - Res #006824 - unknown,82.50,0.00,income_ledger,19787,0007306
2012-12-28,41000,Charter Revenue,Charter #5767 - Res #006824 - unknown,0.00,82.50,income_ledger,19787,0007306
2012-12-28,1000,Cash / Clearing,Charter #6219 - Res #007281 - trade_of_services,16.13,0.00,income_ledger,20395,0007299
2012-12-28,41000,Charter Revenue,Charter #6219 - Res #007281 - trade_of_services,0.00,16.13,income_ledger,20395,0007299
2012-12-28,1000,Cash / Clearing,Charter #6167 - Res #007223 - check,-0.10,0.00,income_ledger,20649,0007311
2012-12-28,41000,Charter Revenue,Charter #6167 - Res #007223 - check,0.00,-0.10,income_ledger,20649,0007311
2012-12-28,1000,Cash / Clearing,Charter #4670 - Res #005705 - unknown,875.00,0.00,income_ledger,21905,0007259
2012-12-28,41000,Charter Revenue,Charter #4670 - Res #005705 - unknown,0.00,875.00,income_ledger,21905,0007259
2012-12-28,1000,Cash / Clearing,Charter #5537 - Res #006701 - unknown,0.01,0.00,income_ledger,21916,0007259
2012-12-28,41000,Charter Revenue,Charter #5537 - Res #006701 - unknown,0.00,0.01,income_ledger,21916,0007259
2012-12-28,1000,Cash / Clearing,Charter #5893 - Res #006951 - unknown,900.00,0.00,income_ledger,22036,0007248
2012-12-28,41000,Charter Revenue,Charter #5893 - Res #006951 - unknown,0.00,900.00,income_ledger,22036,0007248
2012-12-28,1000,Cash / Clearing,Charter #5499 - Res #006553 - unknown,-26.25,0.00,income_ledger,22039,0007248
2012-12-28,41000,Charter Revenue,Charter #5499 - Res #006553 - unknown,0.00,-26.25,income_ledger,22039,0007248
2012-12-28,1000,Cash / Clearing,Charter #5498 - Res #006552 - unknown,-26.25,0.00,income_ledger,22041,0007248
2012-12-28,41000,Charter Revenue,Charter #5498 - Res #006552 - unknown,0.00,-26.25,income_ledger,22041,0007248
2012-12-28,1000,Cash / Clearing,Charter #6088 - Res #007148 - unknown,110.00,0.00,income_ledger,22045,0007266
2012-12-28,41000,Charter Revenue,Charter #6088 - Res #007148 - unknown,0.00,110.00,income_ledger,22045,0007266
2012-12-28,1000,Cash / Clearing,Charter #6230 - Res #007292 - unknown,300.00,0.00,income_ledger,22060,0007251
2012-12-28,41000,Charter Revenue,Charter #6230 - Res #007292 - unknown,0.00,300.00,income_ledger,22060,0007251
2012-12-28,1000,Cash / Clearing,Charter #6075 - Res #007135 - unknown,44.00,0.00,income_ledger,22072,0007379
2012-12-28,41000,Charter Revenue,Charter #6075 - Res #007135 - unknown,0.00,44.00,income_ledger,22072,0007379
2012-12-28,1000,Cash / Clearing,Charter #6181 - Res #007241 - unknown,720.00,0.00,income_ledger,22076,0007269
2012-12-28,41000,Charter Revenue,Charter #6181 - Res #007241 - unknown,0.00,720.00,income_ledger,22076,0007269
2012-12-28,1000,Cash / Clearing,Charter #5637 - Res #006676 - unknown,110.00,0.00,income_ledger,22077,0007261
2012-12-28,41000,Charter Revenue,Charter #5637 - Res #006676 - unknown,0.00,110.00,income_ledger,22077,0007261
2012-12-28,1000,Cash / Clearing,Charter #5234 - Res #006287 - unknown,1200.00,0.00,income_ledger,22079,0007262
2012-12-28,41000,Charter Revenue,Charter #5234 - Res #006287 - unknown,0.00,1200.00,income_ledger,22079,0007262
2012-12-28,1000,Cash / Clearing,Charter #6208 - Res #007270 - unknown,353.13,0.00,income_ledger,22095,0007256
2012-12-28,41000,Charter Revenue,Charter #6208 - Res #007270 - unknown,0.00,353.13,income_ledger,22095,0007256
2012-12-28,1000,Cash / Clearing,Charter #6214 - Res #007276 - unknown,82.50,0.00,income_ledger,22103,0007255
2012-12-28,41000,Charter Revenue,Charter #6214 - Res #007276 - unknown,0.00,82.50,income_ledger,22103,0007255
2012-12-28,1000,Cash / Clearing,Charter #6085 - Res #007145 - unknown,192.50,0.00,income_ledger,22106,0007254
2012-12-28,41000,Charter Revenue,Charter #6085 - Res #007145 - unknown,0.00,192.50,income_ledger,22106,0007254
2012-12-28,1000,Cash / Clearing,Charter #5730 - Res #006782 - unknown,0.36,0.00,income_ledger,22122,0007275
2012-12-28,41000,Charter Revenue,Charter #5730 - Res #006782 - unknown,0.00,0.36,income_ledger,22122,0007275
2012-12-28,1000,Cash / Clearing,Charter #5852 - Res #006909 - unknown,2089.16,0.00,income_ledger,22123,0007277
2012-12-28,41000,Charter Revenue,Charter #5852 - Res #006909 - unknown,0.00,2089.16,income_ledger,22123,0007277
2012-12-28,1000,Cash / Clearing,Charter #6213 - Res #007275 - unknown,360.00,0.00,income_ledger,22132,0007272
2012-12-28,41000,Charter Revenue,Charter #6213 - Res #007275 - unknown,0.00,360.00,income_ledger,22132,0007272
2012-12-28,1000,Cash / Clearing,Charter #5940 - Res #007024 - unknown,192.50,0.00,income_ledger,22137,0007274
2012-12-28,41000,Charter Revenue,Charter #5940 - Res #007024 - unknown,0.00,192.50,income_ledger,22137,0007274
2012-12-28,1000,Cash / Clearing,Charter #5604 - Res #006643 - unknown,0.01,0.00,income_ledger,22140,0007276
2012-12-28,41000,Charter Revenue,Charter #5604 - Res #006643 - unknown,0.00,0.01,income_ledger,22140,0007276
2012-12-28,1000,Cash / Clearing,Charter #6091 - Res #007151 - unknown,191.25,0.00,income_ledger,22141,0007273
2012-12-28,41000,Charter Revenue,Charter #6091 - Res #007151 - unknown,0.00,191.25,income_ledger,22141,0007273
2012-12-28,1000,Cash / Clearing,Charter #6145 - Res #007201 - unknown,80.00,0.00,income_ledger,22143,0007270
2012-12-28,41000,Charter Revenue,Charter #6145 - Res #007201 - unknown,0.00,80.00,income_ledger,22143,0007270
2012-12-28,1000,Cash / Clearing,Charter #5231 - Res #006284 - unknown,1121.25,0.00,income_ledger,22161,0007264
2012-12-28,41000,Charter Revenue,Charter #5231 - Res #006284 - unknown,0.00,1121.25,income_ledger,22161,0007264
2012-12-28,1000,Cash / Clearing,Charter #5150 - Res #006203 - unknown,717.74,0.00,income_ledger,22162,0007265
2012-12-28,41000,Charter Revenue,Charter #5150 - Res #006203 - unknown,0.00,717.74,income_ledger,22162,0007265
2012-12-28,1000,Cash / Clearing,Charter #6090 - Res #007150 - unknown,191.25,0.00,income_ledger,22163,0007271
2012-12-28,41000,Charter Revenue,Charter #6090 - Res #007150 - unknown,0.00,191.25,income_ledger,22163,0007271
2012-12-28,1000,Cash / Clearing,Charter #6219 - Res #007281 - unknown,16.13,0.00,income_ledger,22205,0007249
2012-12-28,41000,Charter Revenue,Charter #6219 - Res #007281 - unknown,0.00,16.13,income_ledger,22205,0007249
2012-12-28,1000,Cash / Clearing,Charter #6205 - Res #007267 - unknown,0.01,0.00,income_ledger,22973,0007278
2012-12-28,41000,Charter Revenue,Charter #6205 - Res #007267 - unknown,0.00,0.01,income_ledger,22973,0007278
2012-12-28,1000,Cash / Clearing,Charter #6232 - Res #007294 - unknown,75.00,0.00,income_ledger,25205,
2012-12-28,41000,Charter Revenue,Charter #6232 - Res #007294 - unknown,0.00,75.00,income_ledger,25205,
2012-12-29,1000,Cash / Clearing,Charter #6220 - Res #007282 - unknown,420.00,0.00,income_ledger,19113,0007330
2012-12-29,41000,Charter Revenue,Charter #6220 - Res #007282 - unknown,0.00,420.00,income_ledger,19113,0007330
2012-12-29,1000,Cash / Clearing,Charter #6220 - Res #007282 - unknown,420.00,0.00,income_ledger,19116,0007331
2012-12-29,41000,Charter Revenue,Charter #6220 - Res #007282 - unknown,0.00,420.00,income_ledger,19116,0007331
2012-12-29,1000,Cash / Clearing,Charter #6220 - Res #007282 - unknown,257.50,0.00,income_ledger,19122,0007332
2012-12-29,41000,Charter Revenue,Charter #6220 - Res #007282 - unknown,0.00,257.50,income_ledger,19122,0007332
2012-12-29,1000,Cash / Clearing,Charter #6070 - Res #007130 - unknown,150.00,0.00,income_ledger,22144,0007282
2012-12-29,41000,Charter Revenue,Charter #6070 - Res #007130 - unknown,0.00,150.00,income_ledger,22144,0007282
2012-12-30,1000,Cash / Clearing,Charter #6070 - Res #007130 - unknown,92.50,0.00,income_ledger,22111,0007284
2012-12-30,41000,Charter Revenue,Charter #6070 - Res #007130 - unknown,0.00,92.50,income_ledger,22111,0007284
2012-12-30,1000,Cash / Clearing,Charter #6237 - Res #007299 - unknown,20.00,0.00,income_ledger,22148,0007283
2012-12-30,41000,Charter Revenue,Charter #6237 - Res #007299 - unknown,0.00,20.00,income_ledger,22148,0007283
2012-12-30,1000,Cash / Clearing,Charter #6230 - Res #007292 - unknown,782.00,0.00,income_ledger,22150,0007286
2012-12-30,41000,Charter Revenue,Charter #6230 - Res #007292 - unknown,0.00,782.00,income_ledger,22150,0007286
2012-12-30,1000,Cash / Clearing,Charter #6235 - Res #007297 - unknown,0.01,0.00,income_ledger,22154,0007287
2012-12-30,41000,Charter Revenue,Charter #6235 - Res #007297 - unknown,0.00,0.01,income_ledger,22154,0007287
2012-12-31,1000,Cash / Clearing,Charter #6242 - Res #007304 - unknown,82.50,0.00,income_ledger,13345,
2012-12-31,41000,Charter Revenue,Charter #6242 - Res #007304 - unknown,0.00,82.50,income_ledger,13345,
2012-12-31,1000,Cash / Clearing,Charter #6236 - Res #007298 - unknown,0.01,0.00,income_ledger,22151,0007292
2012-12-31,41000,Charter Revenue,Charter #6236 - Res #007298 - unknown,0.00,0.01,income_ledger,22151,0007292
2012-12-31,1000,Cash / Clearing,Charter #6244 - Res #007306 - unknown,260.00,0.00,income_ledger,22152,0007293
2012-12-31,41000,Charter Revenue,Charter #6244 - Res #007306 - unknown,0.00,260.00,income_ledger,22152,0007293
2012-12-31,1000,Cash / Clearing,Charter #6241 - Res #007303 - unknown,82.50,0.00,income_ledger,22153,0007289
2012-12-31,41000,Charter Revenue,Charter #6241 - Res #007303 - unknown,0.00,82.50,income_ledger,22153,0007289
2012-12-31,1000,Cash / Clearing,Charter #6223 - Res #007285 - unknown,187.00,0.00,income_ledger,22155,0007288
2012-12-31,41000,Charter Revenue,Charter #6223 - Res #007285 - unknown,0.00,187.00,income_ledger,22155,0007288
2012-12-31,1000,Cash / Clearing,Charter #6246 - Res #007308 - unknown,594.98,0.00,income_ledger,22156,0007294
2012-12-31,41000,Charter Revenue,Charter #6246 - Res #007308 - unknown,0.00,594.98,income_ledger,22156,0007294
2012-12-31,1000,Cash / Clearing,Charter #6243 - Res #007305 - unknown,205.00,0.00,income_ledger,22274,0007291
2012-12-31,41000,Charter Revenue,Charter #6243 - Res #007305 - unknown,0.00,205.00,income_ledger,22274,0007291
2012-01-01,5110,BANKING,FUEL,48.60,0.00,receipts,215016,BANKING_IMPORT
2012-01-01,1000,Cash / Clearing,FUEL,0.00,48.60,receipts,215016,BANKING_IMPORT
2012-01-01,2550,BANKING,WATER,0.08,0.00,receipts,215017,BANKING_IMPORT
2012-01-01,1000,Cash / Clearing,WATER,0.00,0.08,receipts,215017,BANKING_IMPORT
2012-01-01,5110,BANKING,FUEL,20.00,0.00,receipts,215198,
2012-01-01,1000,Cash / Clearing,FUEL,0.00,20.00,receipts,215198,
2012-01-01,5110,BANKING,FUEL,30.00,0.00,receipts,215233,
2012-01-01,1000,Cash / Clearing,FUEL,0.00,30.00,receipts,215233,
2012-01-01,5110,BANKING,oil,5.81,0.00,receipts,215286,
2012-01-01,1000,Cash / Clearing,oil,0.00,5.81,receipts,215286,
2012-01-01,5740,BANKING,EDMONTON AIRPORT AUTHORITY,30.00,0.00,receipts,215295,
2012-01-01,1000,Cash / Clearing,EDMONTON AIRPORT AUTHORITY,0.00,30.00,receipts,215295,
2012-01-01,5116,BANKING,ice,6.68,0.00,receipts,215329,
2012-01-01,1000,Cash / Clearing,ice,0.00,6.68,receipts,215329,
2012-01-01,5110,BANKING,CENTEX,46.01,0.00,receipts,215593,
2012-01-01,1000,Cash / Clearing,CENTEX,0.00,46.01,receipts,215593,
2012-01-01,5116,BANKING,UPTOWN LIQUOR STORE,10.39,0.00,receipts,215672,
2012-01-01,1000,Cash / Clearing,UPTOWN LIQUOR STORE,0.00,10.39,receipts,215672,
2012-01-01,2550,BANKING,WINDSHIELD WASH,8.00,0.00,receipts,217018,
2012-01-01,1000,Cash / Clearing,WINDSHIELD WASH,0.00,8.00,receipts,217018,
2012-01-01,5870,BANKING,SHIPPING DOCUMENTS,28.25,0.00,receipts,217208,
2012-01-01,1000,Cash / Clearing,SHIPPING DOCUMENTS,0.00,28.25,receipts,217208,
2012-01-01,5120,BANKING,MUFFLER,814.22,0.00,receipts,217210,
2012-01-01,1000,Cash / Clearing,MUFFLER,0.00,814.22,receipts,217210,
2012-01-01,5110,BANKING,CENTEX,89.50,0.00,receipts,217232,
2012-01-01,1000,Cash / Clearing,CENTEX,0.00,89.50,receipts,217232,
2012-01-01,5420,BANKING,MARK'S STORE #3,62.97,0.00,receipts,217248,
2012-01-01,1000,Cash / Clearing,MARK'S STORE #3,0.00,62.97,receipts,217248,
2012-01-01,2550,BANKING,FUEL AND OIL,77.34,0.00,receipts,217328,
2012-01-01,1000,Cash / Clearing,FUEL AND OIL,0.00,77.34,receipts,217328,
2012-01-01,2550,BANKING,ESSO,50.00,0.00,receipts,217329,
2012-01-01,1000,Cash / Clearing,ESSO,0.00,50.00,receipts,217329,
2012-01-01,5120,BANKING,DATE NOT ON RECEIPT REPAIR SLIDER,6.30,0.00,receipts,217375,
2012-01-01,1000,Cash / Clearing,DATE NOT ON RECEIPT REPAIR SLIDER,0.00,6.30,receipts,217375,
2012-01-01,5320,BANKING,GEORGE'S PIZZA & STEAK,12.08,0.00,receipts,217379,
2012-01-01,1000,Cash / Clearing,GEORGE'S PIZZA & STEAK,0.00,12.08,receipts,217379,
2012-01-01,5116,"Client Amenities - Food, Coffee, Supplies",ice,3.09,0.00,receipts,217382,
2012-01-01,1000,Cash / Clearing,ice,0.00,3.09,receipts,217382,
2012-01-01,5116,"Client Amenities - Food, Coffee, Supplies",ice,37.77,0.00,receipts,217383,
2012-01-01,1000,Cash / Clearing,ice,0.00,37.77,receipts,217383,
2012-01-01,5116,"Client Amenities - Food, Coffee, Supplies",ice,14.24,0.00,receipts,217384,
2012-01-01,1000,Cash / Clearing,ice,0.00,14.24,receipts,217384,
2012-01-01,5116,"Client Amenities - Food, Coffee, Supplies",ice,9.27,0.00,receipts,217385,
2012-01-01,1000,Cash / Clearing,ice,0.00,9.27,receipts,217385,
2012-01-01,5116,"Client Amenities - Food, Coffee, Supplies",ice,9.27,0.00,receipts,217386,
2012-01-01,1000,Cash / Clearing,ice,0.00,9.27,receipts,217386,
2012-01-01,5320,BANKING,SWIGS & SWINE,14.17,0.00,receipts,217572,
2012-01-01,1000,Cash / Clearing,SWIGS & SWINE,0.00,14.17,receipts,217572,
2012-01-02,5110,BANKING,SHELL,26.00,0.00,receipts,215222,
2012-01-02,1000,Cash / Clearing,SHELL,0.00,26.00,receipts,215222,
2012-01-02,5540,BANKING,CLEINT MUSIC,210.26,0.00,receipts,217330,
2012-01-02,1000,Cash / Clearing,CLEINT MUSIC,0.00,210.26,receipts,217330,
2012-01-02,5320,BANKING,HUMPTYS,11.45,0.00,receipts,217567,
2012-01-02,1000,Cash / Clearing,HUMPTYS,0.00,11.45,receipts,217567,
2012-01-03,6900,BANKING,PURCHASE,4.80,0.00,receipts,140977,BANKING_IMPORT
2012-01-03,1000,Cash / Clearing,PURCHASE,0.00,4.80,receipts,140977,BANKING_IMPORT
2012-01-03,5880,Owner Personal (Non-Deductible),BED BATH AND BEYOND,78.70,0.00,receipts,140984,BANKING_IMPORT
2012-01-03,1000,Cash / Clearing,BED BATH AND BEYOND,0.00,78.70,receipts,140984,BANKING_IMPORT
2012-01-03,5116,Client Hospitality - Charter Supplies,"balance from chq 197, $550.00, paid off",457.25,0.00,receipts,145289,21160
2012-01-03,1000,Cash / Clearing,"balance from chq 197, $550.00, paid off",0.00,457.25,receipts,145289,21160
2012-01-03,5710,Bank Fees & Service Charges,GTI Petroleum,93.82,0.00,receipts,150305,BANKING_IMPORT
2012-01-03,1000,Cash / Clearing,GTI Petroleum,0.00,93.82,receipts,150305,BANKING_IMPORT
2012-01-03,5110,Fuel,CENTEX,63.50,0.00,receipts,214120,96281
2012-01-03,1000,Cash / Clearing,CENTEX,0.00,63.50,receipts,214120,96281
2012-01-03,5110,Fuel,CENTEX,15.45,0.00,receipts,214121,96286
2012-01-03,1000,Cash / Clearing,CENTEX,0.00,15.45,receipts,214121,96286
2012-01-03,5110,Fuel,CENTEX,29.00,0.00,receipts,214122,96287
2012-01-03,1000,Cash / Clearing,CENTEX,0.00,29.00,receipts,214122,96287
2012-01-03,5120,Vehicle Maintenance & Repairs,ERLES AUTO REPAIR,308.70,0.00,receipts,214242,99420
2012-01-03,1000,Cash / Clearing,ERLES AUTO REPAIR,0.00,308.70,receipts,214242,99420
2012-01-03,5116,"Client Amenities - Food, Coffee, Supplies",REAL CANADIAN SUPER STORE,37.16,0.00,receipts,214245,99426
2012-01-03,1000,Cash / Clearing,REAL CANADIAN SUPER STORE,0.00,37.16,receipts,214245,99426
2012-01-03,5110,Fuel,RUN'N ON EMPTY,114.00,0.00,receipts,214246,99427
2012-01-03,1000,Cash / Clearing,RUN'N ON EMPTY,0.00,114.00,receipts,214246,99427
2012-01-03,5110,BANKING,fuel,60.01,0.00,receipts,214862,BANKING_IMPORT
2012-01-03,1000,Cash / Clearing,fuel,0.00,60.01,receipts,214862,BANKING_IMPORT
2012-01-03,5116,BANKING,pepsi and Klenex,4.06,0.00,receipts,214863,BANKING_IMPORT
2012-01-03,1000,Cash / Clearing,pepsi and Klenex,0.00,4.06,receipts,214863,BANKING_IMPORT
2012-01-03,5110,BANKING,CENTEX,64.00,0.00,receipts,214971,
2012-01-03,1000,Cash / Clearing,CENTEX,0.00,64.00,receipts,214971,
2012-01-03,5710,Bank Fees & Service Charges,BANK TRANSFER,2200.00,0.00,receipts,216321,BANKING_IMPORT
2012-01-03,1000,Cash / Clearing,BANK TRANSFER,0.00,2200.00,receipts,216321,BANKING_IMPORT
2012-01-03,5710,Bank Fees & Service Charges,GLOBAL MERCHANT FEES,2197.71,0.00,receipts,216322,BANKING_IMPORT
2012-01-03,1000,Cash / Clearing,GLOBAL MERCHANT FEES,0.00,2197.71,receipts,216322,BANKING_IMPORT
2012-01-03,1015,Petty Cash,PETTY CASH FUNDING,500.00,0.00,receipts,217630,BANKING_IMPORT
2012-01-03,1000,Cash / Clearing,PETTY CASH FUNDING,0.00,500.00,receipts,217630,BANKING_IMPORT
2012-01-03,1015,Petty Cash,PETTY CASH FUNDING,140.00,0.00,receipts,217631,BANKING_IMPORT
2012-01-03,1000,Cash / Clearing,PETTY CASH FUNDING,0.00,140.00,receipts,217631,BANKING_IMPORT
2012-01-03,2910,BANKING,CHQ 197 106.7 The Drive,550.00,0.00,receipts,217673,BANKING_IMPORT
2012-01-03,1000,Cash / Clearing,CHQ 197 106.7 The Drive,0.00,550.00,receipts,217673,BANKING_IMPORT
2012-01-03,2910,BANKING,BED BATH & BEYOND,78.70,0.00,receipts,217804,BANKING_IMPORT
2012-01-03,1000,Cash / Clearing,BED BATH & BEYOND,0.00,78.70,receipts,217804,BANKING_IMPORT
2012-01-03,2910,BANKING,"E-TRANSFER Keech, Kris",570.56,0.00,receipts,217805,BANKING_IMPORT
2012-01-03,1000,Cash / Clearing,"E-TRANSFER Keech, Kris",0.00,570.56,receipts,217805,BANKING_IMPORT
2012-01-03,2910,BANKING,GTI Petroleum,93.82,0.00,receipts,217806,BANKING_IMPORT
2012-01-03,1000,Cash / Clearing,GTI Petroleum,0.00,93.82,receipts,217806,BANKING_IMPORT
2012-01-03,2910,BANKING,Mr Suds,4.80,0.00,receipts,217807,BANKING_IMPORT
2012-01-03,1000,Cash / Clearing,Mr Suds,0.00,4.80,receipts,217807,BANKING_IMPORT
2012-01-03,2910,BANKING,ERLES AUTO REPAIR,308.70,0.00,receipts,217808,BANKING_IMPORT
2012-01-03,1000,Cash / Clearing,ERLES AUTO REPAIR,0.00,308.70,receipts,217808,BANKING_IMPORT
2012-01-03,2910,"Client Amenities - Food, Coffee, Supplies",REAL CANADIAN SUPER STORE,37.16,0.00,receipts,217809,BANKING_IMPORT
2012-01-03,1000,Cash / Clearing,REAL CANADIAN SUPER STORE,0.00,37.16,receipts,217809,BANKING_IMPORT
2012-01-03,2910,BANKING,Run'n On Empty,114.00,0.00,receipts,217810,BANKING_IMPORT
2012-01-03,1000,Cash / Clearing,Run'n On Empty,0.00,114.00,receipts,217810,BANKING_IMPORT
2012-01-03,2910,BANKING,"E-TRANSFER (REDO) Keech, Kris",570.56,0.00,receipts,217811,BANKING_IMPORT
2012-01-03,1000,Cash / Clearing,"E-TRANSFER (REDO) Keech, Kris",0.00,570.56,receipts,217811,BANKING_IMPORT
2012-01-04,6400,Electronics and Equipment,"CHQ 203 Metuier, Carla",1771.12,0.00,receipts,139332,BANKING_IMPORT
2012-01-04,1000,Cash / Clearing,"CHQ 203 Metuier, Carla",0.00,1771.12,receipts,139332,BANKING_IMPORT
2012-01-04,5120,Vehicle Maintenance & Repairs,CVIP 87y624935,553.89,0.00,receipts,173538,
2012-01-04,1000,Cash / Clearing,CVIP 87y624935,0.00,553.89,receipts,173538,
2012-01-04,5110,Fuel,FUEL 11,225.01,0.00,receipts,214124,96308
2012-01-04,1000,Cash / Clearing,FUEL 11,0.00,225.01,receipts,214124,96308
2012-01-04,5110,Fuel,RUN'N ON EMPTY,48.00,0.00,receipts,214248,99433
2012-01-04,1000,Cash / Clearing,RUN'N ON EMPTY,0.00,48.00,receipts,214248,99433
2012-01-04,5110,BANKING,fuel,43.50,0.00,receipts,215343,
2012-01-04,1000,Cash / Clearing,fuel,0.00,43.50,receipts,215343,
2012-01-04,5116,BANKING,GLOBAL LIQUOR STORE,45.88,0.00,receipts,215691,
2012-01-04,1000,Cash / Clearing,GLOBAL LIQUOR STORE,0.00,45.88,receipts,215691,
2012-01-04,5425,BANKING,drill bits,36.99,0.00,receipts,217034,
2012-01-04,1000,Cash / Clearing,drill bits,0.00,36.99,receipts,217034,
2012-01-04,2550,BANKING,BOSTON PIZZA,26.51,0.00,receipts,217408,
2012-01-04,1000,Cash / Clearing,BOSTON PIZZA,0.00,26.51,receipts,217408,
2012-01-04,2910,BANKING,"CHQ 203 Metuier, Carla",1771.12,0.00,receipts,217674,BANKING_IMPORT
2012-01-04,1000,Cash / Clearing,"CHQ 203 Metuier, Carla",0.00,1771.12,receipts,217674,BANKING_IMPORT
2012-01-04,2910,BANKING,CHQ 207 Michael Richard,3005.46,0.00,receipts,217675,BANKING_IMPORT
2012-01-04,1000,Cash / Clearing,CHQ 207 Michael Richard,0.00,3005.46,receipts,217675,BANKING_IMPORT
2012-01-04,2910,BANKING,Run'n On Empty,48.00,0.00,receipts,217812,BANKING_IMPORT
2012-01-04,1000,Cash / Clearing,Run'n On Empty,0.00,48.00,receipts,217812,BANKING_IMPORT
2012-01-05,5710,Bank Fees & Service Charges,WALMART,87.04,0.00,receipts,150310,BANKING_IMPORT
2012-01-05,1000,Cash / Clearing,WALMART,0.00,87.04,receipts,150310,BANKING_IMPORT
2012-01-05,2550,Vehicle Maintenance & Repairs,ERLES AUTO REPAIR,1443.24,0.00,receipts,173539,
2012-01-05,1000,Cash / Clearing,ERLES AUTO REPAIR,0.00,1443.24,receipts,173539,
2012-01-05,2550,Vehicle Maintenance & Repairs,CVIP L7,396.39,0.00,receipts,173545,
2012-01-05,1000,Cash / Clearing,CVIP L7,0.00,396.39,receipts,173545,
2012-01-05,5425,BANKING,mouse traps,7.54,0.00,receipts,216950,
2012-01-05,1000,Cash / Clearing,mouse traps,0.00,7.54,receipts,216950,
2012-01-05,5420,BANKING,MOUSE TRAPS,29.40,0.00,receipts,217076,
2012-01-05,1000,Cash / Clearing,MOUSE TRAPS,0.00,29.40,receipts,217076,
2012-01-05,2910,BANKING,CHQ 204 Paul Mansell,1820.24,0.00,receipts,217676,BANKING_IMPORT
2012-01-05,1000,Cash / Clearing,CHQ 204 Paul Mansell,0.00,1820.24,receipts,217676,BANKING_IMPORT
2012-01-05,2910,BANKING,WALMART,87.04,0.00,receipts,217813,BANKING_IMPORT
2012-01-05,1000,Cash / Clearing,WALMART,0.00,87.04,receipts,217813,BANKING_IMPORT
2012-01-06,5300,Administrative Expenses,Seat Covers for ripped seat,55.36,0.00,receipts,141054,BANKING_IMPORT
2012-01-06,1000,Cash / Clearing,Seat Covers for ripped seat,0.00,55.36,receipts,141054,BANKING_IMPORT
2012-01-06,2550,Vehicle Maintenance & Repairs,CVIP da87480 2009,508.69,0.00,receipts,173544,
2012-01-06,1000,Cash / Clearing,CVIP da87480 2009,0.00,508.69,receipts,173544,
2012-01-06,5110,Fuel,fuel L8,71.20,0.00,receipts,173550,
2012-01-06,1000,Cash / Clearing,fuel L8,0.00,71.20,receipts,173550,
2012-01-06,5110,Fuel,L2 fuel,66.49,0.00,receipts,173552,
2012-01-06,1000,Cash / Clearing,L2 fuel,0.00,66.49,receipts,173552,
2012-01-06,5150,Vehicle Lease Payments,LEASE FINANCE GROUP,101.14,0.00,receipts,214125,96322
2012-01-06,1000,Cash / Clearing,LEASE FINANCE GROUP,0.00,101.14,receipts,214125,96322
2012-01-06,5120,Vehicle Maintenance & Repairs,ERLES AUTO REPAIR,905.08,0.00,receipts,214250,99449
2012-01-06,1000,Cash / Clearing,ERLES AUTO REPAIR,0.00,905.08,receipts,214250,99449
2012-01-06,5120,BANKING,L8,6.65,0.00,receipts,215062,
2012-01-06,1000,Cash / Clearing,L8,0.00,6.65,receipts,215062,
2012-01-06,5116,BANKING,GLOBAL LIQUOR STORE,26.64,0.00,receipts,215690,
2012-01-06,1000,Cash / Clearing,GLOBAL LIQUOR STORE,0.00,26.64,receipts,215690,
2012-01-06,5120,BANKING,VIBE AUDIO,152.25,0.00,receipts,217174,
2012-01-06,1000,Cash / Clearing,VIBE AUDIO,0.00,152.25,receipts,217174,
2012-01-06,1015,Petty Cash,PETTY CASH FUNDING,1000.00,0.00,receipts,217632,BANKING_IMPORT
2012-01-06,1000,Cash / Clearing,PETTY CASH FUNDING,0.00,1000.00,receipts,217632,BANKING_IMPORT
2012-01-06,2910,BANKING,Gregg Distributors Ltd.,55.36,0.00,receipts,217814,BANKING_IMPORT
2012-01-06,1000,Cash / Clearing,Gregg Distributors Ltd.,0.00,55.36,receipts,217814,BANKING_IMPORT
2012-01-07,2550,BANKING,DRINKS,6.97,0.00,receipts,215034,
2012-01-07,1000,Cash / Clearing,DRINKS,0.00,6.97,receipts,215034,
2012-01-07,5116,BANKING,LIQUOR DEPOT,51.92,0.00,receipts,215682,
2012-01-07,1000,Cash / Clearing,LIQUOR DEPOT,0.00,51.92,receipts,215682,
2012-01-07,5116,BANKING,LIQUOR DEPOT,85.88,0.00,receipts,215683,
2012-01-07,1000,Cash / Clearing,LIQUOR DEPOT,0.00,85.88,receipts,215683,
2012-01-08,5116,BANKING,ice,11.96,0.00,receipts,214859,
2012-01-08,1000,Cash / Clearing,ice,0.00,11.96,receipts,214859,
2012-01-08,5420,BANKING,WALMART,11.13,0.00,receipts,217245,
2012-01-08,1000,Cash / Clearing,WALMART,0.00,11.13,receipts,217245,
2012-01-09,5210,BANKING,"CHQ 206 SOLEY, JEANNETTE",1690.68,0.00,receipts,141086,BANKING_IMPORT
2012-01-09,1000,Cash / Clearing,"CHQ 206 SOLEY, JEANNETTE",0.00,1690.68,receipts,141086,BANKING_IMPORT
2012-01-09,5110,Fuel,CENTEX,36.00,0.00,receipts,214127,96324
2012-01-09,1000,Cash / Clearing,CENTEX,0.00,36.00,receipts,214127,96324
2012-01-09,5150,Vehicle Lease Payments,LEASE FINANCE GROUP,202.27,0.00,receipts,214128,96326
2012-01-09,1000,Cash / Clearing,LEASE FINANCE GROUP,0.00,202.27,receipts,214128,96326
2012-01-09,5116,BANKING,4TH STREET LIQUOR,61.15,0.00,receipts,215689,
2012-01-09,1000,Cash / Clearing,4TH STREET LIQUOR,0.00,61.15,receipts,215689,
2012-01-09,5116,BANKING,CENTEX,19.20,0.00,receipts,217415,
2012-01-09,1000,Cash / Clearing,CENTEX,0.00,19.20,receipts,217415,
2012-01-09,2910,BANKING, CHQ 205 Jeannie Shillington,3234.66,0.00,receipts,217677,BANKING_IMPORT
2012-01-09,1000,Cash / Clearing, CHQ 205 Jeannie Shillington,0.00,3234.66,receipts,217677,BANKING_IMPORT
2012-01-09,2910,BANKING,"CHQ 206 Soley, Jeannette",1690.68,0.00,receipts,217678,BANKING_IMPORT
2012-01-09,1000,Cash / Clearing,"CHQ 206 Soley, Jeannette",0.00,1690.68,receipts,217678,BANKING_IMPORT
2012-01-10,5360,BANKING,MICHAEL RICHARD,41.65,0.00,receipts,214935,
2012-01-10,1000,Cash / Clearing,MICHAEL RICHARD,0.00,41.65,receipts,214935,
2012-01-10,5420,BANKING,NAPKINGS,12.60,0.00,receipts,215004,
2012-01-10,1000,Cash / Clearing,NAPKINGS,0.00,12.60,receipts,215004,
2012-01-10,5120,BANKING,wiper blades,78.27,0.00,receipts,216952,
2012-01-10,1000,Cash / Clearing,wiper blades,0.00,78.27,receipts,216952,
2012-01-11,5116,BANKING,BULK ICE,5.67,0.00,receipts,217124,
2012-01-11,1000,Cash / Clearing,BULK ICE,0.00,5.67,receipts,217124,
2012-01-11,5900,BANKING,OVERNIGHT STAY DRIVER,102.46,0.00,receipts,217331,
2012-01-11,1000,Cash / Clearing,OVERNIGHT STAY DRIVER,0.00,102.46,receipts,217331,
2012-01-11,1015,Petty Cash,PETTY CASH FUNDING,60.00,0.00,receipts,217633,BANKING_IMPORT
2012-01-11,1000,Cash / Clearing,PETTY CASH FUNDING,0.00,60.00,receipts,217633,BANKING_IMPORT
2012-01-12,5840,BANKING,Passport - business travel Vegas conference,348.00,0.00,receipts,141103,BANKING_IMPORT
2012-01-12,1000,Cash / Clearing,Passport - business travel Vegas conference,0.00,348.00,receipts,141103,BANKING_IMPORT
2012-01-12,6100,BANKING,Client meeting,19.50,0.00,receipts,141104,BANKING_IMPORT
2012-01-12,1000,Cash / Clearing,Client meeting,0.00,19.50,receipts,141104,BANKING_IMPORT
2012-01-12,5900,BANKING,replacedment vehcle for breakdown,134.40,0.00,receipts,141107,BANKING_IMPORT
2012-01-12,1000,Cash / Clearing,replacedment vehcle for breakdown,0.00,134.40,receipts,141107,BANKING_IMPORT
2012-01-12,5110,BANKING,fuel,46.43,0.00,receipts,214018,BANKING_IMPORT | PG17_COLLISION_ORIG_ID=173640 | FALLBACK_BT=96073
2012-01-12,1000,Cash / Clearing,fuel,0.00,46.43,receipts,214018,BANKING_IMPORT | PG17_COLLISION_ORIG_ID=173640 | FALLBACK_BT=96073
2012-01-12,5110,Fuel,FUEL,65.51,0.00,receipts,214129,96335
2012-01-12,1000,Cash / Clearing,FUEL,0.00,65.51,receipts,214129,96335
2012-01-12,5110,BANKING,DRINKS | FUEL,56.01,0.00,receipts,215036,BANKING_IMPORT
2012-01-12,1000,Cash / Clearing,DRINKS | FUEL,0.00,56.01,receipts,215036,BANKING_IMPORT
2012-01-12,5116,BANKING,DRINKS | BEVERAGES AND SNACKS,8.88,0.00,receipts,215037,BANKING_IMPORT
2012-01-12,1000,Cash / Clearing,DRINKS | BEVERAGES AND SNACKS,0.00,8.88,receipts,215037,BANKING_IMPORT
2012-01-12,5320,BANKING,DRINKS | DRIVER FOOD,3.65,0.00,receipts,215038,BANKING_IMPORT
2012-01-12,1000,Cash / Clearing,DRINKS | DRIVER FOOD,0.00,3.65,receipts,215038,BANKING_IMPORT
2012-01-12,5120,BANKING,JUMBO,4.80,0.00,receipts,215155,
2012-01-12,1000,Cash / Clearing,JUMBO,0.00,4.80,receipts,215155,
2012-01-12,5116,BANKING,L11 upgrades,19.93,0.00,receipts,217027,
2012-01-12,1000,Cash / Clearing,L11 upgrades,0.00,19.93,receipts,217027,
2012-01-12,1015,Petty Cash,PETTY CASH FUNDING,1000.00,0.00,receipts,217634,BANKING_IMPORT
2012-01-12,1000,Cash / Clearing,PETTY CASH FUNDING,0.00,1000.00,receipts,217634,BANKING_IMPORT
2012-01-12,2910,BANKING,Passport Canada,348.00,0.00,receipts,217815,BANKING_IMPORT
2012-01-12,1000,Cash / Clearing,Passport Canada,0.00,348.00,receipts,217815,BANKING_IMPORT
2012-01-12,2910,BANKING,Hertz,134.40,0.00,receipts,217816,BANKING_IMPORT
2012-01-12,1000,Cash / Clearing,Hertz,0.00,134.40,receipts,217816,BANKING_IMPORT
2012-01-12,2910,BANKING,Koryo Korean BBQ,19.50,0.00,receipts,217817,BANKING_IMPORT
2012-01-12,1000,Cash / Clearing,Koryo Korean BBQ,0.00,19.50,receipts,217817,BANKING_IMPORT
2012-01-13,5120,Vehicle Maintenance & Repairs,MR SUDS INC.,8.55,0.00,receipts,141114,BANKING_IMPORT
2012-01-13,1000,Cash / Clearing,MR SUDS INC.,0.00,8.55,receipts,141114,BANKING_IMPORT
2012-01-13,5110,BANKING,fuel,93.96,0.00,receipts,214096,BANKING_IMPORT
2012-01-13,1000,Cash / Clearing,fuel,0.00,93.96,receipts,214096,BANKING_IMPORT
2012-01-13,5116,BANKING,ice,5.98,0.00,receipts,214097,BANKING_IMPORT
2012-01-13,1000,Cash / Clearing,ice,0.00,5.98,receipts,214097,BANKING_IMPORT
2012-01-13,5110,Fuel,PETRO CANADA,99.94,0.00,receipts,214255,99466
2012-01-13,1000,Cash / Clearing,PETRO CANADA,0.00,99.94,receipts,214255,99466
2012-01-13,5510,BANKING,SHIP OUR DOCUMENTS TO LOUISE BURGLAND,66.52,0.00,receipts,214933,
2012-01-13,1000,Cash / Clearing,SHIP OUR DOCUMENTS TO LOUISE BURGLAND,0.00,66.52,receipts,214933,
2012-01-13,5116,BANKING,GLOBAL LIQUOR STORE,102.97,0.00,receipts,215635,
2012-01-13,1000,Cash / Clearing,GLOBAL LIQUOR STORE,0.00,102.97,receipts,215635,
2012-01-13,5116,BANKING,UNREADABLE,75.56,0.00,receipts,215695,
2012-01-13,1000,Cash / Clearing,UNREADABLE,0.00,75.56,receipts,215695,
2012-01-13,5420,BANKING,BINDERS CLIPBOARDS PENCILS ECT,57.32,0.00,receipts,217040,
2012-01-13,1000,Cash / Clearing,BINDERS CLIPBOARDS PENCILS ECT,0.00,57.32,receipts,217040,
2012-01-13,5116,BANKING,SOBEYS,104.52,0.00,receipts,217143,
2012-01-13,1000,Cash / Clearing,SOBEYS,0.00,104.52,receipts,217143,
2012-01-13,5110,BANKING,PETRO-CANADA,99.94,0.00,receipts,217818,BANKING_IMPORT
2012-01-13,1000,Cash / Clearing,PETRO-CANADA,0.00,99.94,receipts,217818,BANKING_IMPORT
2012-01-13,2910,BANKING,Mr Suds,8.55,0.00,receipts,217819,BANKING_IMPORT
2012-01-13,1000,Cash / Clearing,Mr Suds,0.00,8.55,receipts,217819,BANKING_IMPORT
2012-01-14,5110,BANKING,PETRO-CANADA,53.50,0.00,receipts,214098,
2012-01-14,1000,Cash / Clearing,PETRO-CANADA,0.00,53.50,receipts,214098,
2012-01-14,5130,BANKING,ALL SERVICE INSURANCE,1000.00,0.00,receipts,214855,
2012-01-14,1000,Cash / Clearing,ALL SERVICE INSURANCE,0.00,1000.00,receipts,214855,
2012-01-14,5110,BANKING,ESSO,50.12,0.00,receipts,214885,
2012-01-14,1000,Cash / Clearing,ESSO,0.00,50.12,receipts,214885,
2012-01-14,5110,BANKING,FAS GAS,60.00,0.00,receipts,214988,
2012-01-14,1000,Cash / Clearing,FAS GAS,0.00,60.00,receipts,214988,
2012-01-14,2550,BANKING,TISSUES,5.24,0.00,receipts,215031,
2012-01-14,1000,Cash / Clearing,TISSUES,0.00,5.24,receipts,215031,
2012-01-14,2550,BANKING,ICE AND NON ALCOHOLIC BEVERAGES,6.49,0.00,receipts,215032,
2012-01-14,1000,Cash / Clearing,ICE AND NON ALCOHOLIC BEVERAGES,0.00,6.49,receipts,215032,
2012-01-14,2550,BANKING,MOHAWK,41.01,0.00,receipts,215033,
2012-01-14,1000,Cash / Clearing,MOHAWK,0.00,41.01,receipts,215033,
2012-01-14,5116,BANKING,GLOBAL LIQUOR STORE,69.28,0.00,receipts,215638,
2012-01-14,1000,Cash / Clearing,GLOBAL LIQUOR STORE,0.00,69.28,receipts,215638,
2012-01-14,5116,BANKING,GLOBAL LIQUOR STORE,76.15,0.00,receipts,215639,
2012-01-14,1000,Cash / Clearing,GLOBAL LIQUOR STORE,0.00,76.15,receipts,215639,
2012-01-14,5116,BANKING,GLOBAL LIQUOR STORE,116.75,0.00,receipts,215640,
2012-01-14,1000,Cash / Clearing,GLOBAL LIQUOR STORE,0.00,116.75,receipts,215640,
2012-01-14,5116,BANKING,LIQUOR DEPOT,26.34,0.00,receipts,215681,
2012-01-14,1000,Cash / Clearing,LIQUOR DEPOT,0.00,26.34,receipts,215681,
2012-01-15,2550,BANKING,ESSO,81.52,0.00,receipts,214883,
2012-01-15,1000,Cash / Clearing,ESSO,0.00,81.52,receipts,214883,
2012-01-15,5110,BANKING,CENTEX,73.40,0.00,receipts,214973,
2012-01-15,1000,Cash / Clearing,CENTEX,0.00,73.40,receipts,214973,
2012-01-15,5110,BANKING,CENTEX,44.00,0.00,receipts,214974,
2012-01-15,1000,Cash / Clearing,CENTEX,0.00,44.00,receipts,214974,
2012-01-15,5110,BANKING,FUEL,69.00,0.00,receipts,215207,BANKING_IMPORT
2012-01-15,1000,Cash / Clearing,FUEL,0.00,69.00,receipts,215207,BANKING_IMPORT
2012-01-15,5116,BANKING,BEVERAGES,10.51,0.00,receipts,215208,BANKING_IMPORT
2012-01-15,1000,Cash / Clearing,BEVERAGES,0.00,10.51,receipts,215208,BANKING_IMPORT
2012-01-16,5130,Insurance,OPTIMUM INSURANCE,83.46,0.00,receipts,141123,BANKING_IMPORT
2012-01-16,1000,Cash / Clearing,OPTIMUM INSURANCE,0.00,83.46,receipts,141123,BANKING_IMPORT
2012-01-16,2330,BANKING,CRA,3494.63,0.00,receipts,141133,BANKING_IMPORT
2012-01-16,1000,Cash / Clearing,CRA,0.00,3494.63,receipts,141133,BANKING_IMPORT
2012-01-16,5110,BANKING,MOHAWK,20.00,0.00,receipts,215049,
2012-01-16,1000,Cash / Clearing,MOHAWK,0.00,20.00,receipts,215049,
2012-01-16,5715,NSF Fees,NSF Fee,170.00,0.00,receipts,215953,BANKING_IMPORT
2012-01-16,1000,Cash / Clearing,NSF Fee,0.00,170.00,receipts,215953,BANKING_IMPORT
2012-01-16,5715,BANKING,NSF Fee,170.00,0.00,receipts,216879,BANKING_IMPORT
2012-01-16,1000,Cash / Clearing,NSF Fee,0.00,170.00,receipts,216879,BANKING_IMPORT
2012-01-16,2550,BANKING,2 parking passes,40.24,0.00,receipts,217092,
2012-01-16,1000,Cash / Clearing,2 parking passes,0.00,40.24,receipts,217092,
2012-01-16,2910,BANKING,Optimum West Insurance - Residential,83.46,0.00,receipts,217820,BANKING_IMPORT
2012-01-16,1000,Cash / Clearing,Optimum West Insurance - Residential,0.00,83.46,receipts,217820,BANKING_IMPORT
2012-01-16,2910,BANKING,Hertz,134.40,0.00,receipts,217821,BANKING_IMPORT
2012-01-16,1000,Cash / Clearing,Hertz,0.00,134.40,receipts,217821,BANKING_IMPORT
2012-01-16,5110,Fuel,Centex,91.00,0.00,receipts,217822,BANKING_IMPORT
2012-01-16,1000,Cash / Clearing,Centex,0.00,91.00,receipts,217822,BANKING_IMPORT
2012-01-16,5150,Vehicle Lease Payments,JACK CARTER,1885.65,0.00,receipts,217823,BANKING_IMPORT
2012-01-16,1000,Cash / Clearing,JACK CARTER,0.00,1885.65,receipts,217823,BANKING_IMPORT
2012-01-17,5110,Fuel,CENTEX,23.50,0.00,receipts,214133,96359
2012-01-17,1000,Cash / Clearing,CENTEX,0.00,23.50,receipts,214133,96359
2012-01-17,5110,Fuel,CENTEX,91.00,0.00,receipts,214256,99477
2012-01-17,1000,Cash / Clearing,CENTEX,0.00,91.00,receipts,214256,99477
2012-01-18,5430,Telephone & Internet,THE PHONE EXPERT,800.00,0.00,receipts,141152,BANKING_IMPORT
2012-01-18,1000,Cash / Clearing,THE PHONE EXPERT,0.00,800.00,receipts,141152,BANKING_IMPORT
2012-01-18,5430,Telephone & Internet,THE PHONE EXPERT,287.68,0.00,receipts,141153,BANKING_IMPORT
2012-01-18,1000,Cash / Clearing,THE PHONE EXPERT,0.00,287.68,receipts,141153,BANKING_IMPORT
2012-01-18,2550,Telephone & Internet,Cell phone purchase,159.00,0.00,receipts,173576,
2012-01-18,1000,Cash / Clearing,Cell phone purchase,0.00,159.00,receipts,173576,
2012-01-18,5110,Fuel,CENTEX,45.56,0.00,receipts,214134,96365
2012-01-18,1000,Cash / Clearing,CENTEX,0.00,45.56,receipts,214134,96365
2012-01-18,5110,Fuel,CENTEX,51.04,0.00,receipts,214135,96367
2012-01-18,1000,Cash / Clearing,CENTEX,0.00,51.04,receipts,214135,96367
2012-01-18,2910,BANKING,The Phone Experts,800.00,0.00,receipts,217824,BANKING_IMPORT
2012-01-18,1000,Cash / Clearing,The Phone Experts,0.00,800.00,receipts,217824,BANKING_IMPORT
2012-01-18,2910,BANKING,The Phone Experts,287.68,0.00,receipts,217825,BANKING_IMPORT
2012-01-18,1000,Cash / Clearing,The Phone Experts,0.00,287.68,receipts,217825,BANKING_IMPORT
2012-01-19,6105,BANKING,Client meeting child distraction,50.43,0.00,receipts,141164,BANKING_IMPORT
2012-01-19,1000,Cash / Clearing,Client meeting child distraction,0.00,50.43,receipts,141164,BANKING_IMPORT
2012-01-19,2550,Miscellaneous Business Expense,Relief driver for up north,19.10,0.00,receipts,173575,
2012-01-19,1000,Cash / Clearing,Relief driver for up north,0.00,19.10,receipts,173575,
2012-01-19,5110,Fuel,CENTEX,47.00,0.00,receipts,214136,96371
2012-01-19,1000,Cash / Clearing,CENTEX,0.00,47.00,receipts,214136,96371
2012-01-19,1015,Petty Cash,PETTY CASH FUNDING,100.00,0.00,receipts,217635,BANKING_IMPORT
2012-01-19,1000,Cash / Clearing,PETTY CASH FUNDING,0.00,100.00,receipts,217635,BANKING_IMPORT
2012-01-19,2910,BANKING,Cineplex,50.43,0.00,receipts,217826,BANKING_IMPORT
2012-01-19,1000,Cash / Clearing,Cineplex,0.00,50.43,receipts,217826,BANKING_IMPORT
2012-01-20,5710,Bank Fees & Service Charges,VCARD PAYMENT,21.62,0.00,receipts,150333,BANKING_IMPORT
2012-01-20,1000,Cash / Clearing,VCARD PAYMENT,0.00,21.62,receipts,150333,BANKING_IMPORT
2012-01-20,5430,Telephone & Internet,INTERNET BILL ROGERS WIRELESS,891.72,0.00,receipts,214137,96376
2012-01-20,1000,Cash / Clearing,INTERNET BILL ROGERS WIRELESS,0.00,891.72,receipts,214137,96376
2012-01-20,5110,Fuel,CENTEX,75.00,0.00,receipts,214138,96377
2012-01-20,1000,Cash / Clearing,CENTEX,0.00,75.00,receipts,214138,96377
2012-01-20,5116,BANKING,SAVE ON FOODS,6.46,0.00,receipts,217066,
2012-01-20,1000,Cash / Clearing,SAVE ON FOODS,0.00,6.46,receipts,217066,
2012-01-20,5360,BANKING,drivers abstract,25.00,0.00,receipts,217222,
2012-01-20,1000,Cash / Clearing,drivers abstract,0.00,25.00,receipts,217222,
2012-01-20,5110,BANKING,CENTEX,48.99,0.00,receipts,217262,
2012-01-20,1000,Cash / Clearing,CENTEX,0.00,48.99,receipts,217262,
2012-01-20,5710,BANKING,MEMBER FEE,59.00,0.00,receipts,217355,
2012-01-20,1000,Cash / Clearing,MEMBER FEE,0.00,59.00,receipts,217355,
2012-01-20,5710,Bank Fees & Service Charges,INTEREST,37.90,0.00,receipts,217356,
2012-01-20,1000,Cash / Clearing,INTEREST,0.00,37.90,receipts,217356,
2012-01-20,5720,BANKING,VCARD PAYMENT,21.62,0.00,receipts,217827,BANKING_IMPORT
2012-01-20,1000,Cash / Clearing,VCARD PAYMENT,0.00,21.62,receipts,217827,BANKING_IMPORT
2012-01-21,5116,BANKING,CAPRI LIQUOR STORE,16.99,0.00,receipts,215715,
2012-01-21,1000,Cash / Clearing,CAPRI LIQUOR STORE,0.00,16.99,receipts,215715,
2012-01-21,5116,BANKING,CAPRI LIQUOR STORE,11.49,0.00,receipts,215716,
2012-01-21,1000,Cash / Clearing,CAPRI LIQUOR STORE,0.00,11.49,receipts,215716,
2012-01-21,5116,BANKING,L8 ice,6.18,0.00,receipts,217407,
2012-01-21,1000,Cash / Clearing,L8 ice,0.00,6.18,receipts,217407,
2012-01-21,5116,BANKING,non alcoholic beverages,14.90,0.00,receipts,217414,
2012-01-21,1000,Cash / Clearing,non alcoholic beverages,0.00,14.90,receipts,217414,
2012-01-22,5110,BANKING,106.7 THE DRIVE,48.99,0.00,receipts,215041,
2012-01-22,1000,Cash / Clearing,106.7 THE DRIVE,0.00,48.99,receipts,215041,
2012-01-22,5110,BANKING,ESSO,48.99,0.00,receipts,215042,
2012-01-22,1000,Cash / Clearing,ESSO,0.00,48.99,receipts,215042,
2012-01-23,5300,Administrative Expenses,napkins,75.60,0.00,receipts,141181,BANKING_IMPORT
2012-01-23,1000,Cash / Clearing,napkins,0.00,75.60,receipts,141181,BANKING_IMPORT
2012-01-23,5110,Fuel,CENTEX,46.32,0.00,receipts,214139,96381
2012-01-23,1000,Cash / Clearing,CENTEX,0.00,46.32,receipts,214139,96381
2012-01-23,5120,BANKING,L2,6.40,0.00,receipts,215091,
2012-01-23,1000,Cash / Clearing,L2,0.00,6.40,receipts,215091,
2012-01-23,5120,BANKING,L9,11.40,0.00,receipts,215092,
2012-01-23,1000,Cash / Clearing,L9,0.00,11.40,receipts,215092,
2012-01-23,5110,BANKING,CENTEX,165.00,0.00,receipts,217263,
2012-01-23,1000,Cash / Clearing,CENTEX,0.00,165.00,receipts,217263,
2012-01-23,1015,Petty Cash,PETTY CASH FUNDING,100.00,0.00,receipts,217636,BANKING_IMPORT
2012-01-23,1000,Cash / Clearing,PETTY CASH FUNDING,0.00,100.00,receipts,217636,BANKING_IMPORT
2012-01-23,2910,BANKING,A Buck or Two,75.60,0.00,receipts,217828,BANKING_IMPORT
2012-01-23,1000,Cash / Clearing,A Buck or Two,0.00,75.60,receipts,217828,BANKING_IMPORT
2012-01-24,5130,Insurance,JEVCO INSURANCE,268.92,0.00,receipts,141187,BANKING_IMPORT
2012-01-24,1000,Cash / Clearing,JEVCO INSURANCE,0.00,268.92,receipts,141187,BANKING_IMPORT
2012-01-24,5130,Insurance,INSURANCE,1271.47,0.00,receipts,141188,BANKING_IMPORT
2012-01-24,1000,Cash / Clearing,INSURANCE,0.00,1271.47,receipts,141188,BANKING_IMPORT
2012-01-24,5130,Insurance,COOP INSURANCE,110.42,0.00,receipts,141189,BANKING_IMPORT
2012-01-24,1000,Cash / Clearing,COOP INSURANCE,0.00,110.42,receipts,141189,BANKING_IMPORT
2012-01-24,5110,BANKING,SHELL,62.32,0.00,receipts,215227,
2012-01-24,1000,Cash / Clearing,SHELL,0.00,62.32,receipts,215227,
2012-01-24,5440,Rent & Utilities,#4318 Jan rent — cash no banking record,1050.00,0.00,receipts,215463,BANKING_IMPORT
2012-01-24,1000,Cash / Clearing,#4318 Jan rent — cash no banking record,0.00,1050.00,receipts,215463,BANKING_IMPORT
2012-01-24,5120,Vehicle Maintenance & Repairs,PARRS AUTOMOTIVE cash pymt inv#5692,500.00,0.00,receipts,215483,BANKING_IMPORT
2012-01-24,1000,Cash / Clearing,PARRS AUTOMOTIVE cash pymt inv#5692,0.00,500.00,receipts,215483,BANKING_IMPORT
2012-01-24,5110,BANKING,CENTEX,52.03,0.00,receipts,217265,
2012-01-24,1000,Cash / Clearing,CENTEX,0.00,52.03,receipts,217265,
2012-01-24,5116,BANKING,"client supplies, ice Cody D",16.84,0.00,receipts,217406,
2012-01-24,1000,Cash / Clearing,"client supplies, ice Cody D",0.00,16.84,receipts,217406,
2012-01-24,5130,Insurance,IFS Premium Finance,1271.47,0.00,receipts,217829,BANKING_IMPORT
2012-01-24,1000,Cash / Clearing,IFS Premium Finance,0.00,1271.47,receipts,217829,BANKING_IMPORT
2012-01-24,5300,Insurance,Jevco Insurance,268.92,0.00,receipts,217830,BANKING_IMPORT
2012-01-24,1000,Cash / Clearing,Jevco Insurance,0.00,268.92,receipts,217830,BANKING_IMPORT
2012-01-24,5110,BANKING,CO-OP GAS,110.42,0.00,receipts,217831,BANKING_IMPORT
2012-01-24,1000,Cash / Clearing,CO-OP GAS,0.00,110.42,receipts,217831,BANKING_IMPORT
2012-01-25,2550,Vehicle Maintenance & Repairs,oil chage,61.40,0.00,receipts,173579,
2012-01-25,1000,Cash / Clearing,oil chage,0.00,61.40,receipts,173579,
2012-01-25,5110,BANKING,fuel,46.26,0.00,receipts,214008,BANKING_IMPORT | PG17_COLLISION_ORIG_ID=173595 | FALLBACK_BT=96063
2012-01-25,1000,Cash / Clearing,fuel,0.00,46.26,receipts,214008,BANKING_IMPORT | PG17_COLLISION_ORIG_ID=173595 | FALLBACK_BT=96063
2012-01-25,5120,BANKING,JUMBO,11.25,0.00,receipts,215141,
2012-01-25,1000,Cash / Clearing,JUMBO,0.00,11.25,receipts,215141,
2012-01-26,5300,Administrative Expenses,SAVE ON FOODS,114.47,0.00,receipts,141194,BANKING_IMPORT
2012-01-26,1000,Cash / Clearing,SAVE ON FOODS,0.00,114.47,receipts,141194,BANKING_IMPORT
2012-01-26,2550,Client Entertainment - Meals,CLIENT MEETING,48.79,0.00,receipts,173609,
2012-01-26,1000,Cash / Clearing,CLIENT MEETING,0.00,48.79,receipts,173609,
2012-01-26,5715,NSF Fees,NSF Fee,85.00,0.00,receipts,215954,BANKING_IMPORT
2012-01-26,1000,Cash / Clearing,NSF Fee,0.00,85.00,receipts,215954,BANKING_IMPORT
2012-01-26,5110,BANKING,COOP,23.86,0.00,receipts,217157,
2012-01-26,1000,Cash / Clearing,COOP,0.00,23.86,receipts,217157,
2012-01-26,5110,BANKING,CENTEX,46.50,0.00,receipts,217264,
2012-01-26,1000,Cash / Clearing,CENTEX,0.00,46.50,receipts,217264,
2012-01-26,2910,BANKING,Save On Foods,114.47,0.00,receipts,217832,BANKING_IMPORT
2012-01-26,1000,Cash / Clearing,Save On Foods,0.00,114.47,receipts,217832,BANKING_IMPORT
2012-01-27,2550,"Client Amenities - Food, Coffee, Supplies",ice,3.09,0.00,receipts,173604,
2012-01-27,1000,Cash / Clearing,ice,0.00,3.09,receipts,173604,
2012-01-27,5116,"Client Amenities - Food, Coffee, Supplies",BEVERAGES,27.51,0.00,receipts,214010,BANKING_IMPORT | PG17_COLLISION_ORIG_ID=173606 | FALLBACK_BT=96065
2012-01-27,1000,Cash / Clearing,BEVERAGES,0.00,27.51,receipts,214010,BANKING_IMPORT | PG17_COLLISION_ORIG_ID=173606 | FALLBACK_BT=96065
2012-01-28,2550,BANKING,fuel L-8,66.00,0.00,receipts,173602,
2012-01-28,1000,Cash / Clearing,fuel L-8,0.00,66.00,receipts,173602,
2012-01-28,2550,BANKING,Car Wash,11.20,0.00,receipts,173605,
2012-01-28,1000,Cash / Clearing,Car Wash,0.00,11.20,receipts,173605,
2012-01-28,5116,"Client Amenities - Food, Coffee, Supplies",Ice,12.18,0.00,receipts,214009,BANKING_IMPORT | PG17_COLLISION_ORIG_ID=173603 | FALLBACK_BT=96064
2012-01-28,1000,Cash / Clearing,Ice,0.00,12.18,receipts,214009,BANKING_IMPORT | PG17_COLLISION_ORIG_ID=173603 | FALLBACK_BT=96064
2012-01-28,5110,BANKING,L9 fuel,45.84,0.00,receipts,217404,
2012-01-28,1000,Cash / Clearing,L9 fuel,0.00,45.84,receipts,217404,
2012-01-28,5116,BANKING,cutomer supplies Donna Johnston,16.84,0.00,receipts,217405,
2012-01-28,1000,Cash / Clearing,cutomer supplies Donna Johnston,0.00,16.84,receipts,217405,
2012-01-30,5710,Bank Fees & Service Charges,ACARD PAYMENT,4.95,0.00,receipts,150342,BANKING_IMPORT
2012-01-30,1000,Cash / Clearing,ACARD PAYMENT,0.00,4.95,receipts,150342,BANKING_IMPORT
2012-01-30,2550,BANKING,fuse,20.12,0.00,receipts,214882,
2012-01-30,1000,Cash / Clearing,fuse,0.00,20.12,receipts,214882,
2012-01-30,5110,BANKING,MOHAWK,41.00,0.00,receipts,215048,
2012-01-30,1000,Cash / Clearing,MOHAWK,0.00,41.00,receipts,215048,
2012-01-30,5710,Bank Fees & Service Charges,ACARD PAYMENT,4.95,0.00,receipts,217833,BANKING_IMPORT
2012-01-30,1000,Cash / Clearing,ACARD PAYMENT,0.00,4.95,receipts,217833,BANKING_IMPORT
2012-01-31,5500,Professional Services,Rusty Floorboard repair,1170.75,0.00,receipts,141217,BANKING_IMPORT
2012-01-31,1000,Cash / Clearing,Rusty Floorboard repair,0.00,1170.75,receipts,141217,BANKING_IMPORT
2012-01-31,5710,Bank Fees & Service Charges,ACCOUNT FEE,35.00,0.00,receipts,141222,BANKING_IMPORT
2012-01-31,1000,Cash / Clearing,ACCOUNT FEE,0.00,35.00,receipts,141222,BANKING_IMPORT
2012-01-31,2550,Vehicle Maintenance & Repairs,ERLES AUTO REPAIR,453.34,0.00,receipts,173547,
2012-01-31,1000,Cash / Clearing,ERLES AUTO REPAIR,0.00,453.34,receipts,173547,
2012-01-31,5120,Vehicle Maintenance & Repairs,ERLES AUTO REPAIR,1443.24,0.00,receipts,214140,96407
2012-01-31,1000,Cash / Clearing,ERLES AUTO REPAIR,0.00,1443.24,receipts,214140,96407
2012-01-31,5710,Bank Fees & Service Charges,Overdraft Service Charge,5.00,0.00,receipts,215956,BANKING_IMPORT
2012-01-31,1000,Cash / Clearing,Overdraft Service Charge,0.00,5.00,receipts,215956,BANKING_IMPORT
2012-01-31,5710,Bank Fees & Service Charges,E-Transfer Fee,1.50,0.00,receipts,215957,BANKING_IMPORT
2012-01-31,1000,Cash / Clearing,E-Transfer Fee,0.00,1.50,receipts,215957,BANKING_IMPORT
2012-01-31,5710,Bank Fees & Service Charges,Visa Merchant Fee,82.50,0.00,receipts,216325,BANKING_IMPORT
2012-01-31,1000,Cash / Clearing,Visa Merchant Fee,0.00,82.50,receipts,216325,BANKING_IMPORT
2012-01-31,5710,Bank Fees & Service Charges,Bank Charges & Interest,41.50,0.00,receipts,216326,BANKING_IMPORT
2012-01-31,1000,Cash / Clearing,Bank Charges & Interest,0.00,41.50,receipts,216326,BANKING_IMPORT
2012-01-31,5710,Bank Fees & Service Charges,TRANSFER TO 00339/02-28362,1800.00,0.00,receipts,216327,BANKING_IMPORT
2012-01-31,1000,Cash / Clearing,TRANSFER TO 00339/02-28362,0.00,1800.00,receipts,216327,BANKING_IMPORT
2012-01-31,5710,Bank Fees & Service Charges,Overdraft Service Charge,5.00,0.00,receipts,216881,BANKING_IMPORT
2012-01-31,1000,Cash / Clearing,Overdraft Service Charge,0.00,5.00,receipts,216881,BANKING_IMPORT
2012-01-31,5710,Bank Fees & Service Charges,ACCOUNT FEE,35.00,0.00,receipts,216882,BANKING_IMPORT
2012-01-31,1000,Cash / Clearing,ACCOUNT FEE,0.00,35.00,receipts,216882,BANKING_IMPORT
2012-01-31,5710,Unassigned,E-Transfer Fee,1.50,0.00,receipts,216883,BANKING_IMPORT
2012-01-31,1000,Cash / Clearing,E-Transfer Fee,0.00,1.50,receipts,216883,BANKING_IMPORT
2012-01-31,5360,BANKING,renewal licenses,315.00,0.00,receipts,217219,
2012-01-31,1000,Cash / Clearing,renewal licenses,0.00,315.00,receipts,217219,
2012-01-31,5360,BANKING,business license renewal,200.00,0.00,receipts,217220,
2012-01-31,1000,Cash / Clearing,business license renewal,0.00,200.00,receipts,217220,
2012-01-31,1203,BANKING,city permit,165.00,0.00,receipts,217221,
2012-01-31,1000,Cash / Clearing,city permit,0.00,165.00,receipts,217221,
2012-01-31,5710,Bank Fees & Service Charges,Bank Charges & Interest,41.50,0.00,receipts,217587,BANKING_IMPORT
2012-01-31,1000,Cash / Clearing,Bank Charges & Interest,0.00,41.50,receipts,217587,BANKING_IMPORT
2012-01-31,2910,BANKING,Full Spectrum,1170.75,0.00,receipts,217834,BANKING_IMPORT
2012-01-31,1000,Cash / Clearing,Full Spectrum,0.00,1170.75,receipts,217834,BANKING_IMPORT
2012-01-31,5710,Bank Fees & Service Charges,E-TRANSFER FEE,1.50,0.00,receipts,217835,BANKING_IMPORT
2012-01-31,1000,Cash / Clearing,E-TRANSFER FEE,0.00,1.50,receipts,217835,BANKING_IMPORT
2012-01-31,5710,Bank Fees & Service Charges,OD FEE,5.00,0.00,receipts,217836,BANKING_IMPORT
2012-01-31,1000,Cash / Clearing,OD FEE,0.00,5.00,receipts,217836,BANKING_IMPORT
2012-02-01,5110,BANKING,ESSO,17.00,0.00,receipts,214917,
2012-02-01,1000,Cash / Clearing,ESSO,0.00,17.00,receipts,214917,
2012-02-01,5110,BANKING,SHELL,68.00,0.00,receipts,215218,
2012-02-01,1000,Cash / Clearing,SHELL,0.00,68.00,receipts,215218,
2012-02-01,5710,Bank Fees & Service Charges,Bank Charges & Interest,42.50,0.00,receipts,216328,BANKING_IMPORT
2012-02-01,1000,Cash / Clearing,Bank Charges & Interest,0.00,42.50,receipts,216328,BANKING_IMPORT
2012-02-02,5110,Fuel,CENTEX,38.00,0.00,receipts,138036,BANKING_IMPORT
2012-02-02,1000,Cash / Clearing,CENTEX,0.00,38.00,receipts,138036,BANKING_IMPORT
2012-02-02,5120,BANKING,JUMBO,5.60,0.00,receipts,215145,
2012-02-02,1000,Cash / Clearing,JUMBO,0.00,5.60,receipts,215145,
2012-02-02,5715,NSF Fees,NSF Fee,42.50,0.00,receipts,215958,BANKING_IMPORT
2012-02-02,1000,Cash / Clearing,NSF Fee,0.00,42.50,receipts,215958,BANKING_IMPORT
2012-02-02,5715,BANKING,NSF Fee,42.50,0.00,receipts,216885,BANKING_IMPORT
2012-02-02,1000,Cash / Clearing,NSF Fee,0.00,42.50,receipts,216885,BANKING_IMPORT
2012-02-02,2550,Fuel,fuel,50.00,0.00,receipts,216995,BANKING_IMPORT
2012-02-02,1000,Cash / Clearing,fuel,0.00,50.00,receipts,216995,BANKING_IMPORT
2012-02-02,3020,BANKING,snacks,12.04,0.00,receipts,216996,BANKING_IMPORT
2012-02-02,1000,Cash / Clearing,snacks,0.00,12.04,receipts,216996,BANKING_IMPORT
2012-02-02,5110,BANKING,CENTEX,46.00,0.00,receipts,216997,
2012-02-02,1000,Cash / Clearing,CENTEX,0.00,46.00,receipts,216997,
2012-02-02,5110,BANKING,CENTEX,46.00,0.00,receipts,217278,
2012-02-02,1000,Cash / Clearing,CENTEX,0.00,46.00,receipts,217278,
2012-02-02,5116,"Client Amenities - Food, Coffee, Supplies",ICE,9.27,0.00,receipts,217281,
2012-02-02,1000,Cash / Clearing,ICE,0.00,9.27,receipts,217281,
2012-02-03,5110,Fuel,CENTEX,55.10,0.00,receipts,214265,99530
2012-02-03,1000,Cash / Clearing,CENTEX,0.00,55.10,receipts,214265,99530
2012-02-03,5116,BANKING,PLAZA LIQUOR TOWN,10.37,0.00,receipts,215655,
2012-02-03,1000,Cash / Clearing,PLAZA LIQUOR TOWN,0.00,10.37,receipts,215655,
2012-02-03,5116,BANKING,VILLAGE MALL,21.53,0.00,receipts,215700,
2012-02-03,1000,Cash / Clearing,VILLAGE MALL,0.00,21.53,receipts,215700,
2012-02-03,5116,BANKING,MACS CONVENIENCE,16.22,0.00,receipts,215775,
2012-02-03,1000,Cash / Clearing,MACS CONVENIENCE,0.00,16.22,receipts,215775,
2012-02-03,5116,BANKING,CENTEX,6.32,0.00,receipts,217000,
2012-02-03,1000,Cash / Clearing,CENTEX,0.00,6.32,receipts,217000,
2012-02-03,5740,BANKING,CALGARY AIRPORT AUTHORITY,9.01,0.00,receipts,217085,
2012-02-03,1000,Cash / Clearing,CALGARY AIRPORT AUTHORITY,0.00,9.01,receipts,217085,
2012-02-03,2550,BANKING,BROCHURES,570.15,0.00,receipts,217225,
2012-02-03,1000,Cash / Clearing,BROCHURES,0.00,570.15,receipts,217225,
2012-02-03,5116,BANKING,CUSTOMER TEA,6.32,0.00,receipts,217276,
2012-02-03,1000,Cash / Clearing,CUSTOMER TEA,0.00,6.32,receipts,217276,
2012-02-03,2910,BANKING,Calgary Parking Authority,9.01,0.00,receipts,217837,BANKING_IMPORT
2012-02-03,1000,Cash / Clearing,Calgary Parking Authority,0.00,9.01,receipts,217837,BANKING_IMPORT
2012-02-03,5110,Fuel,CENTEX,55.10,0.00,receipts,217838,BANKING_IMPORT
2012-02-03,1000,Cash / Clearing,CENTEX,0.00,55.10,receipts,217838,BANKING_IMPORT
2012-02-04,2550,BANKING,CELL PHONE HOLDER,41.99,0.00,receipts,173614,
2012-02-04,1000,Cash / Clearing,CELL PHONE HOLDER,0.00,41.99,receipts,173614,
2012-02-04,2550,Office Supplies,inkjet cartrigde black and color,64.05,0.00,receipts,173617,
2012-02-04,1000,Cash / Clearing,inkjet cartrigde black and color,0.00,64.05,receipts,173617,
2012-02-04,2550,BANKING,FAS GAS,48.50,0.00,receipts,173651,
2012-02-04,1000,Cash / Clearing,FAS GAS,0.00,48.50,receipts,173651,
2012-02-04,5110,BANKING,FAS GAS,65.00,0.00,receipts,214023,BANKING_IMPORT | PG17_COLLISION_ORIG_ID=173652 | FALLBACK_BT=96078
2012-02-04,1000,Cash / Clearing,FAS GAS,0.00,65.00,receipts,214023,BANKING_IMPORT | PG17_COLLISION_ORIG_ID=173652 | FALLBACK_BT=96078
2012-02-04,5110,BANKING,ESSO,60.01,0.00,receipts,214918,
2012-02-04,1000,Cash / Clearing,ESSO,0.00,60.01,receipts,214918,
2012-02-04,5120,BANKING,L7,5.70,0.00,receipts,215090,
2012-02-04,1000,Cash / Clearing,L7,0.00,5.70,receipts,215090,
2012-02-04,5120,BANKING,L2,10.00,0.00,receipts,215146,
2012-02-04,1000,Cash / Clearing,L2,0.00,10.00,receipts,215146,
2012-02-04,5120,BANKING,HUGHES,10.00,0.00,receipts,215186,
2012-02-04,1000,Cash / Clearing,HUGHES,0.00,10.00,receipts,215186,
2012-02-04,5116,BANKING,COLD ONES LIQUOR,55.85,0.00,receipts,215642,
2012-02-04,1000,Cash / Clearing,COLD ONES LIQUOR,0.00,55.85,receipts,215642,
2012-02-04,5116,BANKING,CAPRI LIQUOR STORE,9.74,0.00,receipts,215644,
2012-02-04,1000,Cash / Clearing,CAPRI LIQUOR STORE,0.00,9.74,receipts,215644,
2012-02-04,5116,BANKING,PLAZA LIQUOR TOWN,88.01,0.00,receipts,215664,
2012-02-04,1000,Cash / Clearing,PLAZA LIQUOR TOWN,0.00,88.01,receipts,215664,
2012-02-04,5110,BANKING,CENTEX,50.01,0.00,receipts,217002,
2012-02-04,1000,Cash / Clearing,CENTEX,0.00,50.01,receipts,217002,
2012-02-04,5110,BANKING,CENTEX,50.01,0.00,receipts,217274,
2012-02-04,1000,Cash / Clearing,CENTEX,0.00,50.01,receipts,217274,
2012-02-05,5110,BANKING,CENTEX,24.00,0.00,receipts,216998,
2012-02-05,1000,Cash / Clearing,CENTEX,0.00,24.00,receipts,216998,
2012-02-05,5110,BANKING,CENTEX,24.00,0.00,receipts,217513,
2012-02-05,1000,Cash / Clearing,CENTEX,0.00,24.00,receipts,217513,
2012-02-06,5710,Bank Fees & Service Charges,PLAZA LIQUOR TOWN,88.01,0.00,receipts,150347,BANKING_IMPORT
2012-02-06,1000,Cash / Clearing,PLAZA LIQUOR TOWN,0.00,88.01,receipts,150347,BANKING_IMPORT
2012-02-06,5110,Fuel,CENTEX,102.44,0.00,receipts,214266,99532
2012-02-06,1000,Cash / Clearing,CENTEX,0.00,102.44,receipts,214266,99532
2012-02-06,5110,Fuel,CENTEX,40.01,0.00,receipts,214267,99533
2012-02-06,1000,Cash / Clearing,CENTEX,0.00,40.01,receipts,214267,99533
2012-02-06,5110,Fuel,CENTEX,58.60,0.00,receipts,214268,99534
2012-02-06,1000,Cash / Clearing,CENTEX,0.00,58.60,receipts,214268,99534
2012-02-06,5110,Fuel,CENTEX,31.00,0.00,receipts,214269,99535
2012-02-06,1000,Cash / Clearing,CENTEX,0.00,31.00,receipts,214269,99535
2012-02-06,2550,BANKING,KEYS OF BACK DOORS ON BUS,31.50,0.00,receipts,215007,
2012-02-06,1000,Cash / Clearing,KEYS OF BACK DOORS ON BUS,0.00,31.50,receipts,215007,
2012-02-06,5420,BANKING,KEY PRESS,13.55,0.00,receipts,215009,
2012-02-06,1000,Cash / Clearing,KEY PRESS,0.00,13.55,receipts,215009,
2012-02-06,5710,Bank Fees & Service Charges,GBL MERCH FEE,1244.81,0.00,receipts,216330,BANKING_IMPORT
2012-02-06,1000,Cash / Clearing,GBL MERCH FEE,0.00,1244.81,receipts,216330,BANKING_IMPORT
2012-02-06,5110,BANKING,CENTEX,30.02,0.00,receipts,216999,
2012-02-06,1000,Cash / Clearing,CENTEX,0.00,30.02,receipts,216999,
2012-02-06,5120,BANKING,MR LUBE,61.40,0.00,receipts,217171,
2012-02-06,1000,Cash / Clearing,MR LUBE,0.00,61.40,receipts,217171,
2012-02-06,5110,BANKING,CENTEX,30.02,0.00,receipts,217277,
2012-02-06,1000,Cash / Clearing,CENTEX,0.00,30.02,receipts,217277,
2012-02-06,5320,BANKING,PHOENIX BUFFET,35.00,0.00,receipts,217575,
2012-02-06,1000,Cash / Clearing,PHOENIX BUFFET,0.00,35.00,receipts,217575,
2012-02-06,5720,BANKING,GBL MERCH FEE,1244.81,0.00,receipts,217589,BANKING_IMPORT
2012-02-06,1000,Cash / Clearing,GBL MERCH FEE,0.00,1244.81,receipts,217589,BANKING_IMPORT
2012-02-06,5110,Fuel,CENTEX,102.44,0.00,receipts,217839,BANKING_IMPORT
2012-02-06,1000,Cash / Clearing,CENTEX,0.00,102.44,receipts,217839,BANKING_IMPORT
2012-02-06,5110,Fuel,CENTEX,31.00,0.00,receipts,217840,BANKING_IMPORT
2012-02-06,1000,Cash / Clearing,CENTEX,0.00,31.00,receipts,217840,BANKING_IMPORT
2012-02-07,5880,Owner Personal (Non-Deductible),LOAD CARD,3000.00,0.00,receipts,141281,BANKING_IMPORT
2012-02-07,1000,Cash / Clearing,LOAD CARD,0.00,3000.00,receipts,141281,BANKING_IMPORT
2012-02-07,2550,BANKING,EDMONTON AIRPORT AUTHORITY,4.00,0.00,receipts,217087,
2012-02-07,1000,Cash / Clearing,EDMONTON AIRPORT AUTHORITY,0.00,4.00,receipts,217087,
2012-02-07,5110,BANKING,CENTEX,55.41,0.00,receipts,217273,
2012-02-07,1000,Cash / Clearing,CENTEX,0.00,55.41,receipts,217273,
2012-02-07,5116,"Client Amenities - Food, Coffee, Supplies",ICE,3.09,0.00,receipts,217426,
2012-02-07,1000,Cash / Clearing,ICE,0.00,3.09,receipts,217426,
2012-02-07,5710,Bank Fees & Service Charges,MONEYMART,3000.00,0.00,receipts,217841,BANKING_IMPORT
2012-02-07,1000,Cash / Clearing,MONEYMART,0.00,3000.00,receipts,217841,BANKING_IMPORT
2012-02-08,5150,Vehicle Lease Payments,LFG Business PAD,202.27,0.00,receipts,138061,BANKING_IMPORT
2012-02-08,1000,Cash / Clearing,LFG Business PAD,0.00,202.27,receipts,138061,BANKING_IMPORT
2012-02-08,5600,Advertising,CHQ 209 106.7,550.00,0.00,receipts,141284,BANKING_IMPORT
2012-02-08,1000,Cash / Clearing,CHQ 209 106.7,0.00,550.00,receipts,141284,BANKING_IMPORT
2012-02-08,6300,BANKING,CAPITAL ONE MASTERCARD,500.00,0.00,receipts,141290,BANKING_IMPORT
2012-02-08,1000,Cash / Clearing,CAPITAL ONE MASTERCARD,0.00,500.00,receipts,141290,BANKING_IMPORT
2012-02-08,5120,BANKING,CITY CENTER VACUUM,20.99,0.00,receipts,214948,
2012-02-08,1000,Cash / Clearing,CITY CENTER VACUUM,0.00,20.99,receipts,214948,
2012-02-08,5110,BANKING,CENTEX,60.50,0.00,receipts,217272,
2012-02-08,1000,Cash / Clearing,CENTEX,0.00,60.50,receipts,217272,
2012-02-08,2910,BANKING,CHQ 209 106.7 THE DRIVE,550.00,0.00,receipts,217679,BANKING_IMPORT
2012-02-08,1000,Cash / Clearing,CHQ 209 106.7 THE DRIVE,0.00,550.00,receipts,217679,BANKING_IMPORT
2012-02-08,2910,BANKING,MASTERCARD CAPITAL ONE PAYMENT,500.00,0.00,receipts,217842,BANKING_IMPORT
2012-02-08,1000,Cash / Clearing,MASTERCARD CAPITAL ONE PAYMENT,0.00,500.00,receipts,217842,BANKING_IMPORT
2012-02-09,5420,Office Supplies,CANADA POST,64.05,0.00,receipts,141294,BANKING_IMPORT
2012-02-09,1000,Cash / Clearing,CANADA POST,0.00,64.05,receipts,141294,BANKING_IMPORT
2012-02-09,5110,Fuel,CENTEX,35.99,0.00,receipts,214270,99548
2012-02-09,1000,Cash / Clearing,CENTEX,0.00,35.99,receipts,214270,99548
2012-02-09,2550,BANKING,CALGARY AIRPORT AUTHORITY,13.51,0.00,receipts,217105,
2012-02-09,1000,Cash / Clearing,CALGARY AIRPORT AUTHORITY,0.00,13.51,receipts,217105,
2012-02-09,2910,BANKING,CPC / SCP,64.05,0.00,receipts,217843,BANKING_IMPORT
2012-02-09,1000,Cash / Clearing,CPC / SCP,0.00,64.05,receipts,217843,BANKING_IMPORT
2012-02-09,5110,Fuel,CENTEX,35.99,0.00,receipts,217844,BANKING_IMPORT
2012-02-09,1000,Cash / Clearing,CENTEX,0.00,35.99,receipts,217844,BANKING_IMPORT
2012-02-10,6900,BANKING,TOMMY GUNS,34.75,0.00,receipts,141304,BANKING_IMPORT
2012-02-10,1000,Cash / Clearing,TOMMY GUNS,0.00,34.75,receipts,141304,BANKING_IMPORT
2012-02-10,5110,Fuel,CENTEX,51.00,0.00,receipts,214271,99552
2012-02-10,1000,Cash / Clearing,CENTEX,0.00,51.00,receipts,214271,99552
2012-02-10,5110,Fuel,CENTEX,42.54,0.00,receipts,214272,99553
2012-02-10,1000,Cash / Clearing,CENTEX,0.00,42.54,receipts,214272,99553
2012-02-10,5110,Fuel,CENTEX,52.00,0.00,receipts,214273,99554
2012-02-10,1000,Cash / Clearing,CENTEX,0.00,52.00,receipts,214273,99554
2012-02-10,5116,Client Hospitality - Charter Supplies,LIQUOR BARN,8.49,0.00,receipts,215628,BANKING_IMPORT
2012-02-10,1000,Cash / Clearing,LIQUOR BARN,0.00,8.49,receipts,215628,BANKING_IMPORT
2012-02-10,2910,BANKING,TOMMY GUNS,34.75,0.00,receipts,217845,BANKING_IMPORT
2012-02-10,1000,Cash / Clearing,TOMMY GUNS,0.00,34.75,receipts,217845,BANKING_IMPORT
2012-02-10,5110,Fuel,CENTEX,52.00,0.00,receipts,217846,BANKING_IMPORT
2012-02-10,1000,Cash / Clearing,CENTEX,0.00,52.00,receipts,217846,BANKING_IMPORT
2012-02-11,5420,BANKING,unreadabel,4.20,0.00,receipts,214932,
2012-02-11,1000,Cash / Clearing,unreadabel,0.00,4.20,receipts,214932,
2012-02-11,5110,BANKING,CENTEX,64.00,0.00,receipts,217007,
2012-02-11,1000,Cash / Clearing,CENTEX,0.00,64.00,receipts,217007,
2012-02-11,5110,BANKING,CENTEX,54.00,0.00,receipts,217279,
2012-02-11,1000,Cash / Clearing,CENTEX,0.00,54.00,receipts,217279,
2012-02-12,2550,BANKING,FLYING J,200.00,0.00,receipts,214072,
2012-02-12,1000,Cash / Clearing,FLYING J,0.00,200.00,receipts,214072,
2012-02-12,5120,BANKING,L10,25.00,0.00,receipts,215143,
2012-02-12,1000,Cash / Clearing,L10,0.00,25.00,receipts,215143,
2012-02-12,5110,BANKING,fuel,51.00,0.00,receipts,215313,
2012-02-12,1000,Cash / Clearing,fuel,0.00,51.00,receipts,215313,
2012-02-12,2550,BANKING,CALGARY AIRPORT AUTHORITY,17.87,0.00,receipts,217104,
2012-02-12,1000,Cash / Clearing,CALGARY AIRPORT AUTHORITY,0.00,17.87,receipts,217104,
2012-02-12,5116,BANKING,non alcoholic champagen,20.00,0.00,receipts,217129,
2012-02-12,1000,Cash / Clearing,non alcoholic champagen,0.00,20.00,receipts,217129,
2012-02-12,5116,BANKING,"ICE, WATER AND MIX",11.95,0.00,receipts,217250,
2012-02-12,1000,Cash / Clearing,"ICE, WATER AND MIX",0.00,11.95,receipts,217250,
2012-02-12,5116,BANKING,NORTHWOOD LIQUOR STORE,22.50,0.00,receipts,217422,
2012-02-12,1000,Cash / Clearing,NORTHWOOD LIQUOR STORE,0.00,22.50,receipts,217422,
2012-02-13,5430,Telephone & Internet,TELUS,2083.34,0.00,receipts,138085,BANKING_IMPORT
2012-02-13,1000,Cash / Clearing,TELUS,0.00,2083.34,receipts,138085,BANKING_IMPORT
2012-02-13,5116,"Client Amenities - Food, Coffee, Supplies",GLOBAL LIQUOR STORE,65.67,0.00,receipts,141313,BANKING_IMPORT
2012-02-13,1000,Cash / Clearing,GLOBAL LIQUOR STORE,0.00,65.67,receipts,141313,BANKING_IMPORT
2012-02-13,6900,BANKING,VILLAGE MALL SQ,41.48,0.00,receipts,141315,BANKING_IMPORT
2012-02-13,1000,Cash / Clearing,VILLAGE MALL SQ,0.00,41.48,receipts,141315,BANKING_IMPORT
2012-02-13,5110,Fuel,CENTEX,42.00,0.00,receipts,214274,99559
2012-02-13,1000,Cash / Clearing,CENTEX,0.00,42.00,receipts,214274,99559
2012-02-13,5110,Fuel,CENTEX,34.00,0.00,receipts,214275,99560
2012-02-13,1000,Cash / Clearing,CENTEX,0.00,34.00,receipts,214275,99560
2012-02-13,5420,BANKING,BINDER LABELS ECT,58.82,0.00,receipts,217047,
2012-02-13,1000,Cash / Clearing,BINDER LABELS ECT,0.00,58.82,receipts,217047,
2012-02-13,6100,BANKING,CLIENT MEETING,48.26,0.00,receipts,217332,
2012-02-13,1000,Cash / Clearing,CLIENT MEETING,0.00,48.26,receipts,217332,
2012-02-13,5320,BANKING,BONANNO PIZZA,11.24,0.00,receipts,217524,
2012-02-13,1000,Cash / Clearing,BONANNO PIZZA,0.00,11.24,receipts,217524,
2012-02-13,1015,Petty Cash,PETTY CASH FUNDING,400.00,0.00,receipts,217637,BANKING_IMPORT
2012-02-13,1000,Cash / Clearing,PETTY CASH FUNDING,0.00,400.00,receipts,217637,BANKING_IMPORT
2012-02-13,5116,"Client Amenities - Food, Coffee, Supplies",Global Liquor Store,65.67,0.00,receipts,217847,BANKING_IMPORT
2012-02-13,1000,Cash / Clearing,Global Liquor Store,0.00,65.67,receipts,217847,BANKING_IMPORT
2012-02-13,5116,"Client Amenities - Food, Coffee, Supplies",SOBEYS,41.48,0.00,receipts,217848,BANKING_IMPORT
2012-02-13,1000,Cash / Clearing,SOBEYS,0.00,41.48,receipts,217848,BANKING_IMPORT
2012-02-13,5110,Fuel,CENTEX,34.00,0.00,receipts,217849,BANKING_IMPORT
2012-02-13,1000,Cash / Clearing,CENTEX,0.00,34.00,receipts,217849,BANKING_IMPORT
2012-02-14,6300,Government Fees & Licenses,CHQ 211 CRA,3293.56,0.00,receipts,141337,BANKING_IMPORT
2012-02-14,1000,Cash / Clearing,CHQ 211 CRA,0.00,3293.56,receipts,141337,BANKING_IMPORT
2012-02-14,5710,Bank Fees & Service Charges,DOMO,52.01,0.00,receipts,150357,BANKING_IMPORT
2012-02-14,1000,Cash / Clearing,DOMO,0.00,52.01,receipts,150357,BANKING_IMPORT
2012-02-14,5110,Fuel,FAS GAS,55.00,0.00,receipts,214276,99564
2012-02-14,1000,Cash / Clearing,FAS GAS,0.00,55.00,receipts,214276,99564
2012-02-14,5110,Fuel,CENTEX,37.73,0.00,receipts,214277,99565
2012-02-14,1000,Cash / Clearing,CENTEX,0.00,37.73,receipts,214277,99565
2012-02-14,5110,Fuel,CENTEX,140.01,0.00,receipts,214278,99566
2012-02-14,1000,Cash / Clearing,CENTEX,0.00,140.01,receipts,214278,99566
2012-02-14,5116,"Client Amenities - Food, Coffee, Supplies",COOP,47.25,0.00,receipts,214279,99567
2012-02-14,1000,Cash / Clearing,COOP,0.00,47.25,receipts,214279,99567
2012-02-14,2550,Fuel,DOMO GAS,52.01,0.00,receipts,214875,
2012-02-14,1000,Cash / Clearing,DOMO GAS,0.00,52.01,receipts,214875,
2012-02-14,5116,BANKING,LIQUOR BARN,115.00,0.00,receipts,215605,
2012-02-14,1000,Cash / Clearing,LIQUOR BARN,0.00,115.00,receipts,215605,
2012-02-14,5116,BANKING,RIMBEY LIQUOR STORE,5.50,0.00,receipts,215704,
2012-02-14,1000,Cash / Clearing,RIMBEY LIQUOR STORE,0.00,5.50,receipts,215704,
2012-02-14,2550,BANKING,COLD ONES LIQUOR,47.25,0.00,receipts,217020,97171
2012-02-14,1000,Cash / Clearing,COLD ONES LIQUOR,0.00,47.25,receipts,217020,97171
2012-02-14,5116,BANKING,MIX FOR CLIENTS,3.24,0.00,receipts,217280,
2012-02-14,1000,Cash / Clearing,MIX FOR CLIENTS,0.00,3.24,receipts,217280,
2012-02-14,6100,BANKING,VEGAS BUSINESS CONFERENCE,217.18,0.00,receipts,217333,
2012-02-14,1000,Cash / Clearing,VEGAS BUSINESS CONFERENCE,0.00,217.18,receipts,217333,
2012-02-14,6100,BANKING,BUSINESS CONVENTION VEGAS,91.93,0.00,receipts,217334,
2012-02-14,1000,Cash / Clearing,BUSINESS CONVENTION VEGAS,0.00,91.93,receipts,217334,
2012-02-14,6100,BANKING,BUSINESS CONVENTION VEGAS STAFF SECOND ROOM,91.93,0.00,receipts,217335,
2012-02-14,1000,Cash / Clearing,BUSINESS CONVENTION VEGAS STAFF SECOND ROOM,0.00,91.93,receipts,217335,
2012-02-14,5320,BANKING,BOSTON PIZZA,10.45,0.00,receipts,217519,
2012-02-14,1000,Cash / Clearing,BOSTON PIZZA,0.00,10.45,receipts,217519,
2012-02-14,5110,BANKING,CO-OP GAS,47.25,0.00,receipts,217850,BANKING_IMPORT
2012-02-14,1000,Cash / Clearing,CO-OP GAS,0.00,47.25,receipts,217850,BANKING_IMPORT
2012-02-14,5150,Vehicle Lease Payments,JACK CARTER,1885.65,0.00,receipts,217851,BANKING_IMPORT
2012-02-14,1000,Cash / Clearing,JACK CARTER,0.00,1885.65,receipts,217851,BANKING_IMPORT
2012-02-14,5110,Fuel,FAS GAS,55.00,0.00,receipts,217852,BANKING_IMPORT
2012-02-14,1000,Cash / Clearing,FAS GAS,0.00,55.00,receipts,217852,BANKING_IMPORT
2012-02-14,5110,Fuel,CENTEX,37.73,0.00,receipts,217853,BANKING_IMPORT
2012-02-14,1000,Cash / Clearing,CENTEX,0.00,37.73,receipts,217853,BANKING_IMPORT
2012-02-15,5150,Vehicle Lease Payments,HEFFNER AUTO FINANCE,2525.25,0.00,receipts,150361,BANKING_IMPORT
2012-02-15,1000,Cash / Clearing,HEFFNER AUTO FINANCE,0.00,2525.25,receipts,150361,BANKING_IMPORT
2012-02-15,5715,NSF Fees,NSF Fee,170.00,0.00,receipts,215959,BANKING_IMPORT
2012-02-15,1000,Cash / Clearing,NSF Fee,0.00,170.00,receipts,215959,BANKING_IMPORT
2012-02-15,5715,BANKING,NSF Fee,170.00,0.00,receipts,216886,BANKING_IMPORT
2012-02-15,1000,Cash / Clearing,NSF Fee,0.00,170.00,receipts,216886,BANKING_IMPORT
2012-02-15,5150,Vehicle Operating Leases,Heffner Auto Finance,1525.25,0.00,receipts,217298,BANKING_IMPORT
2012-02-15,1000,Cash / Clearing,Heffner Auto Finance,0.00,1525.25,receipts,217298,BANKING_IMPORT
2012-02-15,5150,Vehicle Operating Leases,Heffner Auto Finance,1475.25,0.00,receipts,217299,BANKING_IMPORT
2012-02-15,1000,Cash / Clearing,Heffner Auto Finance,0.00,1475.25,receipts,217299,BANKING_IMPORT
2012-02-15,5150,BANKING,HEFFNER AUTO FINANCE,2525.25,0.00,receipts,217854,BANKING_IMPORT
2012-02-15,1000,Cash / Clearing,HEFFNER AUTO FINANCE,0.00,2525.25,receipts,217854,BANKING_IMPORT
2012-02-15,5150,BANKING,Heffner Auto Finance,1525.25,0.00,receipts,217855,BANKING_IMPORT
2012-02-15,1000,Cash / Clearing,Heffner Auto Finance,0.00,1525.25,receipts,217855,BANKING_IMPORT
2012-02-16,5150,Vehicle Lease Payments,HEFFNER AUTO FINANCE,1900.50,0.00,receipts,150362,BANKING_IMPORT
2012-02-16,1000,Cash / Clearing,HEFFNER AUTO FINANCE,0.00,1900.50,receipts,150362,BANKING_IMPORT
2012-02-16,5116,BANKING,beverages,26.80,0.00,receipts,214088,
2012-02-16,1000,Cash / Clearing,beverages,0.00,26.80,receipts,214088,
2012-02-16,2550,BANKING,fuel,43.50,0.00,receipts,215404,
2012-02-16,1000,Cash / Clearing,fuel,0.00,43.50,receipts,215404,
2012-02-16,5870,BANKING,BUSINESS CONVENTION MEAL,2.49,0.00,receipts,217240,
2012-02-16,1000,Cash / Clearing,BUSINESS CONVENTION MEAL,0.00,2.49,receipts,217240,
2012-02-16,5320,BANKING,OUT OF TOWN MEAL,12.09,0.00,receipts,217520,
2012-02-16,1000,Cash / Clearing,OUT OF TOWN MEAL,0.00,12.09,receipts,217520,
2012-02-16,5320,BANKING,PHIL'S RESTAURA,9.08,0.00,receipts,217555,
2012-02-16,1000,Cash / Clearing,PHIL'S RESTAURA,0.00,9.08,receipts,217555,
2012-02-16,5150,BANKING,HEFFNER AUTO FINANCE,1900.50,0.00,receipts,217856,BANKING_IMPORT
2012-02-16,1000,Cash / Clearing,HEFFNER AUTO FINANCE,0.00,1900.50,receipts,217856,BANKING_IMPORT
2012-02-16,5300,Insurance,Optimum West Insurance,83.46,0.00,receipts,217857,BANKING_IMPORT
2012-02-16,1000,Cash / Clearing,Optimum West Insurance,0.00,83.46,receipts,217857,BANKING_IMPORT
2012-02-17,5110,BANKING,FAS GAS,14.38,0.00,receipts,214031,
2012-02-17,1000,Cash / Clearing,FAS GAS,0.00,14.38,receipts,214031,
2012-02-17,5110,BANKING,ESSO,30.03,0.00,receipts,214919,
2012-02-17,1000,Cash / Clearing,ESSO,0.00,30.03,receipts,214919,
2012-02-17,5110,Fuel,DOMO GAS,37.98,0.00,receipts,215040,
2012-02-17,1000,Cash / Clearing,DOMO GAS,0.00,37.98,receipts,215040,
2012-02-17,5116,BANKING,LACOMBE LIQUOR STORE,35.18,0.00,receipts,215703,
2012-02-17,1000,Cash / Clearing,LACOMBE LIQUOR STORE,0.00,35.18,receipts,215703,
2012-02-17,5710,Bank Fees & Service Charges,E-TRANSFER#000000564992,300.00,0.00,receipts,216331,BANKING_IMPORT
2012-02-17,1000,Cash / Clearing,E-TRANSFER#000000564992,0.00,300.00,receipts,216331,BANKING_IMPORT
2012-02-17,5110,BANKING,CENTEX,35.00,0.00,receipts,217004,
2012-02-17,1000,Cash / Clearing,CENTEX,0.00,35.00,receipts,217004,
2012-02-17,2550,BANKING,CALGARY AIRPORT AUTHORITY,17.87,0.00,receipts,217109,
2012-02-17,1000,Cash / Clearing,CALGARY AIRPORT AUTHORITY,0.00,17.87,receipts,217109,
2012-02-17,5110,BANKING,CENTEX,35.00,0.00,receipts,217275,
2012-02-17,1000,Cash / Clearing,CENTEX,0.00,35.00,receipts,217275,
2012-02-17,5116,"Client Amenities - Food, Coffee, Supplies",BEVERAGES,154.52,0.00,receipts,217423,
2012-02-17,1000,Cash / Clearing,BEVERAGES,0.00,154.52,receipts,217423,
2012-02-17,5110,Fuel,fuel,47.09,0.00,receipts,217477,
2012-02-17,1000,Cash / Clearing,fuel,0.00,47.09,receipts,217477,
2012-02-17,2910,BANKING,E-TRANSFER#000000564992,300.00,0.00,receipts,217858,BANKING_IMPORT
2012-02-17,1000,Cash / Clearing,E-TRANSFER#000000564992,0.00,300.00,receipts,217858,BANKING_IMPORT
2012-02-18,5116,BANKING,FLYING J,8.97,0.00,receipts,214068,
2012-02-18,1000,Cash / Clearing,FLYING J,0.00,8.97,receipts,214068,
2012-02-18,2550,BANKING,FLYING J,193.02,0.00,receipts,214083,
2012-02-18,1000,Cash / Clearing,FLYING J,0.00,193.02,receipts,214083,
2012-02-18,5120,BANKING,L9,7.20,0.00,receipts,215088,
2012-02-18,1000,Cash / Clearing,L9,0.00,7.20,receipts,215088,
2012-02-18,5116,BANKING,GLOBAL LIQUOR STORE,325.71,0.00,receipts,215634,
2012-02-18,1000,Cash / Clearing,GLOBAL LIQUOR STORE,0.00,325.71,receipts,215634,
2012-02-18,5110,BANKING,CENTEX,54.99,0.00,receipts,217001,
2012-02-18,1000,Cash / Clearing,CENTEX,0.00,54.99,receipts,217001,
2012-02-19,5120,BANKING,L9,9.50,0.00,receipts,215089,
2012-02-19,1000,Cash / Clearing,L9,0.00,9.50,receipts,215089,
2012-02-19,5116,BANKING,GLOBAL LIQUOR STORE,24.27,0.00,receipts,215637,
2012-02-19,1000,Cash / Clearing,GLOBAL LIQUOR STORE,0.00,24.27,receipts,215637,
2012-02-19,5116,BANKING,CAPRI LIQUOR STORE,25.09,0.00,receipts,215652,
2012-02-19,1000,Cash / Clearing,CAPRI LIQUOR STORE,0.00,25.09,receipts,215652,
2012-02-20,5110,Fuel,CENTEX,43.50,0.00,receipts,138112,BANKING_IMPORT
2012-02-20,1000,Cash / Clearing,CENTEX,0.00,43.50,receipts,138112,BANKING_IMPORT
2012-02-20,5110,Fuel,CENTEX,53.51,0.00,receipts,138113,BANKING_IMPORT
2012-02-20,1000,Cash / Clearing,CENTEX,0.00,53.51,receipts,138113,BANKING_IMPORT
2012-02-20,5710,Bank Fees & Service Charges,Calgary Parking Authority,17.87,0.00,receipts,150363,BANKING_IMPORT
2012-02-20,1000,Cash / Clearing,Calgary Parking Authority,0.00,17.87,receipts,150363,BANKING_IMPORT
2012-02-20,5710,Bank Fees & Service Charges,OPTIMUM WEST INSURANCE COMPANY,83.46,0.00,receipts,150364,BANKING_IMPORT
2012-02-20,1000,Cash / Clearing,OPTIMUM WEST INSURANCE COMPANY,0.00,83.46,receipts,150364,BANKING_IMPORT
2012-02-20,5600,Advertising,CHQ 022 With This Ring Bridal Gala - Trade show payment,682.50,0.00,receipts,214978,CHQ022-WITH-THIS-RING-2012
2012-02-20,1000,Cash / Clearing,CHQ 022 With This Ring Bridal Gala - Trade show payment,0.00,682.50,receipts,214978,CHQ022-WITH-THIS-RING-2012
2012-02-20,5110,BANKING,MOHAWK,150.50,0.00,receipts,215047,
2012-02-20,1000,Cash / Clearing,MOHAWK,0.00,150.50,receipts,215047,
2012-02-20,5120,BANKING,L2,10.40,0.00,receipts,215144,
2012-02-20,1000,Cash / Clearing,L2,0.00,10.40,receipts,215144,
2012-02-20,2550,BANKING,CANADIAN TIRE,296.24,0.00,receipts,216957,
2012-02-20,1000,Cash / Clearing,CANADIAN TIRE,0.00,296.24,receipts,216957,
2012-02-20,5860,BANKING,FOAM BOARD,41.98,0.00,receipts,217015,82067
2012-02-20,1000,Cash / Clearing,FOAM BOARD,0.00,41.98,receipts,217015,82067
2012-02-20,5860,BANKING,LOCK DEICER,7.95,0.00,receipts,217016,82067
2012-02-20,1000,Cash / Clearing,LOCK DEICER,0.00,7.95,receipts,217016,82067
2012-02-20,5120,BANKING,oil change,210.00,0.00,receipts,217170,
2012-02-20,1000,Cash / Clearing,oil change,0.00,210.00,receipts,217170,
2012-02-20,5710,BANKING,OVERLIMIT FEE,29.00,0.00,receipts,217336,
2012-02-20,1000,Cash / Clearing,OVERLIMIT FEE,0.00,29.00,receipts,217336,
2012-02-20,5710,Bank Fees & Service Charges,INTEREST,42.87,0.00,receipts,217337,
2012-02-20,1000,Cash / Clearing,INTEREST,0.00,42.87,receipts,217337,
2012-02-20,5320,BANKING,KFC,8.39,0.00,receipts,217523,
2012-02-20,1000,Cash / Clearing,KFC,0.00,8.39,receipts,217523,
2012-02-20,1015,Petty Cash,PETTY CASH FUNDING,500.00,0.00,receipts,217638,BANKING_IMPORT
2012-02-20,1000,Cash / Clearing,PETTY CASH FUNDING,0.00,500.00,receipts,217638,BANKING_IMPORT
2012-02-20,2910,BANKING,Calgary Parking Authority,17.87,0.00,receipts,217859,BANKING_IMPORT
2012-02-20,1000,Cash / Clearing,Calgary Parking Authority,0.00,17.87,receipts,217859,BANKING_IMPORT
2012-02-20,5300,Insurance,OPTIMUM WEST INSURANCE COMPANY,83.46,0.00,receipts,217860,BANKING_IMPORT
2012-02-20,1000,Cash / Clearing,OPTIMUM WEST INSURANCE COMPANY,0.00,83.46,receipts,217860,BANKING_IMPORT
2012-02-21,5110,Fuel,FAS GAS,51.01,0.00,receipts,138118,BANKING_IMPORT
2012-02-21,1000,Cash / Clearing,FAS GAS,0.00,51.01,receipts,138118,BANKING_IMPORT
2012-02-21,5116,BANKING,LIQUOR CROSSING,7.50,0.00,receipts,214044,
2012-02-21,1000,Cash / Clearing,LIQUOR CROSSING,0.00,7.50,receipts,214044,
2012-02-21,5120,BANKING,L9,8.00,0.00,receipts,215164,
2012-02-21,1000,Cash / Clearing,L9,0.00,8.00,receipts,215164,
2012-02-21,5116,BANKING,GLOBAL LIQUOR STORE,148.98,0.00,receipts,215636,
2012-02-21,1000,Cash / Clearing,GLOBAL LIQUOR STORE,0.00,148.98,receipts,215636,
2012-02-21,5116,BANKING,CAPRI LIQUOR STORE,249.47,0.00,receipts,215648,
2012-02-21,1000,Cash / Clearing,CAPRI LIQUOR STORE,0.00,249.47,receipts,215648,
2012-02-21,2550,BANKING,CALGARY AIRPORT AUTHORITY,4.50,0.00,receipts,217103,
2012-02-21,1000,Cash / Clearing,CALGARY AIRPORT AUTHORITY,0.00,4.50,receipts,217103,
2012-02-21,5110,BANKING,"FUEL, WASHERFLUID",71.42,0.00,receipts,217251,
2012-02-21,1000,Cash / Clearing,"FUEL, WASHERFLUID",0.00,71.42,receipts,217251,
2012-02-21,2910,BANKING,E-TRANSFER MIKE BLADES,300.00,0.00,receipts,217861,BANKING_IMPORT
2012-02-21,1000,Cash / Clearing,E-TRANSFER MIKE BLADES,0.00,300.00,receipts,217861,BANKING_IMPORT
2012-02-22,5110,Fuel,CENTEX,111.00,0.00,receipts,138121,BANKING_IMPORT
2012-02-22,1000,Cash / Clearing,CENTEX,0.00,111.00,receipts,138121,BANKING_IMPORT
2012-02-22,5110,Fuel,CENTEX,0.00,0.00,receipts,141393,BANKING_IMPORT
2012-02-22,1000,Cash / Clearing,CENTEX,0.00,0.00,receipts,141393,BANKING_IMPORT
2012-02-22,5710,Bank Fees & Service Charges,CANADIAN TIRE,296.24,0.00,receipts,150365,BANKING_IMPORT
2012-02-22,1000,Cash / Clearing,CANADIAN TIRE,0.00,296.24,receipts,150365,BANKING_IMPORT
2012-02-22,5710,Bank Fees & Service Charges,Global Liquor Store,325.71,0.00,receipts,150366,BANKING_IMPORT
2012-02-22,1000,Cash / Clearing,Global Liquor Store,0.00,325.71,receipts,150366,BANKING_IMPORT
2012-02-22,5710,Bank Fees & Service Charges,SHELL,193.02,0.00,receipts,150367,BANKING_IMPORT
2012-02-22,1000,Cash / Clearing,SHELL,0.00,193.02,receipts,150367,BANKING_IMPORT
2012-02-22,5110,BANKING,fuel L9,66.00,0.00,receipts,214028,
2012-02-22,1000,Cash / Clearing,fuel L9,0.00,66.00,receipts,214028,
2012-02-22,5120,BANKING,L2,8.00,0.00,receipts,215142,
2012-02-22,1000,Cash / Clearing,L2,0.00,8.00,receipts,215142,
2012-02-22,5120,BANKING,parts,10.45,0.00,receipts,217111,
2012-02-22,1000,Cash / Clearing,parts,0.00,10.45,receipts,217111,
2012-02-22,2550,BANKING,WEB HOST,314.37,0.00,receipts,217224,
2012-02-22,1000,Cash / Clearing,WEB HOST,0.00,314.37,receipts,217224,
2012-02-22,5116,"Client Amenities - Food, Coffee, Supplies",Global Liquor Store,325.71,0.00,receipts,217862,BANKING_IMPORT
2012-02-22,1000,Cash / Clearing,Global Liquor Store,0.00,325.71,receipts,217862,BANKING_IMPORT
2012-02-22,5110,BANKING,SHELL,193.02,0.00,receipts,217863,BANKING_IMPORT
2012-02-22,1000,Cash / Clearing,SHELL,0.00,193.02,receipts,217863,BANKING_IMPORT
2012-02-23,5110,Fuel,CENTEX,43.00,0.00,receipts,138124,BANKING_IMPORT
2012-02-23,1000,Cash / Clearing,CENTEX,0.00,43.00,receipts,138124,BANKING_IMPORT
2012-02-23,5110,Fuel,CENTEX,35.50,0.00,receipts,138125,BANKING_IMPORT
2012-02-23,1000,Cash / Clearing,CENTEX,0.00,35.50,receipts,138125,BANKING_IMPORT
2012-02-23,5110,Fuel,ESSO,31.00,0.00,receipts,138128,BANKING_IMPORT
2012-02-23,1000,Cash / Clearing,ESSO,0.00,31.00,receipts,138128,BANKING_IMPORT
2012-02-23,5710,Bank Fees & Service Charges,SERVICE CHARGE,6.50,0.00,receipts,140347,BANKING_IMPORT
2012-02-23,1000,Cash / Clearing,SERVICE CHARGE,0.00,6.50,receipts,140347,BANKING_IMPORT
2012-02-23,6900,BANKING,DEBIT VIA DRAFT,5250.00,0.00,receipts,140348,BANKING_IMPORT
2012-02-23,1000,Cash / Clearing,DEBIT VIA DRAFT,0.00,5250.00,receipts,140348,BANKING_IMPORT
2012-02-23,5120,Vehicle Maintenance & Repairs,12 bronze cent w/viton seal,519.75,0.00,receipts,150368,BANKING_IMPORT
2012-02-23,1000,Cash / Clearing,12 bronze cent w/viton seal,0.00,519.75,receipts,150368,BANKING_IMPORT
2012-02-23,2550,BANKING,cup holder snow brush and ligher plug,27.26,0.00,receipts,216937,
2012-02-23,1000,Cash / Clearing,cup holder snow brush and ligher plug,0.00,27.26,receipts,216937,
2012-02-23,2550,BANKING,RED DEER REGISTRIES,78.90,0.00,receipts,217110,
2012-02-23,1000,Cash / Clearing,RED DEER REGISTRIES,0.00,78.90,receipts,217110,
2012-02-23,5116,BANKING,MIX,9.43,0.00,receipts,217252,
2012-02-23,1000,Cash / Clearing,MIX,0.00,9.43,receipts,217252,
2012-02-23,2910,BANKING,PUMPS AND PRESSURE,519.75,0.00,receipts,217864,BANKING_IMPORT
2012-02-23,1000,Cash / Clearing,PUMPS AND PRESSURE,0.00,519.75,receipts,217864,BANKING_IMPORT
2012-02-24,5425,Building & Property Maintenance,THE KEY HOLE,38.54,0.00,receipts,141416,BANKING_IMPORT
2012-02-24,1000,Cash / Clearing,THE KEY HOLE,0.00,38.54,receipts,141416,BANKING_IMPORT
2012-02-24,5120,Vehicle Maintenance & Repairs,L2,6.40,0.00,receipts,141419,BANKING_IMPORT
2012-02-24,1000,Cash / Clearing,L2,0.00,6.40,receipts,141419,BANKING_IMPORT
2012-02-24,5430,Telephone & Internet,Communications Group - radio rental oilfield lease roads,157.50,0.00,receipts,141420,BANKING_IMPORT
2012-02-24,1000,Cash / Clearing,Communications Group - radio rental oilfield lease roads,0.00,157.50,receipts,141420,BANKING_IMPORT
2012-02-24,2550,Supplies - General Business,TIRE CHAINS,439.31,0.00,receipts,141422,BANKING_IMPORT
2012-02-24,1000,Cash / Clearing,TIRE CHAINS,0.00,439.31,receipts,141422,BANKING_IMPORT
2012-02-24,5116,"Client Amenities - Food, Coffee, Supplies",LIQUOR BARN,84.31,0.00,receipts,141423,BANKING_IMPORT
2012-02-24,1000,Cash / Clearing,LIQUOR BARN,0.00,84.31,receipts,141423,BANKING_IMPORT
2012-02-24,5130,Insurance,INSURANCE,268.92,0.00,receipts,141424,BANKING_IMPORT
2012-02-24,1000,Cash / Clearing,INSURANCE,0.00,268.92,receipts,141424,BANKING_IMPORT
2012-02-24,5130,Insurance,IFS FINANCIAL,1271.47,0.00,receipts,141425,BANKING_IMPORT
2012-02-24,1000,Cash / Clearing,IFS FINANCIAL,0.00,1271.47,receipts,141425,BANKING_IMPORT
2012-02-24,5710,Bank Fees & Service Charges,CANADIAN TIRE,27.26,0.00,receipts,150369,BANKING_IMPORT
2012-02-24,1000,Cash / Clearing,CANADIAN TIRE,0.00,27.26,receipts,150369,BANKING_IMPORT
2012-02-24,5710,Bank Fees & Service Charges,CHQ 212 ANDREW LAFONT,112.96,0.00,receipts,150371,BANKING_IMPORT
2012-02-24,1000,Cash / Clearing,CHQ 212 ANDREW LAFONT,0.00,112.96,receipts,150371,BANKING_IMPORT
2012-02-24,5710,Bank Fees & Service Charges,COLLICUT CENTRE,18.00,0.00,receipts,150372,BANKING_IMPORT
2012-02-24,1000,Cash / Clearing,COLLICUT CENTRE,0.00,18.00,receipts,150372,BANKING_IMPORT
2012-02-24,5710,Bank Fees & Service Charges,PARR AUTOMOTIVE,500.00,0.00,receipts,150379,BANKING_IMPORT
2012-02-24,1000,Cash / Clearing,PARR AUTOMOTIVE,0.00,500.00,receipts,150379,BANKING_IMPORT
2012-02-24,5710,Bank Fees & Service Charges,PART SOURCE,10.49,0.00,receipts,150380,BANKING_IMPORT
2012-02-24,1000,Cash / Clearing,PART SOURCE,0.00,10.49,receipts,150380,BANKING_IMPORT
2012-02-24,5710,Bank Fees & Service Charges,RED DEER REGISTRIES,78.90,0.00,receipts,150381,BANKING_IMPORT
2012-02-24,1000,Cash / Clearing,RED DEER REGISTRIES,0.00,78.90,receipts,150381,BANKING_IMPORT
2012-02-24,2550,BANKING,COOP,43.85,0.00,receipts,214087,
2012-02-24,1000,Cash / Clearing,COOP,0.00,43.85,receipts,214087,
2012-02-24,5110,Fuel,CENTEX,32.00,0.00,receipts,214280,99574
2012-02-24,1000,Cash / Clearing,CENTEX,0.00,32.00,receipts,214280,99574
2012-02-24,5116,"Client Amenities - Food, Coffee, Supplies",REAL CAN SUPERSTORE,33.55,0.00,receipts,214281,99575
2012-02-24,1000,Cash / Clearing,REAL CAN SUPERSTORE,0.00,33.55,receipts,214281,99575
2012-02-24,5720,Payment Processing Fees,PRINTER INK BATTERIES,66.83,0.00,receipts,214282,99576
2012-02-24,1000,Cash / Clearing,PRINTER INK BATTERIES,0.00,66.83,receipts,214282,99576
2012-02-24,5130,Insurance,COOP INSURANCE CSI,110.42,0.00,receipts,214283,99577
2012-02-24,1000,Cash / Clearing,COOP INSURANCE CSI,0.00,110.42,receipts,214283,99577
2012-02-24,5110,BANKING,MOHAWK,67.00,0.00,receipts,215025,81610
2012-02-24,1000,Cash / Clearing,MOHAWK,0.00,67.00,receipts,215025,81610
2012-02-24,5120,BANKING,L8,9.50,0.00,receipts,215087,
2012-02-24,1000,Cash / Clearing,L8,0.00,9.50,receipts,215087,
2012-02-24,2550,BANKING,LIQUOR DEPOT,84.31,0.00,receipts,215735,
2012-02-24,1000,Cash / Clearing,LIQUOR DEPOT,0.00,84.31,receipts,215735,
2012-02-24,5715,NSF Fees,NSF Fee,42.50,0.00,receipts,215960,BANKING_IMPORT
2012-02-24,1000,Cash / Clearing,NSF Fee,0.00,42.50,receipts,215960,BANKING_IMPORT
2012-02-24,5715,BANKING,NSF Fee,42.50,0.00,receipts,216887,BANKING_IMPORT
2012-02-24,1000,Cash / Clearing,NSF Fee,0.00,42.50,receipts,216887,BANKING_IMPORT
2012-02-24,5120,BANKING,ANTIFREEZE BLOCK HEATER,31.95,0.00,receipts,217071,
2012-02-24,1000,Cash / Clearing,ANTIFREEZE BLOCK HEATER,0.00,31.95,receipts,217071,
2012-02-24,1015,Petty Cash,PETTY CASH FUNDING,800.00,0.00,receipts,217639,BANKING_IMPORT
2012-02-24,1000,Cash / Clearing,PETTY CASH FUNDING,0.00,800.00,receipts,217639,BANKING_IMPORT
2012-02-24,1015,Petty Cash,PETTY CASH FUNDING,200.00,0.00,receipts,217640,BANKING_IMPORT
2012-02-24,1000,Cash / Clearing,PETTY CASH FUNDING,0.00,200.00,receipts,217640,BANKING_IMPORT
2012-02-24,1015,Petty Cash,PETTY CASH FUNDING,100.00,0.00,receipts,217641,BANKING_IMPORT
2012-02-24,1000,Cash / Clearing,PETTY CASH FUNDING,0.00,100.00,receipts,217641,BANKING_IMPORT
2012-02-24,1015,Petty Cash,PETTY CASH FUNDING,800.00,0.00,receipts,217642,BANKING_IMPORT
2012-02-24,1000,Cash / Clearing,PETTY CASH FUNDING,0.00,800.00,receipts,217642,BANKING_IMPORT
2012-02-24,2910,BANKING,CHQ 212 ANDREW LAFONT,112.96,0.00,receipts,217680,BANKING_IMPORT
2012-02-24,1000,Cash / Clearing,CHQ 212 ANDREW LAFONT,0.00,112.96,receipts,217680,BANKING_IMPORT
2012-02-24,2910,BANKING,COLLICUT CENTRE,18.00,0.00,receipts,217865,BANKING_IMPORT
2012-02-24,1000,Cash / Clearing,COLLICUT CENTRE,0.00,18.00,receipts,217865,BANKING_IMPORT
2012-02-24,2910,BANKING,COMMUNICATIONS,157.50,0.00,receipts,217866,BANKING_IMPORT
2012-02-24,1000,Cash / Clearing,COMMUNICATIONS,0.00,157.50,receipts,217866,BANKING_IMPORT
2012-02-24,5110,BANKING,HUSKY,67.00,0.00,receipts,217867,BANKING_IMPORT
2012-02-24,1000,Cash / Clearing,HUSKY,0.00,67.00,receipts,217867,BANKING_IMPORT
2012-02-24,5130,BANKING,IFS PREMIUM FINANCING,1271.47,0.00,receipts,217868,BANKING_IMPORT
2012-02-24,1000,Cash / Clearing,IFS PREMIUM FINANCING,0.00,1271.47,receipts,217868,BANKING_IMPORT
2012-02-24,5300,Insurance,JEVCO INSURANCE COMPANY,268.92,0.00,receipts,217869,BANKING_IMPORT
2012-02-24,1000,Cash / Clearing,JEVCO INSURANCE COMPANY,0.00,268.92,receipts,217869,BANKING_IMPORT
2012-02-24,2910,BANKING,MR SUDS,6.40,0.00,receipts,217870,BANKING_IMPORT
2012-02-24,1000,Cash / Clearing,MR SUDS,0.00,6.40,receipts,217870,BANKING_IMPORT
2012-02-24,2910,BANKING,PARR AUTOMOTIVE,500.00,0.00,receipts,217871,BANKING_IMPORT
2012-02-24,1000,Cash / Clearing,PARR AUTOMOTIVE,0.00,500.00,receipts,217871,BANKING_IMPORT
2012-02-24,2910,BANKING,PART SOURCE,10.49,0.00,receipts,217872,BANKING_IMPORT
2012-02-24,1000,Cash / Clearing,PART SOURCE,0.00,10.49,receipts,217872,BANKING_IMPORT
2012-02-24,5180,BANKING,RED DEER REGISTRIES,78.90,0.00,receipts,217873,BANKING_IMPORT
2012-02-24,1000,Cash / Clearing,RED DEER REGISTRIES,0.00,78.90,receipts,217873,BANKING_IMPORT
2012-02-24,2910,BANKING,THE KEY HOLE,38.54,0.00,receipts,217874,BANKING_IMPORT
2012-02-24,1000,Cash / Clearing,THE KEY HOLE,0.00,38.54,receipts,217874,BANKING_IMPORT
2012-02-24,2910,BANKING,TITAN SUPPLIES,439.31,0.00,receipts,217875,BANKING_IMPORT
2012-02-24,1000,Cash / Clearing,TITAN SUPPLIES,0.00,439.31,receipts,217875,BANKING_IMPORT
2012-02-24,5110,Fuel,CENTEX,32.00,0.00,receipts,217876,BANKING_IMPORT
2012-02-24,1000,Cash / Clearing,CENTEX,0.00,32.00,receipts,217876,BANKING_IMPORT
2012-02-24,2910,BANKING,REAL CAN SUPERSTORE,33.55,0.00,receipts,217877,BANKING_IMPORT
2012-02-24,1000,Cash / Clearing,REAL CAN SUPERSTORE,0.00,33.55,receipts,217877,BANKING_IMPORT
2012-02-24,5420,Office Supplies,STAPLES,66.83,0.00,receipts,217878,BANKING_IMPORT
2012-02-24,1000,Cash / Clearing,STAPLES,0.00,66.83,receipts,217878,BANKING_IMPORT
2012-02-25,5116,BANKING,beverages,3.28,0.00,receipts,214069,
2012-02-25,1000,Cash / Clearing,beverages,0.00,3.28,receipts,214069,
2012-02-25,5110,BANKING,FUEL,61.95,0.00,receipts,215196,BANKING_IMPORT
2012-02-25,1000,Cash / Clearing,FUEL,0.00,61.95,receipts,215196,BANKING_IMPORT
2012-02-25,5320,BANKING,SNACKS,6.49,0.00,receipts,215197,BANKING_IMPORT
2012-02-25,1000,Cash / Clearing,SNACKS,0.00,6.49,receipts,215197,BANKING_IMPORT
2012-02-25,5116,BANKING,CAPRI LIQUOR STORE,32.96,0.00,receipts,215649,
2012-02-25,1000,Cash / Clearing,CAPRI LIQUOR STORE,0.00,32.96,receipts,215649,
2012-02-25,5110,BANKING,DOMO,31.00,0.00,receipts,217321,
2012-02-25,1000,Cash / Clearing,DOMO,0.00,31.00,receipts,217321,
2012-02-25,5116,BANKING,non alcoholic beverages,18.26,0.00,receipts,217419,
2012-02-25,1000,Cash / Clearing,non alcoholic beverages,0.00,18.26,receipts,217419,
2012-02-25,5110,Fuel,fuel,80.01,0.00,receipts,217438,
2012-02-25,1000,Cash / Clearing,fuel,0.00,80.01,receipts,217438,
2012-02-25,5320,BANKING,BOSTON PIZZA,17.75,0.00,receipts,217571,
2012-02-25,1000,Cash / Clearing,BOSTON PIZZA,0.00,17.75,receipts,217571,
2012-02-26,5120,BANKING,SUPER CLEAN,9.35,0.00,receipts,215170,
2012-02-26,1000,Cash / Clearing,SUPER CLEAN,0.00,9.35,receipts,215170,
2012-02-27,5110,BANKING,Fuel L2,66.00,0.00,receipts,214029,
2012-02-27,1000,Cash / Clearing,Fuel L2,0.00,66.00,receipts,214029,
2012-02-28,5880,Owner Personal (Non-Deductible),CITY CENTER VACUUM,20.99,0.00,receipts,141454,BANKING_IMPORT
2012-02-28,1000,Cash / Clearing,CITY CENTER VACUUM,0.00,20.99,receipts,141454,BANKING_IMPORT
2012-02-28,5120,Vehicle Maintenance & Repairs,KIRKS TIRE,72.45,0.00,receipts,141463,BANKING_IMPORT
2012-02-28,1000,Cash / Clearing,KIRKS TIRE,0.00,72.45,receipts,141463,BANKING_IMPORT
2012-02-28,5710,Bank Fees & Service Charges,ACARD PAYMENT,4.95,0.00,receipts,150384,BANKING_IMPORT
2012-02-28,1000,Cash / Clearing,ACARD PAYMENT,0.00,4.95,receipts,150384,BANKING_IMPORT
2012-02-28,5110,Fuel,CENTEX,37.08,0.00,receipts,214284,99584
2012-02-28,1000,Cash / Clearing,CENTEX,0.00,37.08,receipts,214284,99584
2012-02-28,5440,Rent & Utilities,#4369 Feb rent,1050.00,0.00,receipts,215465,BANKING_IMPORT
2012-02-28,1000,Cash / Clearing,#4369 Feb rent,0.00,1050.00,receipts,215465,BANKING_IMPORT
2012-02-28,5710,Bank Fees & Service Charges,Branch Transfer,3000.00,0.00,receipts,216332,BANKING_IMPORT
2012-02-28,1000,Cash / Clearing,Branch Transfer,0.00,3000.00,receipts,216332,BANKING_IMPORT
2012-02-28,5710,Bank Fees & Service Charges,Branch Transfer,2000.00,0.00,receipts,216333,BANKING_IMPORT
2012-02-28,1000,Cash / Clearing,Branch Transfer,0.00,2000.00,receipts,216333,BANKING_IMPORT
2012-02-28,2550,BANKING,CALGARY AIRPORT AUTHORITY,4.50,0.00,receipts,217102,
2012-02-28,1000,Cash / Clearing,CALGARY AIRPORT AUTHORITY,0.00,4.50,receipts,217102,
2012-02-28,5710,Bank Fees & Service Charges,ACARD PAYMENT,4.95,0.00,receipts,217879,BANKING_IMPORT
2012-02-28,1000,Cash / Clearing,ACARD PAYMENT,0.00,4.95,receipts,217879,BANKING_IMPORT
2012-02-28,2910,BANKING,CITY CENTRE VAC,20.99,0.00,receipts,217880,BANKING_IMPORT
2012-02-28,1000,Cash / Clearing,CITY CENTRE VAC,0.00,20.99,receipts,217880,BANKING_IMPORT
2012-02-28,2910,BANKING,KIRKS TIRE,72.45,0.00,receipts,217881,BANKING_IMPORT
2012-02-28,1000,Cash / Clearing,KIRKS TIRE,0.00,72.45,receipts,217881,BANKING_IMPORT
2012-02-28,5110,Fuel,CENTEX,37.08,0.00,receipts,217882,BANKING_IMPORT
2012-02-28,1000,Cash / Clearing,CENTEX,0.00,37.08,receipts,217882,BANKING_IMPORT
2012-02-29,5710,Bank Fees & Service Charges,SERVICE CHARGE,112.50,0.00,receipts,140350,BANKING_IMPORT
2012-02-29,1000,Cash / Clearing,SERVICE CHARGE,0.00,112.50,receipts,140350,BANKING_IMPORT
2012-02-29,5110,BANKING,fuel L9,49.26,0.00,receipts,214030,
2012-02-29,1000,Cash / Clearing,fuel L9,0.00,49.26,receipts,214030,
2012-02-29,5110,Fuel,CENTEX,40.00,0.00,receipts,214285,99593
2012-02-29,1000,Cash / Clearing,CENTEX,0.00,40.00,receipts,214285,99593
2012-02-29,5710,Bank Fees & Service Charges,BANK FEE,35.00,0.00,receipts,214286,99595
2012-02-29,1000,Cash / Clearing,BANK FEE,0.00,35.00,receipts,214286,99595
2012-02-29,5710,Bank Fees & Service Charges,Overdraft Interest,0.05,0.00,receipts,215961,BANKING_IMPORT
2012-02-29,1000,Cash / Clearing,Overdraft Interest,0.00,0.05,receipts,215961,BANKING_IMPORT
2012-02-29,5710,Bank Fees & Service Charges,E-Transfer Fee,1.50,0.00,receipts,215962,BANKING_IMPORT
2012-02-29,1000,Cash / Clearing,E-Transfer Fee,0.00,1.50,receipts,215962,BANKING_IMPORT
2012-02-29,5710,Bank Fees & Service Charges,E-TRANSFER Paul Mansell,1200.00,0.00,receipts,216334,BANKING_IMPORT
2012-02-29,1000,Cash / Clearing,E-TRANSFER Paul Mansell,0.00,1200.00,receipts,216334,BANKING_IMPORT
2012-02-29,5710,Bank Fees & Service Charges,Account Fee,35.00,0.00,receipts,216888,BANKING_IMPORT
2012-02-29,1000,Cash / Clearing,Account Fee,0.00,35.00,receipts,216888,BANKING_IMPORT
2012-02-29,5710,Unassigned,E-Transfer Fee,1.50,0.00,receipts,216889,BANKING_IMPORT
2012-02-29,1000,Cash / Clearing,E-Transfer Fee,0.00,1.50,receipts,216889,BANKING_IMPORT
2012-02-29,5110,BANKING,CENTEX,38.00,0.00,receipts,217253,
2012-02-29,1000,Cash / Clearing,CENTEX,0.00,38.00,receipts,217253,
2012-02-29,5110,Fuel,CENTEX,40.00,0.00,receipts,217883,BANKING_IMPORT
2012-02-29,1000,Cash / Clearing,CENTEX,0.00,40.00,receipts,217883,BANKING_IMPORT
2012-02-29,5710,Bank Fees & Service Charges,E-TRANSFER FEE,1.50,0.00,receipts,217884,BANKING_IMPORT
2012-02-29,1000,Cash / Clearing,E-TRANSFER FEE,0.00,1.50,receipts,217884,BANKING_IMPORT
2012-03-01,5110,Fuel,CENTEX,36.01,0.00,receipts,214287,99599
2012-03-01,1000,Cash / Clearing,CENTEX,0.00,36.01,receipts,214287,99599
2012-03-01,5710,Bank Fees & Service Charges,Merchant Services Fee,1069.62,0.00,receipts,216335,BANKING_IMPORT
2012-03-01,1000,Cash / Clearing,Merchant Services Fee,0.00,1069.62,receipts,216335,BANKING_IMPORT
2012-03-01,2550,BANKING,CALGARY AIRPORT AUTHORITY,4.50,0.00,receipts,217108,
2012-03-01,1000,Cash / Clearing,CALGARY AIRPORT AUTHORITY,0.00,4.50,receipts,217108,
2012-03-01,5110,Fuel,CENTEX,36.01,0.00,receipts,217885,BANKING_IMPORT
2012-03-01,1000,Cash / Clearing,CENTEX,0.00,36.01,receipts,217885,BANKING_IMPORT
2012-03-01,5440,BANKING,#4369a MAR rent MISSING INVOICE,1050.00,0.00,receipts,221574,
2012-03-01,1000,Cash / Clearing,#4369a MAR rent MISSING INVOICE,0.00,1050.00,receipts,221574,
2012-03-02,5116,"Client Amenities - Food, Coffee, Supplies",GLOBAL LIQUOR STORE,143.95,0.00,receipts,141502,BANKING_IMPORT
2012-03-02,1000,Cash / Clearing,GLOBAL LIQUOR STORE,0.00,143.95,receipts,141502,BANKING_IMPORT
2012-03-02,5870,Miscellaneous Business Expense,PURCHASEC69071 SHERATON RED DE,26.79,0.00,receipts,141503,BANKING_IMPORT
2012-03-02,1000,Cash / Clearing,PURCHASEC69071 SHERATON RED DE,0.00,26.79,receipts,141503,BANKING_IMPORT
2012-03-02,5110,Fuel,fuel for L2,10.01,0.00,receipts,214000,BANKING_IMPORT | PG17_COLLISION_ORIG_ID=173554 | FALLBACK_BT=96055
2012-03-02,1000,Cash / Clearing,fuel for L2,0.00,10.01,receipts,214000,BANKING_IMPORT | PG17_COLLISION_ORIG_ID=173554 | FALLBACK_BT=96055
2012-03-02,2550,BANKING,CAPRI LIQUOR STORE,26.79,0.00,receipts,215717,
2012-03-02,1000,Cash / Clearing,CAPRI LIQUOR STORE,0.00,26.79,receipts,215717,
2012-03-02,1015,Petty Cash,PETTY CASH FUNDING,600.00,0.00,receipts,217643,BANKING_IMPORT
2012-03-02,1000,Cash / Clearing,PETTY CASH FUNDING,0.00,600.00,receipts,217643,BANKING_IMPORT
2012-03-02,5116,"Client Amenities - Food, Coffee, Supplies",Global Liquor Store,143.95,0.00,receipts,217886,BANKING_IMPORT
2012-03-02,1000,Cash / Clearing,Global Liquor Store,0.00,143.95,receipts,217886,BANKING_IMPORT
2012-03-03,5110,Fuel,CENTEX,26.51,0.00,receipts,214143,96513
2012-03-03,1000,Cash / Clearing,CENTEX,0.00,26.51,receipts,214143,96513
2012-03-03,5110,BANKING,fuel L2,40.15,0.00,receipts,214975,
2012-03-03,1000,Cash / Clearing,fuel L2,0.00,40.15,receipts,214975,
2012-03-03,5110,BANKING,CENTEX,40.00,0.00,receipts,214976,
2012-03-03,1000,Cash / Clearing,CENTEX,0.00,40.00,receipts,214976,
2012-03-03,5116,BANKING,ice,7.11,0.00,receipts,214977,
2012-03-03,1000,Cash / Clearing,ice,0.00,7.11,receipts,214977,
2012-03-03,5116,Client Hospitality - Charter Supplies,LIQUOR BARN,108.78,0.00,receipts,215630,BANKING_IMPORT
2012-03-03,1000,Cash / Clearing,LIQUOR BARN,0.00,108.78,receipts,215630,BANKING_IMPORT
2012-03-03,5110,Fuel,Centex,26.51,0.00,receipts,217887,BANKING_IMPORT
2012-03-03,1000,Cash / Clearing,Centex,0.00,26.51,receipts,217887,BANKING_IMPORT
2012-03-04,5420,BANKING,PRAIRIE OFFICE SUPPLIES,18.21,0.00,receipts,214876,
2012-03-04,1000,Cash / Clearing,PRAIRIE OFFICE SUPPLIES,0.00,18.21,receipts,214876,
2012-03-04,5110,BANKING,CENTEX,40.01,0.00,receipts,214991,
2012-03-04,1000,Cash / Clearing,CENTEX,0.00,40.01,receipts,214991,
2012-03-04,5120,BANKING,L7,8.55,0.00,receipts,215058,
2012-03-04,1000,Cash / Clearing,L7,0.00,8.55,receipts,215058,
2012-03-04,5116,Client Hospitality - Charter Supplies,LIQUOR BARN,19.97,0.00,receipts,215631,BANKING_IMPORT
2012-03-04,1000,Cash / Clearing,LIQUOR BARN,0.00,19.97,receipts,215631,BANKING_IMPORT
2012-03-05,5110,Fuel,HUSKY,119.00,0.00,receipts,141521,BANKING_IMPORT
2012-03-05,1000,Cash / Clearing,HUSKY,0.00,119.00,receipts,141521,BANKING_IMPORT
2012-03-05,5110,Fuel,CENTEX,44.50,0.00,receipts,214289,99609
2012-03-05,1000,Cash / Clearing,CENTEX,0.00,44.50,receipts,214289,99609
2012-03-05,5110,Fuel,CENTEX,61.00,0.00,receipts,214291,99611
2012-03-05,1000,Cash / Clearing,CENTEX,0.00,61.00,receipts,214291,99611
2012-03-05,5110,BANKING,FAS GAS,20.00,0.00,receipts,214958,
2012-03-05,1000,Cash / Clearing,FAS GAS,0.00,20.00,receipts,214958,
2012-03-05,5710,Bank Fees & Service Charges,ETRANSFER Paul Mansell,31.00,0.00,receipts,216336,BANKING_IMPORT
2012-03-05,1000,Cash / Clearing,ETRANSFER Paul Mansell,0.00,31.00,receipts,216336,BANKING_IMPORT
2012-03-05,1015,Petty Cash,PETTY CASH FUNDING,1337.11,0.00,receipts,217644,BANKING_IMPORT
2012-03-05,1000,Cash / Clearing,PETTY CASH FUNDING,0.00,1337.11,receipts,217644,BANKING_IMPORT
2012-03-05,2910,BANKING,E-TRANSFER PAUL MANSELL,400.00,0.00,receipts,217888,BANKING_IMPORT
2012-03-05,1000,Cash / Clearing,E-TRANSFER PAUL MANSELL,0.00,400.00,receipts,217888,BANKING_IMPORT
2012-03-05,5110,BANKING,HUSKY,119.00,0.00,receipts,217889,BANKING_IMPORT
2012-03-05,1000,Cash / Clearing,HUSKY,0.00,119.00,receipts,217889,BANKING_IMPORT
2012-03-05,2910,BANKING,ETRANSFER Paul Mansell,31.00,0.00,receipts,217890,BANKING_IMPORT
2012-03-05,1000,Cash / Clearing,ETRANSFER Paul Mansell,0.00,31.00,receipts,217890,BANKING_IMPORT
2012-03-05,5110,Fuel,CENTEX,44.50,0.00,receipts,217891,BANKING_IMPORT
2012-03-05,1000,Cash / Clearing,CENTEX,0.00,44.50,receipts,217891,BANKING_IMPORT
2012-03-05,5110,Fuel,CENTEX,26.51,0.00,receipts,217892,BANKING_IMPORT
2012-03-05,1000,Cash / Clearing,CENTEX,0.00,26.51,receipts,217892,BANKING_IMPORT
2012-03-05,5110,Fuel,CENTEX,61.00,0.00,receipts,217893,BANKING_IMPORT
2012-03-05,1000,Cash / Clearing,CENTEX,0.00,61.00,receipts,217893,BANKING_IMPORT
2012-03-06,5430,Telephone & Internet,TELUS,2142.59,0.00,receipts,138209,BANKING_IMPORT
2012-03-06,1000,Cash / Clearing,TELUS,0.00,2142.59,receipts,138209,BANKING_IMPORT
2012-03-06,5110,BANKING,CENTEX,72.00,0.00,receipts,214972,
2012-03-06,1000,Cash / Clearing,CENTEX,0.00,72.00,receipts,214972,
2012-03-06,5715,NSF Fees,NSF Fee,42.50,0.00,receipts,215963,BANKING_IMPORT
2012-03-06,1000,Cash / Clearing,NSF Fee,0.00,42.50,receipts,215963,BANKING_IMPORT
2012-03-06,5150,Vehicle Lease Payments,LFG vehicle operating lease payment,101.14,0.00,receipts,216808,BANKING_IMPORT
2012-03-06,1000,Cash / Clearing,LFG vehicle operating lease payment,0.00,101.14,receipts,216808,BANKING_IMPORT
2012-03-06,5715,BANKING,NSF Fee,42.50,0.00,receipts,216890,BANKING_IMPORT
2012-03-06,1000,Cash / Clearing,NSF Fee,0.00,42.50,receipts,216890,BANKING_IMPORT
2012-03-07,5120,Vehicle Maintenance & Repairs,PARRS AUTOMOTIVE,200.00,0.00,receipts,141550,BANKING_IMPORT
2012-03-07,1000,Cash / Clearing,PARRS AUTOMOTIVE,0.00,200.00,receipts,141550,BANKING_IMPORT
2012-03-07,5110,Fuel,CENTEX,55.00,0.00,receipts,214292,99620
2012-03-07,1000,Cash / Clearing,CENTEX,0.00,55.00,receipts,214292,99620
2012-03-07,5110,Fuel,CENTEX,55.00,0.00,receipts,217894,BANKING_IMPORT
2012-03-07,1000,Cash / Clearing,CENTEX,0.00,55.00,receipts,217894,BANKING_IMPORT
2012-03-08,5710,Bank Fees & Service Charges,CHQ 210 JEANNIE SHILLINGTON,500.00,0.00,receipts,150391,BANKING_IMPORT
2012-03-08,1000,Cash / Clearing,CHQ 210 JEANNIE SHILLINGTON,0.00,500.00,receipts,150391,BANKING_IMPORT
2012-03-08,5116,BANKING,water,7.11,0.00,receipts,214989,
2012-03-08,1000,Cash / Clearing,water,0.00,7.11,receipts,214989,
2012-03-08,5110,BANKING,fuel,32.00,0.00,receipts,214990,
2012-03-08,1000,Cash / Clearing,fuel,0.00,32.00,receipts,214990,
2012-03-08,5150,Vehicle Lease Payments,LFG vehicle operating lease payment,202.27,0.00,receipts,216809,BANKING_IMPORT
2012-03-08,1000,Cash / Clearing,LFG vehicle operating lease payment,0.00,202.27,receipts,216809,BANKING_IMPORT
2012-03-08,5600,BANKING,ADVERTISING NEWSPAPER,108.57,0.00,receipts,217214,
2012-03-08,1000,Cash / Clearing,ADVERTISING NEWSPAPER,0.00,108.57,receipts,217214,
2012-03-08,1015,Petty Cash,PETTY CASH FUNDING,1910.65,0.00,receipts,217645,BANKING_IMPORT
2012-03-08,1000,Cash / Clearing,PETTY CASH FUNDING,0.00,1910.65,receipts,217645,BANKING_IMPORT
2012-03-08,1015,Petty Cash,PETTY CASH FUNDING,3000.00,0.00,receipts,217646,BANKING_IMPORT
2012-03-08,1000,Cash / Clearing,PETTY CASH FUNDING,0.00,3000.00,receipts,217646,BANKING_IMPORT
2012-03-08,2910,BANKING,CHQ 210 JEANNIE SHILLINGTON,500.00,0.00,receipts,217681,BANKING_IMPORT
2012-03-08,1000,Cash / Clearing,CHQ 210 JEANNIE SHILLINGTON,0.00,500.00,receipts,217681,BANKING_IMPORT
2012-03-09,5710,Bank Fees & Service Charges,ACARD PAYMENT,25.00,0.00,receipts,150392,BANKING_IMPORT
2012-03-09,1000,Cash / Clearing,ACARD PAYMENT,0.00,25.00,receipts,150392,BANKING_IMPORT
2012-03-09,5710,Bank Fees & Service Charges,ACARD PAYMENT,25.00,0.00,receipts,217895,BANKING_IMPORT
2012-03-09,1000,Cash / Clearing,ACARD PAYMENT,0.00,25.00,receipts,217895,BANKING_IMPORT
2012-03-12,5880,Owner Personal (Non-Deductible),COSTCO,107.45,0.00,receipts,141577,BANKING_IMPORT
2012-03-12,1000,Cash / Clearing,COSTCO,0.00,107.45,receipts,141577,BANKING_IMPORT
2012-03-12,2550,BANKING,STARBUCKS,5.62,0.00,receipts,217380,
2012-03-12,1000,Cash / Clearing,STARBUCKS,0.00,5.62,receipts,217380,
2012-03-12,5320,BANKING,GEORGE'S PIZZA,17.26,0.00,receipts,217526,
2012-03-12,1000,Cash / Clearing,GEORGE'S PIZZA,0.00,17.26,receipts,217526,
2012-03-12,2910,BANKING,CHQ 214 HEATHER GULLISON,214.56,0.00,receipts,217682,BANKING_IMPORT
2012-03-12,1000,Cash / Clearing,CHQ 214 HEATHER GULLISON,0.00,214.56,receipts,217682,BANKING_IMPORT
2012-03-12,2910,BANKING,COSTCO,107.45,0.00,receipts,217896,BANKING_IMPORT
2012-03-12,1000,Cash / Clearing,COSTCO,0.00,107.45,receipts,217896,BANKING_IMPORT
2012-03-13,5150,Vehicle Lease Payments,LFG BUSINESS PAD,101.14,0.00,receipts,138230,BANKING_IMPORT
2012-03-13,1000,Cash / Clearing,LFG BUSINESS PAD,0.00,101.14,receipts,138230,BANKING_IMPORT
2012-03-13,6100,Staff Meals & Entertainment,SUSHI SUSHA,13.64,0.00,receipts,141590,BANKING_IMPORT
2012-03-13,1000,Cash / Clearing,SUSHI SUSHA,0.00,13.64,receipts,141590,BANKING_IMPORT
2012-03-13,5880,Owner Personal (Non-Deductible),CHQ 213 WITH THIS RING BRIDAL GALA,1050.00,0.00,receipts,141591,BANKING_IMPORT
2012-03-13,1000,Cash / Clearing,CHQ 213 WITH THIS RING BRIDAL GALA,0.00,1050.00,receipts,141591,BANKING_IMPORT
2012-03-13,2550,BANKING,NLA RENEWAL,252.37,0.00,receipts,217213,
2012-03-13,1000,Cash / Clearing,NLA RENEWAL,0.00,252.37,receipts,217213,
2012-03-13,1015,Petty Cash,PETTY CASH FUNDING,200.00,0.00,receipts,217647,BANKING_IMPORT
2012-03-13,1000,Cash / Clearing,PETTY CASH FUNDING,0.00,200.00,receipts,217647,BANKING_IMPORT
2012-03-13,1015,Petty Cash,PETTY CASH FUNDING,800.00,0.00,receipts,217648,BANKING_IMPORT
2012-03-13,1000,Cash / Clearing,PETTY CASH FUNDING,0.00,800.00,receipts,217648,BANKING_IMPORT
2012-03-13,2910,BANKING,CHQ 213 WITH THIS RING BRIDAL GALA,1050.00,0.00,receipts,217683,BANKING_IMPORT
2012-03-13,1000,Cash / Clearing,CHQ 213 WITH THIS RING BRIDAL GALA,0.00,1050.00,receipts,217683,BANKING_IMPORT
2012-03-13,2910,BANKING,SUSHI SUSHI,13.64,0.00,receipts,217897,BANKING_IMPORT
2012-03-13,1000,Cash / Clearing,SUSHI SUSHI,0.00,13.64,receipts,217897,BANKING_IMPORT
2012-03-14,6100,Staff Meals & Entertainment,SUSHI SUSHA,33.21,0.00,receipts,141601,BANKING_IMPORT
2012-03-14,1000,Cash / Clearing,SUSHI SUSHA,0.00,33.21,receipts,141601,BANKING_IMPORT
2012-03-14,5150,Vehicle Lease Payments,HEFFNER AUTO FINANCE,2525.25,0.00,receipts,150400,BANKING_IMPORT
2012-03-14,1000,Cash / Clearing,HEFFNER AUTO FINANCE,0.00,2525.25,receipts,150400,BANKING_IMPORT
2012-03-14,5150,Vehicle Lease Payments,HEFFNER AUTO FINANCE,1475.25,0.00,receipts,150401,BANKING_IMPORT
2012-03-14,1000,Cash / Clearing,HEFFNER AUTO FINANCE,0.00,1475.25,receipts,150401,BANKING_IMPORT
2012-03-14,5150,Vehicle Lease Payments,HEFFNER AUTO FINANCE,1900.50,0.00,receipts,150402,BANKING_IMPORT
2012-03-14,1000,Cash / Clearing,HEFFNER AUTO FINANCE,0.00,1900.50,receipts,150402,BANKING_IMPORT
2012-03-14,5710,Bank Fees & Service Charges,VIBE CAR AUDIO,262.50,0.00,receipts,150403,BANKING_IMPORT
2012-03-14,1000,Cash / Clearing,VIBE CAR AUDIO,0.00,262.50,receipts,150403,BANKING_IMPORT
2012-03-14,5110,Fuel,CENTEX,50.00,0.00,receipts,214293,99636
2012-03-14,1000,Cash / Clearing,CENTEX,0.00,50.00,receipts,214293,99636
2012-03-14,5710,Bank Fees & Service Charges,Merchant Services Fee,60.00,0.00,receipts,216337,BANKING_IMPORT
2012-03-14,1000,Cash / Clearing,Merchant Services Fee,0.00,60.00,receipts,216337,BANKING_IMPORT
2012-03-14,2910,BANKING,Sushi Sushi,33.21,0.00,receipts,217898,BANKING_IMPORT
2012-03-14,1000,Cash / Clearing,Sushi Sushi,0.00,33.21,receipts,217898,BANKING_IMPORT
2012-03-14,5150,BANKING,HEFFNER AUTO FINANCE,2525.25,0.00,receipts,217899,BANKING_IMPORT
2012-03-14,1000,Cash / Clearing,HEFFNER AUTO FINANCE,0.00,2525.25,receipts,217899,BANKING_IMPORT
2012-03-14,5150,BANKING,HEFFNER AUTO FINANCE,1475.25,0.00,receipts,217900,BANKING_IMPORT
2012-03-14,1000,Cash / Clearing,HEFFNER AUTO FINANCE,0.00,1475.25,receipts,217900,BANKING_IMPORT
2012-03-14,5150,BANKING,HEFFNER AUTO FINANCE,1900.50,0.00,receipts,217901,BANKING_IMPORT
2012-03-14,1000,Cash / Clearing,HEFFNER AUTO FINANCE,0.00,1900.50,receipts,217901,BANKING_IMPORT
2012-03-14,5150,Vehicle Lease Payments,JACK CARTER,1885.65,0.00,receipts,217902,BANKING_IMPORT
2012-03-14,1000,Cash / Clearing,JACK CARTER,0.00,1885.65,receipts,217902,BANKING_IMPORT
2012-03-14,2910,BANKING,VIBE CAR AUDIO,262.50,0.00,receipts,217903,BANKING_IMPORT
2012-03-14,1000,Cash / Clearing,VIBE CAR AUDIO,0.00,262.50,receipts,217903,BANKING_IMPORT
2012-03-14,5110,Fuel,CENTEX,50.00,0.00,receipts,217904,BANKING_IMPORT
2012-03-14,1000,Cash / Clearing,CENTEX,0.00,50.00,receipts,217904,BANKING_IMPORT
2012-03-15,5715,NSF Fees,NSF Fee,127.50,0.00,receipts,215964,BANKING_IMPORT
2012-03-15,1000,Cash / Clearing,NSF Fee,0.00,127.50,receipts,215964,BANKING_IMPORT
2012-03-15,5715,BANKING,NSF Fee,127.50,0.00,receipts,216891,BANKING_IMPORT
2012-03-15,1000,Cash / Clearing,NSF Fee,0.00,127.50,receipts,216891,BANKING_IMPORT
2012-03-16,5130,Insurance,OPTIMUM INSURANCE,83.46,0.00,receipts,141629,BANKING_IMPORT
2012-03-16,1000,Cash / Clearing,OPTIMUM INSURANCE,0.00,83.46,receipts,141629,BANKING_IMPORT
2012-03-16,5300,Insurance,OPTIMUM WEST INSURANCE COMPANY,83.46,0.00,receipts,217905,BANKING_IMPORT
2012-03-16,1000,Cash / Clearing,OPTIMUM WEST INSURANCE COMPANY,0.00,83.46,receipts,217905,BANKING_IMPORT
2012-03-19,5210,BANKING,CHQ 216 Lando ONeill - probable client refund,100.00,0.00,receipts,141633,BANKING_IMPORT
2012-03-19,1000,Cash / Clearing,CHQ 216 Lando ONeill - probable client refund,0.00,100.00,receipts,141633,BANKING_IMPORT
2012-03-19,5710,Bank Fees & Service Charges,Welcome Wagon check 215,150.00,0.00,receipts,141634,BANKING_IMPORT
2012-03-19,1000,Cash / Clearing,Welcome Wagon check 215,0.00,150.00,receipts,141634,BANKING_IMPORT
2012-03-19,5116,"Client Amenities - Food, Coffee, Supplies",PLAZA LIQUOR,33.12,0.00,receipts,141637,BANKING_IMPORT
2012-03-19,1000,Cash / Clearing,PLAZA LIQUOR,0.00,33.12,receipts,141637,BANKING_IMPORT
2012-03-19,5710,Bank Fees & Service Charges,NETWORK TRANS FEE INSTANT TELLER,1.50,0.00,receipts,141639,BANKING_IMPORT
2012-03-19,1000,Cash / Clearing,NETWORK TRANS FEE INSTANT TELLER,0.00,1.50,receipts,141639,BANKING_IMPORT
2012-03-19,5116,BANKING,PHIL'S RESTAURA,29.74,0.00,receipts,141642,BANKING_IMPORT
2012-03-19,1000,Cash / Clearing,PHIL'S RESTAURA,0.00,29.74,receipts,141642,BANKING_IMPORT
2012-03-19,5250,WCB Premiums,installment due,1126.80,0.00,receipts,145309,18254521
2012-03-19,1000,Cash / Clearing,installment due,0.00,1126.80,receipts,145309,18254521
2012-03-19,5710,Bank Fees & Service Charges,E-TRANSFER HEFFNER AUTO FINANCE,35.00,0.00,receipts,150409,BANKING_IMPORT
2012-03-19,1000,Cash / Clearing,E-TRANSFER HEFFNER AUTO FINANCE,0.00,35.00,receipts,150409,BANKING_IMPORT
2012-03-19,5150,Vehicle Lease Payments,HEFFNER AUTO FINANCE,35.00,0.00,receipts,212713,BANKING_IMPORT | PG17_COLLISION_ORIG_ID=141649 | FALLBACK_BT=94806
2012-03-19,1000,Cash / Clearing,HEFFNER AUTO FINANCE,0.00,35.00,receipts,212713,BANKING_IMPORT | PG17_COLLISION_ORIG_ID=141649 | FALLBACK_BT=94806
2012-03-19,5110,Fuel,FAS GAS,80.97,0.00,receipts,214294,99647
2012-03-19,1000,Cash / Clearing,FAS GAS,0.00,80.97,receipts,214294,99647
2012-03-19,5110,Fuel,CENTEX,53.00,0.00,receipts,214295,99648
2012-03-19,1000,Cash / Clearing,CENTEX,0.00,53.00,receipts,214295,99648
2012-03-19,5150,Vehicle Operating Leases,"ETRANSFER Heffner, Will",25.00,0.00,receipts,216341,BANKING_IMPORT
2012-03-19,1000,Cash / Clearing,"ETRANSFER Heffner, Will",0.00,25.00,receipts,216341,BANKING_IMPORT
2012-03-19,1015,Petty Cash,PETTY CASH FUNDING,201.75,0.00,receipts,217649,BANKING_IMPORT
2012-03-19,1000,Cash / Clearing,PETTY CASH FUNDING,0.00,201.75,receipts,217649,BANKING_IMPORT
2012-03-19,1015,Petty Cash,PETTY CASH FUNDING,200.00,0.00,receipts,217650,BANKING_IMPORT
2012-03-19,1000,Cash / Clearing,PETTY CASH FUNDING,0.00,200.00,receipts,217650,BANKING_IMPORT
2012-03-19,2910,BANKING,CHQ 216 LANDO O'NEILL,100.00,0.00,receipts,217684,BANKING_IMPORT
2012-03-19,1000,Cash / Clearing,CHQ 216 LANDO O'NEILL,0.00,100.00,receipts,217684,BANKING_IMPORT
2012-03-19,5150,BANKING,E-TRANSFER HEFFNER AUTO FINANCE,35.00,0.00,receipts,217906,BANKING_IMPORT
2012-03-19,1000,Cash / Clearing,E-TRANSFER HEFFNER AUTO FINANCE,0.00,35.00,receipts,217906,BANKING_IMPORT
2012-03-19,2910,BANKING,NETWORK TRANS FEE TELLER,1.50,0.00,receipts,217907,BANKING_IMPORT
2012-03-19,1000,Cash / Clearing,NETWORK TRANS FEE TELLER,0.00,1.50,receipts,217907,BANKING_IMPORT
2012-03-19,2910,BANKING,PHILS RESTAURANT,29.74,0.00,receipts,217908,BANKING_IMPORT
2012-03-19,1000,Cash / Clearing,PHILS RESTAURANT,0.00,29.74,receipts,217908,BANKING_IMPORT
2012-03-19,5116,"Client Amenities - Food, Coffee, Supplies",PLAZA LIQUOR STORE,33.12,0.00,receipts,217909,BANKING_IMPORT
2012-03-19,1000,Cash / Clearing,PLAZA LIQUOR STORE,0.00,33.12,receipts,217909,BANKING_IMPORT
2012-03-19,5110,Fuel,FAS GAS,80.97,0.00,receipts,217910,BANKING_IMPORT
2012-03-19,1000,Cash / Clearing,FAS GAS,0.00,80.97,receipts,217910,BANKING_IMPORT
2012-03-19,5110,Fuel,CENTEX,53.00,0.00,receipts,217911,BANKING_IMPORT
2012-03-19,1000,Cash / Clearing,CENTEX,0.00,53.00,receipts,217911,BANKING_IMPORT
2012-03-20,5150,Vehicle Operating Leases,E-TRANSFER Willie Heffner,2000.00,0.00,receipts,216342,BANKING_IMPORT
2012-03-20,1000,Cash / Clearing,E-TRANSFER Willie Heffner,0.00,2000.00,receipts,216342,BANKING_IMPORT
2012-03-20,5710,BANKING,OVERLIMIT FEE,29.00,0.00,receipts,217338,
2012-03-20,1000,Cash / Clearing,OVERLIMIT FEE,0.00,29.00,receipts,217338,
2012-03-20,5710,Bank Fees & Service Charges,INTEREST CHARGES,48.00,0.00,receipts,217339,
2012-03-20,1000,Cash / Clearing,INTEREST CHARGES,0.00,48.00,receipts,217339,
2012-03-21,5116,BANKING,LIQUOR DEPOT,37.08,0.00,receipts,215680,
2012-03-21,1000,Cash / Clearing,LIQUOR DEPOT,0.00,37.08,receipts,215680,
2012-03-21,5150,Vehicle Operating Leases,E-TRANSFER Willie Heffner,2000.00,0.00,receipts,216343,BANKING_IMPORT
2012-03-21,1000,Cash / Clearing,E-TRANSFER Willie Heffner,0.00,2000.00,receipts,216343,BANKING_IMPORT
2012-03-21,5120,BANKING,HEAD LIGHT,15.04,0.00,receipts,217212,
2012-03-21,1000,Cash / Clearing,HEAD LIGHT,0.00,15.04,receipts,217212,
2012-03-21,1015,Petty Cash,PETTY CASH FUNDING,700.00,0.00,receipts,217651,BANKING_IMPORT
2012-03-21,1000,Cash / Clearing,PETTY CASH FUNDING,0.00,700.00,receipts,217651,BANKING_IMPORT
2012-03-22,5150,Vehicle Operating Leases,E-TRANSFER HEFFNER AUTO FINANCE,940.00,0.00,receipts,150415,BANKING_IMPORT
2012-03-22,1000,Cash / Clearing,E-TRANSFER HEFFNER AUTO FINANCE,0.00,940.00,receipts,150415,BANKING_IMPORT
2012-03-22,5150,Vehicle Lease Payments,HEFFNER AUTO FINANCE,940.00,0.00,receipts,212714,BANKING_IMPORT | PG17_COLLISION_ORIG_ID=141674 | FALLBACK_BT=94807
2012-03-22,1000,Cash / Clearing,HEFFNER AUTO FINANCE,0.00,940.00,receipts,212714,BANKING_IMPORT | PG17_COLLISION_ORIG_ID=141674 | FALLBACK_BT=94807
2012-03-22,2550,BANKING,RADIO RENTAL,63.00,0.00,receipts,217211,
2012-03-22,1000,Cash / Clearing,RADIO RENTAL,0.00,63.00,receipts,217211,
2012-03-22,5150,BANKING,E-TRANSFER HEFFNER AUTO FINANCE,940.00,0.00,receipts,217912,BANKING_IMPORT
2012-03-22,1000,Cash / Clearing,E-TRANSFER HEFFNER AUTO FINANCE,0.00,940.00,receipts,217912,BANKING_IMPORT
2012-03-23,2550,BANKING,COSTCO,73.68,0.00,receipts,215678,
2012-03-23,1000,Cash / Clearing,COSTCO,0.00,73.68,receipts,215678,
2012-03-23,1015,Petty Cash,PETTY CASH FUNDING,100.00,0.00,receipts,217652,BANKING_IMPORT
2012-03-23,1000,Cash / Clearing,PETTY CASH FUNDING,0.00,100.00,receipts,217652,BANKING_IMPORT
2012-03-24,5120,BANKING,wash,8.39,0.00,receipts,214090,
2012-03-24,1000,Cash / Clearing,wash,0.00,8.39,receipts,214090,
2012-03-24,5116,BANKING,non alcoholic beverages,11.15,0.00,receipts,214864,
2012-03-24,1000,Cash / Clearing,non alcoholic beverages,0.00,11.15,receipts,214864,
2012-03-24,5116,BANKING,client redbull,21.45,0.00,receipts,214865,
2012-03-24,1000,Cash / Clearing,client redbull,0.00,21.45,receipts,214865,
2012-03-24,5116,BANKING,GLOBAL LIQUOR STORE,40.98,0.00,receipts,215692,
2012-03-24,1000,Cash / Clearing,GLOBAL LIQUOR STORE,0.00,40.98,receipts,215692,
2012-03-24,5116,BANKING,GLOBAL LIQUOR STORE,39.98,0.00,receipts,215693,
2012-03-24,1000,Cash / Clearing,GLOBAL LIQUOR STORE,0.00,39.98,receipts,215693,
2012-03-24,5116,BANKING,LACOMBE LIQUOR STORE,50.75,0.00,receipts,215710,
2012-03-24,1000,Cash / Clearing,LACOMBE LIQUOR STORE,0.00,50.75,receipts,215710,
2012-03-25,5120,BANKING,WASH,15.20,0.00,receipts,214962,
2012-03-25,1000,Cash / Clearing,WASH,0.00,15.20,receipts,214962,
2012-03-25,5110,BANKING,CENTEX,73.00,0.00,receipts,214992,
2012-03-25,1000,Cash / Clearing,CENTEX,0.00,73.00,receipts,214992,
2012-03-26,5120,Vehicle Maintenance & Repairs,JIMBO CAR WASH,100.00,0.00,receipts,141679,BANKING_IMPORT
2012-03-26,1000,Cash / Clearing,JIMBO CAR WASH,0.00,100.00,receipts,141679,BANKING_IMPORT
2012-03-26,5130,Insurance,JEVCO INSURANCE,268.92,0.00,receipts,141683,BANKING_IMPORT
2012-03-26,1000,Cash / Clearing,JEVCO INSURANCE,0.00,268.92,receipts,141683,BANKING_IMPORT
2012-03-26,5130,Insurance,IFS FINANCIAL,1271.47,0.00,receipts,141684,BANKING_IMPORT
2012-03-26,1000,Cash / Clearing,IFS FINANCIAL,0.00,1271.47,receipts,141684,BANKING_IMPORT
2012-03-26,5600,Advertising,Radio advertising,126.00,0.00,receipts,173591,
2012-03-26,1000,Cash / Clearing,Radio advertising,0.00,126.00,receipts,173591,
2012-03-26,5110,Fuel,RUN'N ON EMPTY,188.98,0.00,receipts,214296,99665
2012-03-26,1000,Cash / Clearing,RUN'N ON EMPTY,0.00,188.98,receipts,214296,99665
2012-03-26,5130,Insurance,IFS PREMIUM FINANCING,1271.47,0.00,receipts,217913,BANKING_IMPORT
2012-03-26,1000,Cash / Clearing,IFS PREMIUM FINANCING,0.00,1271.47,receipts,217913,BANKING_IMPORT
2012-03-26,5300,Insurance,JEVCO INSURANCE COMPANY,268.92,0.00,receipts,217914,BANKING_IMPORT
2012-03-26,1000,Cash / Clearing,JEVCO INSURANCE COMPANY,0.00,268.92,receipts,217914,BANKING_IMPORT
2012-03-26,2910,BANKING,JUMBO CAR WAS,100.00,0.00,receipts,217915,BANKING_IMPORT
2012-03-26,1000,Cash / Clearing,JUMBO CAR WAS,0.00,100.00,receipts,217915,BANKING_IMPORT
2012-03-26,2910,BANKING,RUN'N ON EMPTY,188.98,0.00,receipts,217916,BANKING_IMPORT
2012-03-26,1000,Cash / Clearing,RUN'N ON EMPTY,0.00,188.98,receipts,217916,BANKING_IMPORT
2012-03-26,5300,Insurance,COOP INSURANCE CSI,110.42,0.00,receipts,217917,BANKING_IMPORT
2012-03-26,1000,Cash / Clearing,COOP INSURANCE CSI,0.00,110.42,receipts,217917,BANKING_IMPORT
2012-03-27,6300,BANKING,RED DEER REGISTRIES,518.00,0.00,receipts,141694,BANKING_IMPORT
2012-03-27,1000,Cash / Clearing,RED DEER REGISTRIES,0.00,518.00,receipts,141694,BANKING_IMPORT
2012-03-27,5180,BANKING,RED DEER REGISTRIES,518.00,0.00,receipts,217918,BANKING_IMPORT
2012-03-27,1000,Cash / Clearing,RED DEER REGISTRIES,0.00,518.00,receipts,217918,BANKING_IMPORT
2012-03-28,5710,Bank Fees & Service Charges,ACARD PAYMENT 2063,4.95,0.00,receipts,141701,BANKING_IMPORT
2012-03-28,1000,Cash / Clearing,ACARD PAYMENT 2063,0.00,4.95,receipts,141701,BANKING_IMPORT
2012-03-28,5710,Bank Fees & Service Charges,ACARD PAYMENT,4.95,0.00,receipts,217919,BANKING_IMPORT
2012-03-28,1000,Cash / Clearing,ACARD PAYMENT,0.00,4.95,receipts,217919,BANKING_IMPORT
2012-03-29,1015,Petty Cash,PETTY CASH FUNDING,2200.00,0.00,receipts,217653,BANKING_IMPORT
2012-03-29,1000,Cash / Clearing,PETTY CASH FUNDING,0.00,2200.00,receipts,217653,BANKING_IMPORT
2012-03-30,5710,Bank Fees & Service Charges,Account Fee,35.00,0.00,receipts,215965,BANKING_IMPORT
2012-03-30,1000,Cash / Clearing,Account Fee,0.00,35.00,receipts,215965,BANKING_IMPORT
2012-03-30,5710,Bank Fees & Service Charges,E-Transfer Fee,1.50,0.00,receipts,215966,BANKING_IMPORT
2012-03-30,1000,Cash / Clearing,E-Transfer Fee,0.00,1.50,receipts,215966,BANKING_IMPORT
2012-03-30,5710,Bank Fees & Service Charges,Account Fee,35.00,0.00,receipts,216892,BANKING_IMPORT
2012-03-30,1000,Cash / Clearing,Account Fee,0.00,35.00,receipts,216892,BANKING_IMPORT
2012-03-30,5710,Unassigned,E-Transfer Fee,1.50,0.00,receipts,216893,BANKING_IMPORT
2012-03-30,1000,Cash / Clearing,E-Transfer Fee,0.00,1.50,receipts,216893,BANKING_IMPORT
2012-03-30,5710,Bank Fees & Service Charges,BANK FEE,35.00,0.00,receipts,217593,BANKING_IMPORT
2012-03-30,1000,Cash / Clearing,BANK FEE,0.00,35.00,receipts,217593,BANKING_IMPORT
2012-03-30,5710,Bank Fees & Service Charges,E-TRANSFER FEE,1.50,0.00,receipts,217920,BANKING_IMPORT
2012-03-30,1000,Cash / Clearing,E-TRANSFER FEE,0.00,1.50,receipts,217920,BANKING_IMPORT
2012-03-31,5116,Client Hospitality - Charter Supplies,LIQUOR BARN,223.05,0.00,receipts,215629,BANKING_IMPORT
2012-03-31,1000,Cash / Clearing,LIQUOR BARN,0.00,223.05,receipts,215629,BANKING_IMPORT
2012-03-31,5710,Bank Fees & Service Charges,Bank Charges & Interest,36.50,0.00,receipts,216344,BANKING_IMPORT
2012-03-31,1000,Cash / Clearing,Bank Charges & Interest,0.00,36.50,receipts,216344,BANKING_IMPORT
2012-03-31,5120,BANKING,REPAIRS,157.50,0.00,receipts,217202,
2012-03-31,1000,Cash / Clearing,REPAIRS,0.00,157.50,receipts,217202,
2012-03-31,5710,Bank Fees & Service Charges,Bank Charges & Interest,36.50,0.00,receipts,217594,BANKING_IMPORT
2012-03-31,1000,Cash / Clearing,Bank Charges & Interest,0.00,36.50,receipts,217594,BANKING_IMPORT
2012-04-01,2550,BANKING,FAS GAS,48.00,0.00,receipts,214055,
2012-04-01,1000,Cash / Clearing,FAS GAS,0.00,48.00,receipts,214055,
2012-04-01,5110,Fuel,CENTEX,22.00,0.00,receipts,214144,96607
2012-04-01,1000,Cash / Clearing,CENTEX,0.00,22.00,receipts,214144,96607
2012-04-01,5120,BANKING,MR SUDS INC.,15.20,0.00,receipts,215084,
2012-04-01,1000,Cash / Clearing,MR SUDS INC.,0.00,15.20,receipts,215084,
2012-04-01,5110,Fuel,fuel,22.00,0.00,receipts,217454,
2012-04-01,1000,Cash / Clearing,fuel,0.00,22.00,receipts,217454,
2012-04-02,5710,Bank Fees & Service Charges,CIBC,91.00,0.00,receipts,140351,BANKING_IMPORT
2012-04-02,1000,Cash / Clearing,CIBC,0.00,91.00,receipts,140351,BANKING_IMPORT
2012-04-02,5116,"Client Amenities - Food, Coffee, Supplies",beverages,59.38,0.00,receipts,141732,BANKING_IMPORT
2012-04-02,1000,Cash / Clearing,beverages,0.00,59.38,receipts,141732,BANKING_IMPORT
2012-04-02,5720,Credit Card Processing Fees,DEBIT MEMO MERCH#4017775,791.87,0.00,receipts,216894,BANKING_IMPORT
2012-04-02,1000,Cash / Clearing,DEBIT MEMO MERCH#4017775,0.00,791.87,receipts,216894,BANKING_IMPORT
2012-04-02,2910,BANKING,CHQ 236 PAUL MANSELL,1702.44,0.00,receipts,217685,BANKING_IMPORT
2012-04-02,1000,Cash / Clearing,CHQ 236 PAUL MANSELL,0.00,1702.44,receipts,217685,BANKING_IMPORT
2012-04-02,2910,BANKING,LIQUOR DEPOT,59.38,0.00,receipts,217921,BANKING_IMPORT
2012-04-02,1000,Cash / Clearing,LIQUOR DEPOT,0.00,59.38,receipts,217921,BANKING_IMPORT
2012-04-03,5880,Owner Personal (Non-Deductible),COSTCO,136.49,0.00,receipts,141743,BANKING_IMPORT
2012-04-03,1000,Cash / Clearing,COSTCO,0.00,136.49,receipts,141743,BANKING_IMPORT
2012-04-03,6900,Uncategorized / Unknown,LOAD CARD,300.00,0.00,receipts,141744,BANKING_IMPORT
2012-04-03,1000,Cash / Clearing,LOAD CARD,0.00,300.00,receipts,141744,BANKING_IMPORT
2012-04-03,5520,BANKING,LLP FEES,197.83,0.00,receipts,141747,BANKING_IMPORT
2012-04-03,1000,Cash / Clearing,LLP FEES,0.00,197.83,receipts,141747,BANKING_IMPORT
2012-04-03,5150,Vehicle Operating Leases,E-TRANSFER HEFFNER AUTO FINANCE,2000.00,0.00,receipts,150427,BANKING_IMPORT
2012-04-03,1000,Cash / Clearing,E-TRANSFER HEFFNER AUTO FINANCE,0.00,2000.00,receipts,150427,BANKING_IMPORT
2012-04-03,5150,Vehicle Lease Payments,HEFFNER AUTO FINANCE,2000.00,0.00,receipts,212715,BANKING_IMPORT | PG17_COLLISION_ORIG_ID=141749 | FALLBACK_BT=94808
2012-04-03,1000,Cash / Clearing,HEFFNER AUTO FINANCE,0.00,2000.00,receipts,212715,BANKING_IMPORT | PG17_COLLISION_ORIG_ID=141749 | FALLBACK_BT=94808
2012-04-03,2910,BANKING,CHQ 234 SULLY CHAPMEN BEATTIE,197.83,0.00,receipts,217686,BANKING_IMPORT
2012-04-03,1000,Cash / Clearing,CHQ 234 SULLY CHAPMEN BEATTIE,0.00,197.83,receipts,217686,BANKING_IMPORT
2012-04-03,2910,BANKING,CHQ 237 MIKE RICHARD,2193.19,0.00,receipts,217687,BANKING_IMPORT
2012-04-03,1000,Cash / Clearing,CHQ 237 MIKE RICHARD,0.00,2193.19,receipts,217687,BANKING_IMPORT
2012-04-03,2910,BANKING,CHQ 241 WES CHARLES,30.00,0.00,receipts,217688,BANKING_IMPORT
2012-04-03,1000,Cash / Clearing,CHQ 241 WES CHARLES,0.00,30.00,receipts,217688,BANKING_IMPORT
2012-04-03,2910,BANKING,COSTCO,136.49,0.00,receipts,217922,BANKING_IMPORT
2012-04-03,1000,Cash / Clearing,COSTCO,0.00,136.49,receipts,217922,BANKING_IMPORT
2012-04-03,5150,BANKING,E-TRANSFER HEFFNER AUTO FINANCE,2000.00,0.00,receipts,217923,BANKING_IMPORT
2012-04-03,1000,Cash / Clearing,E-TRANSFER HEFFNER AUTO FINANCE,0.00,2000.00,receipts,217923,BANKING_IMPORT
2012-04-03,5710,Bank Fees & Service Charges,MONEY MART,300.00,0.00,receipts,217924,BANKING_IMPORT
2012-04-03,1000,Cash / Clearing,MONEY MART,0.00,300.00,receipts,217924,BANKING_IMPORT
2012-04-04,5120,Vehicle Maintenance & Repairs,WINDSHIELD SURG,215.25,0.00,receipts,141755,BANKING_IMPORT
2012-04-04,1000,Cash / Clearing,WINDSHIELD SURG,0.00,215.25,receipts,141755,BANKING_IMPORT
2012-04-04,5120,Vehicle Maintenance & Repairs,DETAILS WINDOW,131.50,0.00,receipts,141757,BANKING_IMPORT
2012-04-04,1000,Cash / Clearing,DETAILS WINDOW,0.00,131.50,receipts,141757,BANKING_IMPORT
2012-04-04,2550,BANKING,VEHICLE PARTS SHIPMENT L-7,30.00,0.00,receipts,173615,
2012-04-04,1000,Cash / Clearing,VEHICLE PARTS SHIPMENT L-7,0.00,30.00,receipts,173615,
2012-04-04,5110,Fuel,CENTEX,27.01,0.00,receipts,214352,99972
2012-04-04,1000,Cash / Clearing,CENTEX,0.00,27.01,receipts,214352,99972
2012-04-04,5320,BANKING,BURGER BOX,14.00,0.00,receipts,217325,
2012-04-04,1000,Cash / Clearing,BURGER BOX,0.00,14.00,receipts,217325,
2012-04-04,6105,BANKING,TONY ROMAS,99.59,0.00,receipts,217409,
2012-04-04,1000,Cash / Clearing,TONY ROMAS,0.00,99.59,receipts,217409,
2012-04-04,2910,BANKING,DETAILS WINDOW TINTING,131.50,0.00,receipts,217925,BANKING_IMPORT
2012-04-04,1000,Cash / Clearing,DETAILS WINDOW TINTING,0.00,131.50,receipts,217925,BANKING_IMPORT
2012-04-04,2910,BANKING,WINDSHIELD SURGEON,215.25,0.00,receipts,217926,BANKING_IMPORT
2012-04-04,1000,Cash / Clearing,WINDSHIELD SURGEON,0.00,215.25,receipts,217926,BANKING_IMPORT
2012-04-05,5116,Client Hospitality - Charter Supplies,TONY ROMA'S,99.59,0.00,receipts,141765,BANKING_IMPORT
2012-04-05,1000,Cash / Clearing,TONY ROMA'S,0.00,99.59,receipts,141765,BANKING_IMPORT
2012-04-05,6100,BANKING,TIM HORTONS,9.64,0.00,receipts,141769,BANKING_IMPORT
2012-04-05,1000,Cash / Clearing,TIM HORTONS,0.00,9.64,receipts,141769,BANKING_IMPORT
2012-04-05,5210,BANKING,CHQ 243 BARNEY FORSBERG,279.78,0.00,receipts,141771,BANKING_IMPORT
2012-04-05,1000,Cash / Clearing,CHQ 243 BARNEY FORSBERG,0.00,279.78,receipts,141771,BANKING_IMPORT
2012-04-05,2550,"Client Amenities - Food, Coffee, Supplies",beverages,20.25,0.00,receipts,173613,
2012-04-05,1000,Cash / Clearing,beverages,0.00,20.25,receipts,173613,
2012-04-05,2550,BANKING,fuel,154.00,0.00,receipts,173619,
2012-04-05,1000,Cash / Clearing,fuel,0.00,154.00,receipts,173619,
2012-04-05,5116,"Client Amenities - Food, Coffee, Supplies",beverages,16.70,0.00,receipts,214006,BANKING_IMPORT | PG17_COLLISION_ORIG_ID=173584 | FALLBACK_BT=96061
2012-04-05,1000,Cash / Clearing,beverages,0.00,16.70,receipts,214006,BANKING_IMPORT | PG17_COLLISION_ORIG_ID=173584 | FALLBACK_BT=96061
2012-04-05,5110,Fuel,CENTEX,64.21,0.00,receipts,214297,99694
2012-04-05,1000,Cash / Clearing,CENTEX,0.00,64.21,receipts,214297,99694
2012-04-05,5110,BANKING,ESSO,35.00,0.00,receipts,214926,
2012-04-05,1000,Cash / Clearing,ESSO,0.00,35.00,receipts,214926,
2012-04-05,5110,BANKING,MOHAWK,40.50,0.00,receipts,215052,
2012-04-05,1000,Cash / Clearing,MOHAWK,0.00,40.50,receipts,215052,
2012-04-05,5710,Bank Fees & Service Charges,BANK TRANSFER,750.00,0.00,receipts,216345,BANKING_IMPORT
2012-04-05,1000,Cash / Clearing,BANK TRANSFER,0.00,750.00,receipts,216345,BANKING_IMPORT
2012-04-05,2550,BANKING,CALGARY AIRPORT AUTHORITY,35.74,0.00,receipts,217090,
2012-04-05,1000,Cash / Clearing,CALGARY AIRPORT AUTHORITY,0.00,35.74,receipts,217090,
2012-04-05,5110,Fuel,fuel,89.39,0.00,receipts,217448,
2012-04-05,1000,Cash / Clearing,fuel,0.00,89.39,receipts,217448,
2012-04-05,5116,"Client Amenities - Food, Coffee, Supplies",ice,3.09,0.00,receipts,217449,
2012-04-05,1000,Cash / Clearing,ice,0.00,3.09,receipts,217449,
2012-04-05,5116,"Client Amenities - Food, Coffee, Supplies",ice,3.09,0.00,receipts,217450,
2012-04-05,1000,Cash / Clearing,ice,0.00,3.09,receipts,217450,
2012-04-05,2910,BANKING,CHQ 243 BARNEY FORSBERG,279.78,0.00,receipts,217689,BANKING_IMPORT
2012-04-05,1000,Cash / Clearing,CHQ 243 BARNEY FORSBERG,0.00,279.78,receipts,217689,BANKING_IMPORT
2012-04-05,2910,BANKING,TIM HORTONS,9.64,0.00,receipts,217927,BANKING_IMPORT
2012-04-05,1000,Cash / Clearing,TIM HORTONS,0.00,9.64,receipts,217927,BANKING_IMPORT
2012-04-05,5110,Fuel,CENTEX,64.21,0.00,receipts,217928,BANKING_IMPORT
2012-04-05,1000,Cash / Clearing,CENTEX,0.00,64.21,receipts,217928,BANKING_IMPORT
2012-04-06,2550,"Client Amenities - Food, Coffee, Supplies",SOLO LIQUOR STORE,36.24,0.00,receipts,173616,
2012-04-06,1000,Cash / Clearing,SOLO LIQUOR STORE,0.00,36.24,receipts,173616,
2012-04-06,2550,"Client Amenities - Food, Coffee, Supplies",FAS GAS,53.44,0.00,receipts,173628,
2012-04-06,1000,Cash / Clearing,FAS GAS,0.00,53.44,receipts,173628,
2012-04-06,5110,BANKING,FLYING J,82.00,0.00,receipts,214070,
2012-04-06,1000,Cash / Clearing,FLYING J,0.00,82.00,receipts,214070,
2012-04-06,5120,BANKING,L7,6.65,0.00,receipts,215085,
2012-04-06,1000,Cash / Clearing,L7,0.00,6.65,receipts,215085,
2012-04-06,5110,BANKING,CENTEX,110.01,0.00,receipts,217446,
2012-04-06,1000,Cash / Clearing,CENTEX,0.00,110.01,receipts,217446,
2012-04-06,5110,BANKING,fuel L8,28.01,0.00,receipts,217447,96818
2012-04-06,1000,Cash / Clearing,fuel L8,0.00,28.01,receipts,217447,96818
2012-04-06,5110,Fuel,Fas Gas Plus,53.44,0.00,receipts,217929,BANKING_IMPORT
2012-04-06,1000,Cash / Clearing,Fas Gas Plus,0.00,53.44,receipts,217929,BANKING_IMPORT
2012-04-07,2550,BANKING,music player,13.64,0.00,receipts,216988,
2012-04-07,1000,Cash / Clearing,music player,0.00,13.64,receipts,216988,
2012-04-08,5110,Fuel,fuel,50.77,0.00,receipts,217461,
2012-04-08,1000,Cash / Clearing,fuel,0.00,50.77,receipts,217461,
2012-04-08,5116,"Client Amenities - Food, Coffee, Supplies",ice,3.09,0.00,receipts,217462,
2012-04-08,1000,Cash / Clearing,ice,0.00,3.09,receipts,217462,
2012-04-09,5120,Vehicle Maintenance & Repairs,WINDSHIELD,215.25,0.00,receipts,141804,BANKING_IMPORT
2012-04-09,1000,Cash / Clearing,WINDSHIELD,0.00,215.25,receipts,141804,BANKING_IMPORT
2012-04-09,1015,Petty Cash,PETTY CASH RETURN,200.00,0.00,receipts,169989,BANKING_IMPORT
2012-04-09,1000,Cash / Clearing,PETTY CASH RETURN,0.00,200.00,receipts,169989,BANKING_IMPORT
2012-04-09,5110,Fuel,FAS GAS,53.44,0.00,receipts,214298,99698
2012-04-09,1000,Cash / Clearing,FAS GAS,0.00,53.44,receipts,214298,99698
2012-04-09,5110,Fuel,CENTEX,40.00,0.00,receipts,214299,99700
2012-04-09,1000,Cash / Clearing,CENTEX,0.00,40.00,receipts,214299,99700
2012-04-09,5116,"Client Amenities - Food, Coffee, Supplies",COOP,56.06,0.00,receipts,214300,99701
2012-04-09,1000,Cash / Clearing,COOP,0.00,56.06,receipts,214300,99701
2012-04-09,5120,BANKING,L8,13.30,0.00,receipts,215081,
2012-04-09,1000,Cash / Clearing,L8,0.00,13.30,receipts,215081,
2012-04-09,2550,BANKING,CENTEX,40.00,0.00,receipts,215520,
2012-04-09,1000,Cash / Clearing,CENTEX,0.00,40.00,receipts,215520,
2012-04-09,5150,Vehicle Lease Payments,LFG vehicle operating lease payment,101.14,0.00,receipts,216810,BANKING_IMPORT
2012-04-09,1000,Cash / Clearing,LFG vehicle operating lease payment,0.00,101.14,receipts,216810,BANKING_IMPORT
2012-04-09,5150,Vehicle Lease Payments,LFG vehicle operating lease payment,202.27,0.00,receipts,216811,BANKING_IMPORT
2012-04-09,1000,Cash / Clearing,LFG vehicle operating lease payment,0.00,202.27,receipts,216811,BANKING_IMPORT
2012-04-09,5110,BANKING,COOP,45.00,0.00,receipts,217163,
2012-04-09,1000,Cash / Clearing,COOP,0.00,45.00,receipts,217163,
2012-04-09,5110,BANKING,COOP,6.58,0.00,receipts,217164,
2012-04-09,1000,Cash / Clearing,COOP,0.00,6.58,receipts,217164,
2012-04-09,5110,BANKING,COOP,40.00,0.00,receipts,217165,
2012-04-09,1000,Cash / Clearing,COOP,0.00,40.00,receipts,217165,
2012-04-09,5110,BANKING,COOP,40.00,0.00,receipts,217167,
2012-04-09,1000,Cash / Clearing,COOP,0.00,40.00,receipts,217167,
2012-04-09,1015,Petty Cash,PETTY CASH FUNDING,100.00,0.00,receipts,217654,BANKING_IMPORT
2012-04-09,1000,Cash / Clearing,PETTY CASH FUNDING,0.00,100.00,receipts,217654,BANKING_IMPORT
2012-04-09,2910,BANKING,CHQ 238 JEANNIE SHILINGTON,2147.46,0.00,receipts,217690,BANKING_IMPORT
2012-04-09,1000,Cash / Clearing,CHQ 238 JEANNIE SHILINGTON,0.00,2147.46,receipts,217690,BANKING_IMPORT
2012-04-09,5110,BANKING,CO-OP GAS,56.06,0.00,receipts,217930,BANKING_IMPORT
2012-04-09,1000,Cash / Clearing,CO-OP GAS,0.00,56.06,receipts,217930,BANKING_IMPORT
2012-04-09,2910,BANKING,WINDSHIELD SURGEON,215.25,0.00,receipts,217931,BANKING_IMPORT
2012-04-09,1000,Cash / Clearing,WINDSHIELD SURGEON,0.00,215.25,receipts,217931,BANKING_IMPORT
2012-04-09,5110,Fuel,FAS GAS,53.44,0.00,receipts,217932,BANKING_IMPORT
2012-04-09,1000,Cash / Clearing,FAS GAS,0.00,53.44,receipts,217932,BANKING_IMPORT
2012-04-10,5710,Bank Fees & Service Charges,CIBC,21.50,0.00,receipts,140353,BANKING_IMPORT
2012-04-10,1000,Cash / Clearing,CIBC,0.00,21.50,receipts,140353,BANKING_IMPORT
2012-04-10,1099,BANKING,Mastercard bill payment reimbursement transfer - expenses already recorded,2730.56,0.00,receipts,141826,BANKING_IMPORT
2012-04-10,1000,Cash / Clearing,Mastercard bill payment reimbursement transfer - expenses already recorded,0.00,2730.56,receipts,141826,BANKING_IMPORT
2012-04-10,5440,Rent & Utilities,PAID,821.58,0.00,receipts,141827,BANKING_IMPORT
2012-04-10,1000,Cash / Clearing,PAID,0.00,821.58,receipts,141827,BANKING_IMPORT
2012-04-10,5120,Vehicle Maintenance & Repairs,ALIGNMENT,915.30,0.00,receipts,141828,BANKING_IMPORT
2012-04-10,1000,Cash / Clearing,ALIGNMENT,0.00,915.30,receipts,141828,BANKING_IMPORT
2012-04-10,5430,Telephone & Internet,TELUS,2945.15,0.00,receipts,214147,96635
2012-04-10,1000,Cash / Clearing,TELUS,0.00,2945.15,receipts,214147,96635
2012-04-10,5710,Bank Fees & Service Charges,BANK TRANSFER,1350.18,0.00,receipts,216346,BANKING_IMPORT
2012-04-10,1000,Cash / Clearing,BANK TRANSFER,0.00,1350.18,receipts,216346,BANKING_IMPORT
2012-04-10,2910,BANKING,D&M ALIGN AND BRAKE,915.30,0.00,receipts,217933,BANKING_IMPORT
2012-04-10,1000,Cash / Clearing,D&M ALIGN AND BRAKE,0.00,915.30,receipts,217933,BANKING_IMPORT
2012-04-10,2910,BANKING,ENMAX,821.58,0.00,receipts,217934,BANKING_IMPORT
2012-04-10,1000,Cash / Clearing,ENMAX,0.00,821.58,receipts,217934,BANKING_IMPORT
2012-04-10,2910,BANKING,MASTERCARD CAPITAL ONE PAYMENT,2730.56,0.00,receipts,217935,BANKING_IMPORT
2012-04-10,1000,Cash / Clearing,MASTERCARD CAPITAL ONE PAYMENT,0.00,2730.56,receipts,217935,BANKING_IMPORT
2012-04-11,5120,Vehicle Maintenance & Repairs,PARRS AUTOMOTIVE,6581.41,0.00,receipts,141840,BANKING_IMPORT
2012-04-11,1000,Cash / Clearing,PARRS AUTOMOTIVE,0.00,6581.41,receipts,141840,BANKING_IMPORT
2012-04-11,6300,Government Fees & Licenses,CHQ 246 CRA,2917.73,0.00,receipts,141841,BANKING_IMPORT
2012-04-11,1000,Cash / Clearing,CHQ 246 CRA,0.00,2917.73,receipts,141841,BANKING_IMPORT
2012-04-11,6300,Government Fees & Licenses,CHQ 245 CRA,2776.36,0.00,receipts,141842,BANKING_IMPORT
2012-04-11,1000,Cash / Clearing,CHQ 245 CRA,0.00,2776.36,receipts,141842,BANKING_IMPORT
2012-04-11,5300,Administrative Expenses,106.7 THE DRIVE,953.25,0.00,receipts,141843,BANKING_IMPORT
2012-04-11,1000,Cash / Clearing,106.7 THE DRIVE,0.00,953.25,receipts,141843,BANKING_IMPORT
2012-04-11,5150,Vehicle Operating Leases,CHQ 223 HEFFNER AUTO,2525.25,0.00,receipts,217300,BANKING_IMPORT
2012-04-11,1000,Cash / Clearing,CHQ 223 HEFFNER AUTO,0.00,2525.25,receipts,217300,BANKING_IMPORT
2012-04-11,2910,BANKING,CHQ 242 106.7 THE DRIVE,953.25,0.00,receipts,217691,BANKING_IMPORT
2012-04-11,1000,Cash / Clearing,CHQ 242 106.7 THE DRIVE,0.00,953.25,receipts,217691,BANKING_IMPORT
2012-04-11,2910,BANKING,CHQ 247 MIKE RICHARD,2000.00,0.00,receipts,217692,BANKING_IMPORT
2012-04-11,1000,Cash / Clearing,CHQ 247 MIKE RICHARD,0.00,2000.00,receipts,217692,BANKING_IMPORT
2012-04-11,2910,BANKING,CHQ 223 HEFFNER AUTO,2525.25,0.00,receipts,217693,BANKING_IMPORT
2012-04-11,1000,Cash / Clearing,CHQ 223 HEFFNER AUTO,0.00,2525.25,receipts,217693,BANKING_IMPORT
2012-04-12,6100,BANKING,Staff meeting,74.09,0.00,receipts,141854,BANKING_IMPORT
2012-04-12,1000,Cash / Clearing,Staff meeting,0.00,74.09,receipts,141854,BANKING_IMPORT
2012-04-12,6900,Uncategorized / Unknown,LOAD CARD,500.00,0.00,receipts,141855,BANKING_IMPORT
2012-04-12,1000,Cash / Clearing,LOAD CARD,0.00,500.00,receipts,141855,BANKING_IMPORT
2012-04-12,5440,Rent & Utilities,CHQ 240 FIBRENEW,1050.00,0.00,receipts,141861,BANKING_IMPORT
2012-04-12,1000,Cash / Clearing,CHQ 240 FIBRENEW,0.00,1050.00,receipts,141861,BANKING_IMPORT
2012-04-12,6000,Operating Expenses,CHQ 239 KAREN RICHARD - related party reimbursement,6500.00,0.00,receipts,150448,BANKING_IMPORT
2012-04-12,1000,Cash / Clearing,CHQ 239 KAREN RICHARD - related party reimbursement,0.00,6500.00,receipts,150448,BANKING_IMPORT
2012-04-12,5110,Fuel,CENTEX,31.00,0.00,receipts,214302,99716
2012-04-12,1000,Cash / Clearing,CENTEX,0.00,31.00,receipts,214302,99716
2012-04-12,5150,Vehicle Operating Leases,CHQ 218 HEFFNER AUTO,1475.25,0.00,receipts,217302,BANKING_IMPORT
2012-04-12,1000,Cash / Clearing,CHQ 218 HEFFNER AUTO,0.00,1475.25,receipts,217302,BANKING_IMPORT
2012-04-12,5116,"Client Amenities - Food, Coffee, Supplies",ice,3.09,0.00,receipts,217459,
2012-04-12,1000,Cash / Clearing,ice,0.00,3.09,receipts,217459,
2012-04-12,5110,Fuel,fuel,51.01,0.00,receipts,217460,
2012-04-12,1000,Cash / Clearing,fuel,0.00,51.01,receipts,217460,
2012-04-12,1015,Petty Cash,PETTY CASH FUNDING,200.00,0.00,receipts,217655,BANKING_IMPORT
2012-04-12,1000,Cash / Clearing,PETTY CASH FUNDING,0.00,200.00,receipts,217655,BANKING_IMPORT
2012-04-12,1015,Petty Cash,PETTY CASH FUNDING,800.00,0.00,receipts,217656,BANKING_IMPORT
2012-04-12,1000,Cash / Clearing,PETTY CASH FUNDING,0.00,800.00,receipts,217656,BANKING_IMPORT
2012-04-12,2910,BANKING,CHQ 240 FIBRENEW,1050.00,0.00,receipts,217694,BANKING_IMPORT
2012-04-12,1000,Cash / Clearing,CHQ 240 FIBRENEW,0.00,1050.00,receipts,217694,BANKING_IMPORT
2012-04-12,2910,BANKING,CHQ 229 HEFFNER AUTO,1900.50,0.00,receipts,217695,BANKING_IMPORT
2012-04-12,1000,Cash / Clearing,CHQ 229 HEFFNER AUTO,0.00,1900.50,receipts,217695,BANKING_IMPORT
2012-04-12,2910,BANKING,CHQ 218 HEFFNER AUTO,1475.25,0.00,receipts,217696,BANKING_IMPORT
2012-04-12,1000,Cash / Clearing,CHQ 218 HEFFNER AUTO,0.00,1475.25,receipts,217696,BANKING_IMPORT
2012-04-12,5710,Bank Fees & Service Charges,MONEY MART,500.00,0.00,receipts,217936,BANKING_IMPORT
2012-04-12,1000,Cash / Clearing,MONEY MART,0.00,500.00,receipts,217936,BANKING_IMPORT
2012-04-12,2910,BANKING,PICCOLO PIZZA,74.09,0.00,receipts,217937,BANKING_IMPORT
2012-04-12,1000,Cash / Clearing,PICCOLO PIZZA,0.00,74.09,receipts,217937,BANKING_IMPORT
2012-04-12,5110,Fuel,CENTEX,31.00,0.00,receipts,217938,BANKING_IMPORT
2012-04-12,1000,Cash / Clearing,CENTEX,0.00,31.00,receipts,217938,BANKING_IMPORT
2012-04-13,2550,Administrative Expenses,FOOD FOR DRUNK CLIENT,17.51,0.00,receipts,173607,
2012-04-13,1000,Cash / Clearing,FOOD FOR DRUNK CLIENT,0.00,17.51,receipts,173607,
2012-04-13,5116,"Client Amenities - Food, Coffee, Supplies",BEVERAGES,33.12,0.00,receipts,173608,
2012-04-13,1000,Cash / Clearing,BEVERAGES,0.00,33.12,receipts,173608,
2012-04-13,5116,BANKING,COOP LIQUOR,46.55,0.00,receipts,215731,
2012-04-13,1000,Cash / Clearing,COOP LIQUOR,0.00,46.55,receipts,215731,
2012-04-13,5110,BANKING,COOP,60.00,0.00,receipts,217166,
2012-04-13,1000,Cash / Clearing,COOP,0.00,60.00,receipts,217166,
2012-04-13,5110,Fuel,fuel,8.09,0.00,receipts,217458,
2012-04-13,1000,Cash / Clearing,fuel,0.00,8.09,receipts,217458,
2012-04-14,2550,"Client Amenities - Food, Coffee, Supplies",Beverages,138.52,0.00,receipts,173569,
2012-04-14,1000,Cash / Clearing,Beverages,0.00,138.52,receipts,173569,
2012-04-14,5116,"Client Amenities - Food, Coffee, Supplies",beverages,40.43,0.00,receipts,173570,
2012-04-14,1000,Cash / Clearing,beverages,0.00,40.43,receipts,173570,
2012-04-14,2550,"Client Amenities - Food, Coffee, Supplies",Beverages,47.53,0.00,receipts,173571,
2012-04-14,1000,Cash / Clearing,Beverages,0.00,47.53,receipts,173571,
2012-04-14,5120,BANKING,L8,11.40,0.00,receipts,215083,
2012-04-14,1000,Cash / Clearing,L8,0.00,11.40,receipts,215083,
2012-04-14,5110,BANKING,SHELL,53.00,0.00,receipts,215229,
2012-04-14,1000,Cash / Clearing,SHELL,0.00,53.00,receipts,215229,
2012-04-14,5110,Fuel,fuel,35.01,0.00,receipts,217455,
2012-04-14,1000,Cash / Clearing,fuel,0.00,35.01,receipts,217455,
2012-04-14,5110,Fuel,fuel,50.00,0.00,receipts,217456,
2012-04-14,1000,Cash / Clearing,fuel,0.00,50.00,receipts,217456,
2012-04-14,5110,BANKING,ice | fuel L8 52.22,60.00,0.00,receipts,221465,BANKING_IMPORT
2012-04-14,1000,Cash / Clearing,ice | fuel L8 52.22,0.00,60.00,receipts,221465,BANKING_IMPORT
2012-04-14,5116,BANKING,ice | ice,9.27,0.00,receipts,221466,BANKING_IMPORT
2012-04-14,1000,Cash / Clearing,ice | ice,0.00,9.27,receipts,221466,BANKING_IMPORT
2012-04-15,5880,Owner Personal (Non-Deductible),Non alcoholic beverages ect,7.69,0.00,receipts,214004,BANKING_IMPORT | PG17_COLLISION_ORIG_ID=173572 | FALLBACK_BT=96059
2012-04-15,1000,Cash / Clearing,Non alcoholic beverages ect,0.00,7.69,receipts,214004,BANKING_IMPORT | PG17_COLLISION_ORIG_ID=173572 | FALLBACK_BT=96059
2012-04-15,5110,BANKING,ESSO,51.00,0.00,receipts,214878,
2012-04-15,1000,Cash / Clearing,ESSO,0.00,51.00,receipts,214878,
2012-04-15,5120,BANKING,L2,8.80,0.00,receipts,215140,
2012-04-15,1000,Cash / Clearing,L2,0.00,8.80,receipts,215140,
2012-04-15,5120,BANKING,SUPER CLEAN,8.00,0.00,receipts,215183,
2012-04-15,1000,Cash / Clearing,SUPER CLEAN,0.00,8.00,receipts,215183,
2012-04-15,5425,BANKING,GARAGE HEATER | GARAGE HEATER,99.99,0.00,receipts,215778,BANKING_IMPORT
2012-04-15,1000,Cash / Clearing,GARAGE HEATER | GARAGE HEATER,0.00,99.99,receipts,215778,BANKING_IMPORT
2012-04-15,5880,BANKING,GARAGE HEATER,10.98,0.00,receipts,215779,BANKING_IMPORT
2012-04-15,1000,Cash / Clearing,GARAGE HEATER,0.00,10.98,receipts,215779,BANKING_IMPORT
2012-04-15,2550,BANKING,2 parking permits,22.37,0.00,receipts,217091,
2012-04-15,1000,Cash / Clearing,2 parking permits,0.00,22.37,receipts,217091,
2012-04-15,5110,Fuel,fuel,32.99,0.00,receipts,217451,
2012-04-15,1000,Cash / Clearing,fuel,0.00,32.99,receipts,217451,
2012-04-16,5110,Fuel,COOP,110.97,0.00,receipts,141876,BANKING_IMPORT
2012-04-16,1000,Cash / Clearing,COOP,0.00,110.97,receipts,141876,BANKING_IMPORT
2012-04-16,5130,Insurance,OPTIMUM INSURANCE,83.46,0.00,receipts,141878,BANKING_IMPORT
2012-04-16,1000,Cash / Clearing,OPTIMUM INSURANCE,0.00,83.46,receipts,141878,BANKING_IMPORT
2012-04-16,2550,Administrative Expenses,client drinks,6.19,0.00,receipts,173596,
2012-04-16,1000,Cash / Clearing,client drinks,0.00,6.19,receipts,173596,
2012-04-16,5110,Fuel,fuel,7.00,0.00,receipts,217452,
2012-04-16,1000,Cash / Clearing,fuel,0.00,7.00,receipts,217452,
2012-04-16,5110,BANKING,CENTEX,59.59,0.00,receipts,217453,
2012-04-16,1000,Cash / Clearing,CENTEX,0.00,59.59,receipts,217453,
2012-04-16,2910,BANKING,CHQ 248 MARK LINTON,3000.00,0.00,receipts,217697,BANKING_IMPORT
2012-04-16,1000,Cash / Clearing,CHQ 248 MARK LINTON,0.00,3000.00,receipts,217697,BANKING_IMPORT
2012-04-16,2910,BANKING,COOP-HGC,110.97,0.00,receipts,217939,BANKING_IMPORT
2012-04-16,1000,Cash / Clearing,COOP-HGC,0.00,110.97,receipts,217939,BANKING_IMPORT
2012-04-16,5300,Insurance,OPTIMUM WEST INSURANCE COMPANY,83.46,0.00,receipts,217940,BANKING_IMPORT
2012-04-16,1000,Cash / Clearing,OPTIMUM WEST INSURANCE COMPANY,0.00,83.46,receipts,217940,BANKING_IMPORT
2012-04-16,5150,Vehicle Lease Payments,JACK CARTER,1885.65,0.00,receipts,217941,BANKING_IMPORT
2012-04-16,1000,Cash / Clearing,JACK CARTER,0.00,1885.65,receipts,217941,BANKING_IMPORT
2012-04-17,2550,BANKING,Wash,9.44,0.00,receipts,214091,
2012-04-17,1000,Cash / Clearing,Wash,0.00,9.44,receipts,214091,
2012-04-17,5110,Fuel,CENTEX,36.56,0.00,receipts,214303,99724
2012-04-17,1000,Cash / Clearing,CENTEX,0.00,36.56,receipts,214303,99724
2012-04-17,5110,BANKING,COOP,59.17,0.00,receipts,217162,
2012-04-17,1000,Cash / Clearing,COOP,0.00,59.17,receipts,217162,
2012-04-17,5110,Fuel,CENTEX,36.56,0.00,receipts,217942,BANKING_IMPORT
2012-04-17,1000,Cash / Clearing,CENTEX,0.00,36.56,receipts,217942,BANKING_IMPORT
2012-04-18,5110,Fuel,CENTEX,88.33,0.00,receipts,138395,BANKING_IMPORT
2012-04-18,1000,Cash / Clearing,CENTEX,0.00,88.33,receipts,138395,BANKING_IMPORT
2012-04-18,5710,Bank Fees & Service Charges,GEORGES PIZZA,28.93,0.00,receipts,150456,BANKING_IMPORT
2012-04-18,1000,Cash / Clearing,GEORGES PIZZA,0.00,28.93,receipts,150456,BANKING_IMPORT
2012-04-18,5710,Bank Fees & Service Charges,PHILS RESTAURANT,26.83,0.00,receipts,150457,BANKING_IMPORT
2012-04-18,1000,Cash / Clearing,PHILS RESTAURANT,0.00,26.83,receipts,150457,BANKING_IMPORT
2012-04-18,2550,BANKING,FAS GAS,100.00,0.00,receipts,173650,
2012-04-18,1000,Cash / Clearing,FAS GAS,0.00,100.00,receipts,173650,
2012-04-18,5110,Fuel,fuel,42.01,0.00,receipts,217473,
2012-04-18,1000,Cash / Clearing,fuel,0.00,42.01,receipts,217473,
2012-04-18,2910,BANKING,CHQ 251 JOEL NELSON,2191.47,0.00,receipts,217698,BANKING_IMPORT
2012-04-18,1000,Cash / Clearing,CHQ 251 JOEL NELSON,0.00,2191.47,receipts,217698,BANKING_IMPORT
2012-04-18,2910,BANKING,GEORGES PIZZA,28.93,0.00,receipts,217943,BANKING_IMPORT
2012-04-18,1000,Cash / Clearing,GEORGES PIZZA,0.00,28.93,receipts,217943,BANKING_IMPORT
2012-04-18,2910,BANKING,PHILS RESTAURANT,26.83,0.00,receipts,217944,BANKING_IMPORT
2012-04-18,1000,Cash / Clearing,PHILS RESTAURANT,0.00,26.83,receipts,217944,BANKING_IMPORT
2012-04-19,1015,Petty Cash,PETTY CASH RETURN,200.00,0.00,receipts,170014,BANKING_IMPORT
2012-04-19,1000,Cash / Clearing,PETTY CASH RETURN,0.00,200.00,receipts,170014,BANKING_IMPORT
2012-04-19,5120,BANKING,L8,12.35,0.00,receipts,215080,
2012-04-19,1000,Cash / Clearing,L8,0.00,12.35,receipts,215080,
2012-04-19,5120,BANKING,L2,7.00,0.00,receipts,215188,
2012-04-19,1000,Cash / Clearing,L2,0.00,7.00,receipts,215188,
2012-04-19,2550,BANKING,CALGARY AIRPORT AUTHORITY,22.52,0.00,receipts,217089,
2012-04-19,1000,Cash / Clearing,CALGARY AIRPORT AUTHORITY,0.00,22.52,receipts,217089,
2012-04-19,2550,BANKING,RADIOS,63.00,0.00,receipts,217239,
2012-04-19,1000,Cash / Clearing,RADIOS,0.00,63.00,receipts,217239,
2012-04-19,2550,BANKING,PHIL'S RESTAURA,26.83,0.00,receipts,217545,
2012-04-19,1000,Cash / Clearing,PHIL'S RESTAURA,0.00,26.83,receipts,217545,
2012-04-20,5116,BANKING,LIQUOR BARN,31.94,0.00,receipts,215495,
2012-04-20,1000,Cash / Clearing,LIQUOR BARN,0.00,31.94,receipts,215495,
2012-04-20,5710,BANKING,INTEREST FEE,29.51,0.00,receipts,217340,
2012-04-20,1000,Cash / Clearing,INTEREST FEE,0.00,29.51,receipts,217340,
2012-04-20,5116,"Client Amenities - Food, Coffee, Supplies",ice,6.33,0.00,receipts,217471,
2012-04-20,1000,Cash / Clearing,ice,0.00,6.33,receipts,217471,
2012-04-21,2550,"Client Amenities - Food, Coffee, Supplies",PLAZA LIQUOR,28.27,0.00,receipts,173561,
2012-04-21,1000,Cash / Clearing,PLAZA LIQUOR,0.00,28.27,receipts,173561,
2012-04-21,5110,BANKING,ESSO,33.01,0.00,receipts,214920,
2012-04-21,1000,Cash / Clearing,ESSO,0.00,33.01,receipts,214920,
2012-04-21,5110,BANKING,ESSO,70.00,0.00,receipts,214921,
2012-04-21,1000,Cash / Clearing,ESSO,0.00,70.00,receipts,214921,
2012-04-21,5120,BANKING,L9,15.20,0.00,receipts,215082,
2012-04-21,1000,Cash / Clearing,L9,0.00,15.20,receipts,215082,
2012-04-21,5120,BANKING,L8,5.00,0.00,receipts,215182,
2012-04-21,1000,Cash / Clearing,L8,0.00,5.00,receipts,215182,
2012-04-21,5870,BANKING,FARM OUT,768.00,0.00,receipts,217341,
2012-04-21,1000,Cash / Clearing,FARM OUT,0.00,768.00,receipts,217341,
2012-04-21,5110,Fuel,fuel,61.34,0.00,receipts,217467,
2012-04-21,1000,Cash / Clearing,fuel,0.00,61.34,receipts,217467,
2012-04-21,5110,Fuel,fuel,61.00,0.00,receipts,217468,
2012-04-21,1000,Cash / Clearing,fuel,0.00,61.00,receipts,217468,
2012-04-21,5110,Fuel,fuel,63.00,0.00,receipts,217469,
2012-04-21,1000,Cash / Clearing,fuel,0.00,63.00,receipts,217469,
2012-04-21,5110,Fuel,fuel,16.00,0.00,receipts,217470,
2012-04-21,1000,Cash / Clearing,fuel,0.00,16.00,receipts,217470,
2012-04-21,5110,Fuel,fuel,22.00,0.00,receipts,217474,
2012-04-21,1000,Cash / Clearing,fuel,0.00,22.00,receipts,217474,
2012-04-22,2550,"Client Amenities - Food, Coffee, Supplies",BEVERAGES,35.00,0.00,receipts,173559,
2012-04-22,1000,Cash / Clearing,BEVERAGES,0.00,35.00,receipts,173559,
2012-04-23,5116,"Client Amenities - Food, Coffee, Supplies",PLAZA LIQUOR,77.67,0.00,receipts,141911,BANKING_IMPORT
2012-04-23,1000,Cash / Clearing,PLAZA LIQUOR,0.00,77.67,receipts,141911,BANKING_IMPORT
2012-04-23,5116,"Client Amenities - Food, Coffee, Supplies",GLOBAL LIQUOR STORE,282.35,0.00,receipts,141913,BANKING_IMPORT
2012-04-23,1000,Cash / Clearing,GLOBAL LIQUOR STORE,0.00,282.35,receipts,141913,BANKING_IMPORT
2012-04-23,5116,"Client Amenities - Food, Coffee, Supplies",LIQUOR BARN,73.84,0.00,receipts,141914,BANKING_IMPORT
2012-04-23,1000,Cash / Clearing,LIQUOR BARN,0.00,73.84,receipts,141914,BANKING_IMPORT
2012-04-23,5110,Fuel,CENTEX,67.75,0.00,receipts,141915,BANKING_IMPORT
2012-04-23,1000,Cash / Clearing,CENTEX,0.00,67.75,receipts,141915,BANKING_IMPORT
2012-04-23,5116,BANKING,COOP LIQUOR,33.04,0.00,receipts,215730,
2012-04-23,1000,Cash / Clearing,COOP LIQUOR,0.00,33.04,receipts,215730,
2012-04-23,5116,"Client Amenities - Food, Coffee, Supplies",Global Liquor Store,282.35,0.00,receipts,217945,BANKING_IMPORT
2012-04-23,1000,Cash / Clearing,Global Liquor Store,0.00,282.35,receipts,217945,BANKING_IMPORT
2012-04-23,2910,BANKING,LIQUOR DEPOT,73.84,0.00,receipts,217946,BANKING_IMPORT
2012-04-23,1000,Cash / Clearing,LIQUOR DEPOT,0.00,73.84,receipts,217946,BANKING_IMPORT
2012-04-23,5720,BANKING,MCARD PAYMENT,67.75,0.00,receipts,217947,BANKING_IMPORT
2012-04-23,1000,Cash / Clearing,MCARD PAYMENT,0.00,67.75,receipts,217947,BANKING_IMPORT
2012-04-23,5116,"Client Amenities - Food, Coffee, Supplies",PLAZA LIQUOR STORE,77.67,0.00,receipts,217948,BANKING_IMPORT
2012-04-23,1000,Cash / Clearing,PLAZA LIQUOR STORE,0.00,77.67,receipts,217948,BANKING_IMPORT
2012-04-24,5425,Building & Property Maintenance,PEAVEY MART,27.29,0.00,receipts,141926,BANKING_IMPORT
2012-04-24,1000,Cash / Clearing,PEAVEY MART,0.00,27.29,receipts,141926,BANKING_IMPORT
2012-04-24,5425,Building & Property Maintenance,HORNET REMOVAL,73.49,0.00,receipts,141927,BANKING_IMPORT
2012-04-24,1000,Cash / Clearing,HORNET REMOVAL,0.00,73.49,receipts,141927,BANKING_IMPORT
2012-04-24,5860,Supplies - General Business,screws screw driver lights,192.64,0.00,receipts,141928,BANKING_IMPORT
2012-04-24,1000,Cash / Clearing,screws screw driver lights,0.00,192.64,receipts,141928,BANKING_IMPORT
2012-04-24,5425,Building & Property Maintenance,MOTION DETECTORS  LIGHTS ECT,122.56,0.00,receipts,141929,BANKING_IMPORT
2012-04-24,1000,Cash / Clearing,MOTION DETECTORS  LIGHTS ECT,0.00,122.56,receipts,141929,BANKING_IMPORT
2012-04-24,6400,Electronics and Equipment,APPLE COMPUTER,1969.77,0.00,receipts,141930,BANKING_IMPORT
2012-04-24,1000,Cash / Clearing,APPLE COMPUTER,0.00,1969.77,receipts,141930,BANKING_IMPORT
2012-04-24,5130,Insurance,JEVCO INSURANCE,268.92,0.00,receipts,141931,BANKING_IMPORT
2012-04-24,1000,Cash / Clearing,JEVCO INSURANCE,0.00,268.92,receipts,141931,BANKING_IMPORT
2012-04-24,5130,Insurance,IFS FINANCIAL,1271.47,0.00,receipts,141932,BANKING_IMPORT
2012-04-24,1000,Cash / Clearing,IFS FINANCIAL,0.00,1271.47,receipts,141932,BANKING_IMPORT
2012-04-24,2550,Fuel,SHELL,100.00,0.00,receipts,173557,
2012-04-24,1000,Cash / Clearing,SHELL,0.00,100.00,receipts,173557,
2012-04-24,2550,Fuel,CLIENT ICE,5.98,0.00,receipts,173558,
2012-04-24,1000,Cash / Clearing,CLIENT ICE,0.00,5.98,receipts,173558,
2012-04-24,5110,BANKING,ESSO,74.51,0.00,receipts,214927,
2012-04-24,1000,Cash / Clearing,ESSO,0.00,74.51,receipts,214927,
2012-04-24,2550,BANKING,CENTEX 197.41 split receipt with 215442,133.50,0.00,receipts,215441,BANKING_IMPORT
2012-04-24,1000,Cash / Clearing,CENTEX 197.41 split receipt with 215442,0.00,133.50,receipts,215441,BANKING_IMPORT
2012-04-24,2550,BANKING,CENTEX 197.41 split receipt with 215441,63.91,0.00,receipts,215442,BANKING_IMPORT
2012-04-24,1000,Cash / Clearing,CENTEX 197.41 split receipt with 215441,0.00,63.91,receipts,215442,BANKING_IMPORT
2012-04-24,2550,BANKING,2 parking passes,45.05,0.00,receipts,217107,
2012-04-24,1000,Cash / Clearing,2 parking passes,0.00,45.05,receipts,217107,
2012-04-24,5110,Fuel,fuel,71.00,0.00,receipts,217466,
2012-04-24,1000,Cash / Clearing,fuel,0.00,71.00,receipts,217466,
2012-04-24,2910,BANKING,BEST BUY,1969.77,0.00,receipts,217949,BANKING_IMPORT
2012-04-24,1000,Cash / Clearing,BEST BUY,0.00,1969.77,receipts,217949,BANKING_IMPORT
2012-04-24,5120,Vehicle Maintenance & Repairs,CANADIAN TIRE,192.64,0.00,receipts,217950,BANKING_IMPORT
2012-04-24,1000,Cash / Clearing,CANADIAN TIRE,0.00,192.64,receipts,217950,BANKING_IMPORT
2012-04-24,2910,BANKING,COSTCO,73.49,0.00,receipts,217951,BANKING_IMPORT
2012-04-24,1000,Cash / Clearing,COSTCO,0.00,73.49,receipts,217951,BANKING_IMPORT
2012-04-24,2910,BANKING,HOME DEPOT,122.56,0.00,receipts,217952,BANKING_IMPORT
2012-04-24,1000,Cash / Clearing,HOME DEPOT,0.00,122.56,receipts,217952,BANKING_IMPORT
2012-04-24,5130,Insurance,IFS PREMIUM FINANCING,1271.47,0.00,receipts,217953,BANKING_IMPORT
2012-04-24,1000,Cash / Clearing,IFS PREMIUM FINANCING,0.00,1271.47,receipts,217953,BANKING_IMPORT
2012-04-24,5300,Insurance,JEVCO INSURANCE COMPANY,268.92,0.00,receipts,217954,BANKING_IMPORT
2012-04-24,1000,Cash / Clearing,JEVCO INSURANCE COMPANY,0.00,268.92,receipts,217954,BANKING_IMPORT
2012-04-24,2910,BANKING,PEAVY MART,27.29,0.00,receipts,217955,BANKING_IMPORT
2012-04-24,1000,Cash / Clearing,PEAVY MART,0.00,27.29,receipts,217955,BANKING_IMPORT
2012-04-25,5120,Vehicle Maintenance & Repairs,COLUMN AND CLUSTER REPAIR,942.84,0.00,receipts,141945,BANKING_IMPORT
2012-04-25,1000,Cash / Clearing,COLUMN AND CLUSTER REPAIR,0.00,942.84,receipts,141945,BANKING_IMPORT
2012-04-25,6900,BANKING,RENT FLYNNS U,50.00,0.00,receipts,141946,BANKING_IMPORT
2012-04-25,1000,Cash / Clearing,RENT FLYNNS U,0.00,50.00,receipts,141946,BANKING_IMPORT
2012-04-25,5210,BANKING,CHQ 250 WESLEY CHARLES,1243.21,0.00,receipts,141947,BANKING_IMPORT
2012-04-25,1000,Cash / Clearing,CHQ 250 WESLEY CHARLES,0.00,1243.21,receipts,141947,BANKING_IMPORT
2012-04-25,2550,Fuel,FLYING J,20.00,0.00,receipts,173567,
2012-04-25,1000,Cash / Clearing,FLYING J,0.00,20.00,receipts,173567,
2012-04-25,5116,"Client Amenities - Food, Coffee, Supplies",LIQUOR DEPOT,68.25,0.00,receipts,173568,
2012-04-25,1000,Cash / Clearing,LIQUOR DEPOT,0.00,68.25,receipts,173568,
2012-04-25,5120,Vehicle Maintenance & Repairs,New Septic hose for L10,47.25,0.00,receipts,214003,BANKING_IMPORT | PG17_COLLISION_ORIG_ID=173565 | FALLBACK_BT=96058
2012-04-25,1000,Cash / Clearing,New Septic hose for L10,0.00,47.25,receipts,214003,BANKING_IMPORT | PG17_COLLISION_ORIG_ID=173565 | FALLBACK_BT=96058
2012-04-25,5720,Payment Processing Fees,STAPLES,16.70,0.00,receipts,214304,99741
2012-04-25,1000,Cash / Clearing,STAPLES,0.00,16.70,receipts,214304,99741
2012-04-25,5420,BANKING,reusable bottle corks,7.86,0.00,receipts,217133,
2012-04-25,1000,Cash / Clearing,reusable bottle corks,0.00,7.86,receipts,217133,
2012-04-25,5120,BANKING,BRACKET,46.97,0.00,receipts,217238,
2012-04-25,1000,Cash / Clearing,BRACKET,0.00,46.97,receipts,217238,
2012-04-25,5110,Fuel,fuel,33.52,0.00,receipts,217463,
2012-04-25,1000,Cash / Clearing,fuel,0.00,33.52,receipts,217463,
2012-04-25,2550,Fuel,fuel,36.00,0.00,receipts,217464,
2012-04-25,1000,Cash / Clearing,fuel,0.00,36.00,receipts,217464,
2012-04-25,2550,Fuel,fuel,38.01,0.00,receipts,217465,
2012-04-25,1000,Cash / Clearing,fuel,0.00,38.01,receipts,217465,
2012-04-25,2910,BANKING,CHQ 250 WESLEY CHARLES,1243.21,0.00,receipts,217699,BANKING_IMPORT
2012-04-25,1000,Cash / Clearing,CHQ 250 WESLEY CHARLES,0.00,1243.21,receipts,217699,BANKING_IMPORT
2012-04-25,2910,BANKING,MGM FORD,942.84,0.00,receipts,217956,BANKING_IMPORT
2012-04-25,1000,Cash / Clearing,MGM FORD,0.00,942.84,receipts,217956,BANKING_IMPORT
2012-04-25,5110,BANKING,SHELL,50.00,0.00,receipts,217957,BANKING_IMPORT
2012-04-25,1000,Cash / Clearing,SHELL,0.00,50.00,receipts,217957,BANKING_IMPORT
2012-04-25,5420,Office Supplies,STAPLES,16.70,0.00,receipts,217958,BANKING_IMPORT
2012-04-25,1000,Cash / Clearing,STAPLES,0.00,16.70,receipts,217958,BANKING_IMPORT
2012-04-25,5110,Fuel,CENTEX,197.41,0.00,receipts,217959,BANKING_IMPORT
2012-04-25,1000,Cash / Clearing,CENTEX,0.00,197.41,receipts,217959,BANKING_IMPORT
2012-04-26,5300,Administrative Expenses,106.7 THE DRIVE,525.00,0.00,receipts,141953,BANKING_IMPORT
2012-04-26,1000,Cash / Clearing,106.7 THE DRIVE,0.00,525.00,receipts,141953,BANKING_IMPORT
2012-04-26,5120,BANKING,L7,8.50,0.00,receipts,215184,
2012-04-26,1000,Cash / Clearing,L7,0.00,8.50,receipts,215184,
2012-04-26,5116,BANKING,LIQUORSTORE,165.95,0.00,receipts,215702,
2012-04-26,1000,Cash / Clearing,LIQUORSTORE,0.00,165.95,receipts,215702,
2012-04-26,5116,BANKING,CAPRI LIQUOR STORE,39.97,0.00,receipts,215719,
2012-04-26,1000,Cash / Clearing,CAPRI LIQUOR STORE,0.00,39.97,receipts,215719,
2012-04-26,5116,BANKING,ICE BULK,45.36,0.00,receipts,217126,BANKING_IMPORT
2012-04-26,1000,Cash / Clearing,ICE BULK,0.00,45.36,receipts,217126,BANKING_IMPORT
2012-04-26,5420,BANKING,DISINFECTANTS,7.58,0.00,receipts,217127,BANKING_IMPORT
2012-04-26,1000,Cash / Clearing,DISINFECTANTS,0.00,7.58,receipts,217127,BANKING_IMPORT
2012-04-26,5420,BANKING,SAFEWAY,148.34,0.00,receipts,217244,
2012-04-26,1000,Cash / Clearing,SAFEWAY,0.00,148.34,receipts,217244,
2012-04-26,5870,BANKING,HERTZ RENTAL,118.13,0.00,receipts,217343,
2012-04-26,1000,Cash / Clearing,HERTZ RENTAL,0.00,118.13,receipts,217343,
2012-04-26,5116,BANKING,mix,16.99,0.00,receipts,217476,
2012-04-26,1000,Cash / Clearing,mix,0.00,16.99,receipts,217476,
2012-04-26,2910,BANKING,CHQ 252 106.7 THE DRIVE,525.00,0.00,receipts,217700,BANKING_IMPORT
2012-04-26,1000,Cash / Clearing,CHQ 252 106.7 THE DRIVE,0.00,525.00,receipts,217700,BANKING_IMPORT
2012-04-27,5116,"Client Amenities - Food, Coffee, Supplies",PLAZA LIQUOR,202.20,0.00,receipts,141960,BANKING_IMPORT
2012-04-27,1000,Cash / Clearing,PLAZA LIQUOR,0.00,202.20,receipts,141960,BANKING_IMPORT
2012-04-27,5130,Insurance,IFS FINANCIAL,203.39,0.00,receipts,141961,BANKING_IMPORT
2012-04-27,1000,Cash / Clearing,IFS FINANCIAL,0.00,203.39,receipts,141961,BANKING_IMPORT
2012-04-27,5130,Insurance,CHQ 253 TREDD MAYFAIR INSURANCE,830.00,0.00,receipts,141962,BANKING_IMPORT
2012-04-27,1000,Cash / Clearing,CHQ 253 TREDD MAYFAIR INSURANCE,0.00,830.00,receipts,141962,BANKING_IMPORT
2012-04-27,5120,Vehicle Maintenance & Repairs,CHQ 224 HEFNER AUTO,2525.25,0.00,receipts,141963,BANKING_IMPORT
2012-04-27,1000,Cash / Clearing,CHQ 224 HEFNER AUTO,0.00,2525.25,receipts,141963,BANKING_IMPORT
2012-04-27,5110,BANKING,PETRO-CANADA,18.00,0.00,receipts,214099,
2012-04-27,1000,Cash / Clearing,PETRO-CANADA,0.00,18.00,receipts,214099,
2012-04-27,5116,"Client Amenities - Food, Coffee, Supplies",BEVERAGES,29.43,0.00,receipts,217064,
2012-04-27,1000,Cash / Clearing,BEVERAGES,0.00,29.43,receipts,217064,
2012-04-27,5116,BANKING,GLOBAL LIQUOR STORE,50.77,0.00,receipts,217128,
2012-04-27,1000,Cash / Clearing,GLOBAL LIQUOR STORE,0.00,50.77,receipts,217128,
2012-04-27,6400,BANKING,ELECTRONICS,42.49,0.00,receipts,217236,
2012-04-27,1000,Cash / Clearing,ELECTRONICS,0.00,42.49,receipts,217236,
2012-04-27,5120,BANKING,SANI DUMP,5.25,0.00,receipts,217237,
2012-04-27,1000,Cash / Clearing,SANI DUMP,0.00,5.25,receipts,217237,
2012-04-27,5110,Fuel,fuel,23.86,0.00,receipts,217475,
2012-04-27,1000,Cash / Clearing,fuel,0.00,23.86,receipts,217475,
2012-04-27,2910,BANKING,CHQ 224 HEFNER AUTO,2525.25,0.00,receipts,217701,BANKING_IMPORT
2012-04-27,1000,Cash / Clearing,CHQ 224 HEFNER AUTO,0.00,2525.25,receipts,217701,BANKING_IMPORT
2012-04-27,2910,BANKING,CHQ 253 TREDD MAYFAIR INSURANCE,830.00,0.00,receipts,217702,BANKING_IMPORT
2012-04-27,1000,Cash / Clearing,CHQ 253 TREDD MAYFAIR INSURANCE,0.00,830.00,receipts,217702,BANKING_IMPORT
2012-04-27,5130,Insurance,IFS PREMIUM FINANCING,203.39,0.00,receipts,217960,BANKING_IMPORT
2012-04-27,1000,Cash / Clearing,IFS PREMIUM FINANCING,0.00,203.39,receipts,217960,BANKING_IMPORT
2012-04-27,5116,"Client Amenities - Food, Coffee, Supplies",PLAZA LIQUOR STORE,202.20,0.00,receipts,217961,BANKING_IMPORT
2012-04-27,1000,Cash / Clearing,PLAZA LIQUOR STORE,0.00,202.20,receipts,217961,BANKING_IMPORT
2012-04-28,2550,"Client Amenities - Food, Coffee, Supplies",BEVERAGES,120.00,0.00,receipts,173560,
2012-04-28,1000,Cash / Clearing,BEVERAGES,0.00,120.00,receipts,173560,
2012-04-28,5120,BANKING,L9,25.00,0.00,receipts,215139,
2012-04-28,1000,Cash / Clearing,L9,0.00,25.00,receipts,215139,
2012-04-28,5116,BANKING,CAPRI LIQUOR STORE,48.59,0.00,receipts,215718,
2012-04-28,1000,Cash / Clearing,CAPRI LIQUOR STORE,0.00,48.59,receipts,215718,
2012-04-28,5116,BANKING,SOBEYS,32.55,0.00,receipts,217148,
2012-04-28,1000,Cash / Clearing,SOBEYS,0.00,32.55,receipts,217148,
2012-04-28,5110,Fuel,fuel,73.02,0.00,receipts,217478,
2012-04-28,1000,Cash / Clearing,fuel,0.00,73.02,receipts,217478,
2012-04-28,5110,Fuel,fuel,37.00,0.00,receipts,217479,
2012-04-28,1000,Cash / Clearing,fuel,0.00,37.00,receipts,217479,
2012-04-28,5110,Fuel,fuel,55.03,0.00,receipts,217480,
2012-04-28,1000,Cash / Clearing,fuel,0.00,55.03,receipts,217480,
2012-04-28,5110,Fuel,fuel,20.01,0.00,receipts,217481,
2012-04-28,1000,Cash / Clearing,fuel,0.00,20.01,receipts,217481,
2012-04-28,2550,Fuel,fuel,40.00,0.00,receipts,217486,
2012-04-28,1000,Cash / Clearing,fuel,0.00,40.00,receipts,217486,
2012-04-29,5110,BANKING,L2 fuel,33.98,0.00,receipts,217402,
2012-04-29,1000,Cash / Clearing,L2 fuel,0.00,33.98,receipts,217402,
2012-04-30,5710,Bank Fees & Service Charges,SERVICE CHARGE,112.50,0.00,receipts,140355,BANKING_IMPORT
2012-04-30,1000,Cash / Clearing,SERVICE CHARGE,0.00,112.50,receipts,140355,BANKING_IMPORT
2012-04-30,5710,Bank Fees & Service Charges,ACCOUNT FEE,35.00,0.00,receipts,141976,BANKING_IMPORT
2012-04-30,1000,Cash / Clearing,ACCOUNT FEE,0.00,35.00,receipts,141976,BANKING_IMPORT
2012-04-30,5710,Bank Fees & Service Charges,ACARD PAYMENT,4.95,0.00,receipts,150479,BANKING_IMPORT
2012-04-30,1000,Cash / Clearing,ACARD PAYMENT,0.00,4.95,receipts,150479,BANKING_IMPORT
2012-04-30,5715,NSF Fees,E-TRANSFER FEE,1.50,0.00,receipts,150481,BANKING_IMPORT
2012-04-30,1000,Cash / Clearing,E-TRANSFER FEE,0.00,1.50,receipts,150481,BANKING_IMPORT
2012-04-30,2550,"Client Amenities - Food, Coffee, Supplies",beverages,7.70,0.00,receipts,173601,
2012-04-30,1000,Cash / Clearing,beverages,0.00,7.70,receipts,173601,
2012-04-30,5120,BANKING,L7,11.40,0.00,receipts,215093,
2012-04-30,1000,Cash / Clearing,L7,0.00,11.40,receipts,215093,
2012-04-30,5715,NSF Fees,NSF Fee,45.00,0.00,receipts,215968,BANKING_IMPORT
2012-04-30,1000,Cash / Clearing,NSF Fee,0.00,45.00,receipts,215968,BANKING_IMPORT
2012-04-30,5710,Bank Fees & Service Charges,Bank Charges & Interest,83.00,0.00,receipts,216347,BANKING_IMPORT
2012-04-30,1000,Cash / Clearing,Bank Charges & Interest,0.00,83.00,receipts,216347,BANKING_IMPORT
2012-04-30,5710,Unassigned,E-TRANSFER FEE,1.50,0.00,receipts,216895,BANKING_IMPORT
2012-04-30,1000,Cash / Clearing,E-TRANSFER FEE,0.00,1.50,receipts,216895,BANKING_IMPORT
2012-04-30,5715,BANKING,NSF Fee,45.00,0.00,receipts,216896,BANKING_IMPORT
2012-04-30,1000,Cash / Clearing,NSF Fee,0.00,45.00,receipts,216896,BANKING_IMPORT
2012-04-30,5710,Bank Fees & Service Charges,ACCOUNT FEE,35.00,0.00,receipts,216898,BANKING_IMPORT
2012-04-30,1000,Cash / Clearing,ACCOUNT FEE,0.00,35.00,receipts,216898,BANKING_IMPORT
2012-04-30,5150,Vehicle Operating Leases,CHQ 230 HEFFNER AUTO,1900.50,0.00,receipts,217303,BANKING_IMPORT
2012-04-30,1000,Cash / Clearing,CHQ 230 HEFFNER AUTO,0.00,1900.50,receipts,217303,BANKING_IMPORT
2012-04-30,5110,Fuel,fuel,36.00,0.00,receipts,217482,
2012-04-30,1000,Cash / Clearing,fuel,0.00,36.00,receipts,217482,
2012-04-30,5120,BANKING,wash vehicle,16.00,0.00,receipts,217484,
2012-04-30,1000,Cash / Clearing,wash vehicle,0.00,16.00,receipts,217484,
2012-04-30,5110,Fuel,fuel,68.01,0.00,receipts,217485,
2012-04-30,1000,Cash / Clearing,fuel,0.00,68.01,receipts,217485,
2012-04-30,5710,Bank Fees & Service Charges,Bank Charges & Interest,83.00,0.00,receipts,217595,BANKING_IMPORT
2012-04-30,1000,Cash / Clearing,Bank Charges & Interest,0.00,83.00,receipts,217595,BANKING_IMPORT
2012-04-30,5710,Bank Fees & Service Charges,BANK FEE,1.50,0.00,receipts,217597,BANKING_IMPORT
2012-04-30,1000,Cash / Clearing,BANK FEE,0.00,1.50,receipts,217597,BANKING_IMPORT
2012-04-30,2910,BANKING,CHQ 230 HEFFNER AUTO,1900.50,0.00,receipts,217703,BANKING_IMPORT
2012-04-30,1000,Cash / Clearing,CHQ 230 HEFFNER AUTO,0.00,1900.50,receipts,217703,BANKING_IMPORT
2012-04-30,5710,Bank Fees & Service Charges,ACARD PAYMENT,4.95,0.00,receipts,217962,BANKING_IMPORT
2012-04-30,1000,Cash / Clearing,ACARD PAYMENT,0.00,4.95,receipts,217962,BANKING_IMPORT
2012-04-30,5110,Fuel,fuel,79.67,0.00,receipts,221463,
2012-04-30,1000,Cash / Clearing,fuel,0.00,79.67,receipts,221463,
2012-05-01,6300,BANKING,CHQ 254 CRA,701.86,0.00,receipts,141985,BANKING_IMPORT
2012-05-01,1000,Cash / Clearing,CHQ 254 CRA,0.00,701.86,receipts,141985,BANKING_IMPORT
2012-05-01,2550,BANKING,Original reciept contains personal purchases totl 51.45,48.00,0.00,receipts,173642,
2012-05-01,1000,Cash / Clearing,Original reciept contains personal purchases totl 51.45,0.00,48.00,receipts,173642,
2012-05-01,5120,BANKING,PARTS,92.35,0.00,receipts,214951,
2012-05-01,1000,Cash / Clearing,PARTS,0.00,92.35,receipts,214951,
2012-05-01,5420,BANKING,keys,28.50,0.00,receipts,214953,
2012-05-01,1000,Cash / Clearing,keys,0.00,28.50,receipts,214953,
2012-05-01,5440,Rent & Utilities,#4436 May rent — cash no banking record,1050.00,0.00,receipts,215467,BANKING_IMPORT
2012-05-01,1000,Cash / Clearing,#4436 May rent — cash no banking record,0.00,1050.00,receipts,215467,BANKING_IMPORT
2012-05-01,5710,Bank Fees & Service Charges,Merchant Services Fee,1170.45,0.00,receipts,216348,BANKING_IMPORT
2012-05-01,1000,Cash / Clearing,Merchant Services Fee,0.00,1170.45,receipts,216348,BANKING_IMPORT
2012-05-01,5320,BANKING,PHIL'S RESTAURA,14.23,0.00,receipts,217525,
2012-05-01,1000,Cash / Clearing,PHIL'S RESTAURA,0.00,14.23,receipts,217525,
2012-05-01,2910,BANKING,TRANSFER TO 8362,650.00,0.00,receipts,217963,BANKING_IMPORT
2012-05-01,1000,Cash / Clearing,TRANSFER TO 8362,0.00,650.00,receipts,217963,BANKING_IMPORT
2012-05-02,5110,BANKING,CENTEX,38.00,0.00,receipts,216956,
2012-05-02,1000,Cash / Clearing,CENTEX,0.00,38.00,receipts,216956,
2012-05-03,5860,Supplies - General Business,A BUCK OR TWO,75.60,0.00,receipts,142001,BANKING_IMPORT
2012-05-03,1000,Cash / Clearing,A BUCK OR TWO,0.00,75.60,receipts,142001,BANKING_IMPORT
2012-05-03,5116,"Client Amenities - Food, Coffee, Supplies",GLOBAL LIQUOR STORE,312.23,0.00,receipts,142002,BANKING_IMPORT
2012-05-03,1000,Cash / Clearing,GLOBAL LIQUOR STORE,0.00,312.23,receipts,142002,BANKING_IMPORT
2012-05-03,5110,BANKING,FAS GAS,20.00,0.00,receipts,214957,
2012-05-03,1000,Cash / Clearing,FAS GAS,0.00,20.00,receipts,214957,
2012-05-03,5420,BANKING,COPIES NOW,1.56,0.00,receipts,214965,
2012-05-03,1000,Cash / Clearing,COPIES NOW,0.00,1.56,receipts,214965,
2012-05-03,5120,BANKING,WASH,15.20,0.00,receipts,214966,
2012-05-03,1000,Cash / Clearing,WASH,0.00,15.20,receipts,214966,
2012-05-03,5120,BANKING,SUPER CLEAN,4.25,0.00,receipts,215180,
2012-05-03,1000,Cash / Clearing,SUPER CLEAN,0.00,4.25,receipts,215180,
2012-05-03,5110,BANKING,CENTEX,44.75,0.00,receipts,215534,
2012-05-03,1000,Cash / Clearing,CENTEX,0.00,44.75,receipts,215534,
2012-05-03,5116,BANKING,LIQUOR DEPOT,16.54,0.00,receipts,215733,
2012-05-03,1000,Cash / Clearing,LIQUOR DEPOT,0.00,16.54,receipts,215733,
2012-05-03,5110,BANKING,CENTEX,20.00,0.00,receipts,216951,
2012-05-03,1000,Cash / Clearing,CENTEX,0.00,20.00,receipts,216951,
2012-05-03,5110,BANKING,CENTEX,30.00,0.00,receipts,216955,
2012-05-03,1000,Cash / Clearing,CENTEX,0.00,30.00,receipts,216955,
2012-05-03,5320,BANKING,Vince Morelli trip,10.27,0.00,receipts,217501,
2012-05-03,1000,Cash / Clearing,Vince Morelli trip,0.00,10.27,receipts,217501,
2012-05-03,2910,BANKING,BUCK OR TWO,75.60,0.00,receipts,217964,BANKING_IMPORT
2012-05-03,1000,Cash / Clearing,BUCK OR TWO,0.00,75.60,receipts,217964,BANKING_IMPORT
2012-05-03,5116,"Client Amenities - Food, Coffee, Supplies",Global Liquor Store,312.23,0.00,receipts,217965,BANKING_IMPORT
2012-05-03,1000,Cash / Clearing,Global Liquor Store,0.00,312.23,receipts,217965,BANKING_IMPORT
2012-05-04,5116,"Client Amenities - Food, Coffee, Supplies",GLOBAL LIQUOR STORE,94.65,0.00,receipts,142012,BANKING_IMPORT
2012-05-04,1000,Cash / Clearing,GLOBAL LIQUOR STORE,0.00,94.65,receipts,142012,BANKING_IMPORT
2012-05-04,5116,"Client Amenities - Food, Coffee, Supplies",LIQUOR BARN,80.52,0.00,receipts,142013,BANKING_IMPORT
2012-05-04,1000,Cash / Clearing,LIQUOR BARN,0.00,80.52,receipts,142013,BANKING_IMPORT
2012-05-04,5320,Staff Meals & Entertainment,PHIL'S RESTAURANT,45.74,0.00,receipts,142018,BANKING_IMPORT
2012-05-04,1000,Cash / Clearing,PHIL'S RESTAURANT,0.00,45.74,receipts,142018,BANKING_IMPORT
2012-05-04,5116,"Client Amenities - Food, Coffee, Supplies",NON ALCOHOLIC BEVERAGES,88.34,0.00,receipts,142019,BANKING_IMPORT
2012-05-04,1000,Cash / Clearing,NON ALCOHOLIC BEVERAGES,0.00,88.34,receipts,142019,BANKING_IMPORT
2012-05-04,5116,"Client Amenities - Food, Coffee, Supplies",GLOBAL LIQUOR STORE,181.73,0.00,receipts,142020,BANKING_IMPORT
2012-05-04,1000,Cash / Clearing,GLOBAL LIQUOR STORE,0.00,181.73,receipts,142020,BANKING_IMPORT
2012-05-04,5116,"Client Amenities - Food, Coffee, Supplies",LIQUOR BARN,279.40,0.00,receipts,142021,BANKING_IMPORT
2012-05-04,1000,Cash / Clearing,LIQUOR BARN,0.00,279.40,receipts,142021,BANKING_IMPORT
2012-05-04,5116,BANKING,ice,3.19,0.00,receipts,214016,BANKING_IMPORT | PG17_COLLISION_ORIG_ID=173635 | FALLBACK_BT=96071
2012-05-04,1000,Cash / Clearing,ice,0.00,3.19,receipts,214016,BANKING_IMPORT | PG17_COLLISION_ORIG_ID=173635 | FALLBACK_BT=96071
2012-05-04,5110,Fuel,CENTEX,89.50,0.00,receipts,214149,96710
2012-05-04,1000,Cash / Clearing,CENTEX,0.00,89.50,receipts,214149,96710
2012-05-04,5110,Fuel,RUN'N ON EMPTY,154.00,0.00,receipts,214305,99761
2012-05-04,1000,Cash / Clearing,RUN'N ON EMPTY,0.00,154.00,receipts,214305,99761
2012-05-04,5110,Fuel,DEISEL,37.50,0.00,receipts,214306,99762
2012-05-04,1000,Cash / Clearing,DEISEL,0.00,37.50,receipts,214306,99762
2012-05-04,5110,Fuel,FUEL,47.50,0.00,receipts,214307,99763
2012-05-04,1000,Cash / Clearing,FUEL,0.00,47.50,receipts,214307,99763
2012-05-04,5420,BANKING,COPIES NOW,8.38,0.00,receipts,214959,
2012-05-04,1000,Cash / Clearing,COPIES NOW,0.00,8.38,receipts,214959,
2012-05-04,5120,BANKING,L11,4.75,0.00,receipts,215133,
2012-05-04,1000,Cash / Clearing,L11,0.00,4.75,receipts,215133,
2012-05-04,2550,BANKING,LIQUOR DEPOT,80.52,0.00,receipts,215736,
2012-05-04,1000,Cash / Clearing,LIQUOR DEPOT,0.00,80.52,receipts,215736,
2012-05-04,2550,BANKING,LIQUOR DEPOT,279.40,0.00,receipts,215751,
2012-05-04,1000,Cash / Clearing,LIQUOR DEPOT,0.00,279.40,receipts,215751,
2012-05-04,5116,BANKING,SOBEYS,10.18,0.00,receipts,217142,
2012-05-04,1000,Cash / Clearing,SOBEYS,0.00,10.18,receipts,217142,
2012-05-04,5430,BANKING,OVER DUE BILL,882.50,0.00,receipts,217342,
2012-05-04,1000,Cash / Clearing,OVER DUE BILL,0.00,882.50,receipts,217342,
2012-05-04,2910,BANKING,CHQ 255 ANGEL ESCOBAR,1756.20,0.00,receipts,217704,BANKING_IMPORT
2012-05-04,1000,Cash / Clearing,CHQ 255 ANGEL ESCOBAR,0.00,1756.20,receipts,217704,BANKING_IMPORT
2012-05-04,5116,"Client Amenities - Food, Coffee, Supplies",Global Liquor Store,181.73,0.00,receipts,217966,BANKING_IMPORT
2012-05-04,1000,Cash / Clearing,Global Liquor Store,0.00,181.73,receipts,217966,BANKING_IMPORT
2012-05-04,5116,"Client Amenities - Food, Coffee, Supplies",Global Liquor Store,94.65,0.00,receipts,217967,BANKING_IMPORT
2012-05-04,1000,Cash / Clearing,Global Liquor Store,0.00,94.65,receipts,217967,BANKING_IMPORT
2012-05-04,2910,BANKING,PHILS RESTAURANT,45.74,0.00,receipts,217968,BANKING_IMPORT
2012-05-04,1000,Cash / Clearing,PHILS RESTAURANT,0.00,45.74,receipts,217968,BANKING_IMPORT
2012-05-04,2910,BANKING,SAFEWAY,88.34,0.00,receipts,217969,BANKING_IMPORT
2012-05-04,1000,Cash / Clearing,SAFEWAY,0.00,88.34,receipts,217969,BANKING_IMPORT
2012-05-04,2910,BANKING,RUN'N ON EMPTY,154.00,0.00,receipts,217971,BANKING_IMPORT
2012-05-04,1000,Cash / Clearing,RUN'N ON EMPTY,0.00,154.00,receipts,217971,BANKING_IMPORT
2012-05-04,5110,Fuel,CENTEX,37.50,0.00,receipts,217972,BANKING_IMPORT
2012-05-04,1000,Cash / Clearing,CENTEX,0.00,37.50,receipts,217972,BANKING_IMPORT
2012-05-04,5110,Fuel,CENTEX,47.50,0.00,receipts,217973,BANKING_IMPORT
2012-05-04,1000,Cash / Clearing,CENTEX,0.00,47.50,receipts,217973,BANKING_IMPORT
2012-05-05,5110,BANKING,FAS GAS,67.00,0.00,receipts,214019,BANKING_IMPORT | PG17_COLLISION_ORIG_ID=173644 | FALLBACK_BT=96074
2012-05-05,1000,Cash / Clearing,FAS GAS,0.00,67.00,receipts,214019,BANKING_IMPORT | PG17_COLLISION_ORIG_ID=173644 | FALLBACK_BT=96074
2012-05-05,5120,BANKING,L7,4.75,0.00,receipts,215124,
2012-05-05,1000,Cash / Clearing,L7,0.00,4.75,receipts,215124,
2012-05-05,5116,BANKING,GLOBAL LIQUOR STORE,7.42,0.00,receipts,215709,
2012-05-05,1000,Cash / Clearing,GLOBAL LIQUOR STORE,0.00,7.42,receipts,215709,
2012-05-05,5110,BANKING,CENTEX,20.02,0.00,receipts,216984,
2012-05-05,1000,Cash / Clearing,CENTEX,0.00,20.02,receipts,216984,
2012-05-05,5116,"Client Amenities - Food, Coffee, Supplies",ICE,3.09,0.00,receipts,217285,
2012-05-05,1000,Cash / Clearing,ICE,0.00,3.09,receipts,217285,
2012-05-05,5150,Vehicle Operating Leases,Heffner Auto Finance,2525.25,0.00,receipts,217304,BANKING_IMPORT
2012-05-05,1000,Cash / Clearing,Heffner Auto Finance,0.00,2525.25,receipts,217304,BANKING_IMPORT
2012-05-05,5320,BANKING,KFC,10.17,0.00,receipts,217511,
2012-05-05,1000,Cash / Clearing,KFC,0.00,10.17,receipts,217511,
2012-05-05,5150,BANKING,Heffner Auto Finance,2525.25,0.00,receipts,217974,BANKING_IMPORT
2012-05-05,1000,Cash / Clearing,Heffner Auto Finance,0.00,2525.25,receipts,217974,BANKING_IMPORT
2012-05-05,2910,BANKING,Husky,113.53,0.00,receipts,217975,BANKING_IMPORT
2012-05-05,1000,Cash / Clearing,Husky,0.00,113.53,receipts,217975,BANKING_IMPORT
2012-05-05,5210,Driver Salaries,CHQ 352 PAUL MANSELL,500.00,0.00,receipts,221552,CHQ352-REG357
2012-05-05,1000,Cash / Clearing,CHQ 352 PAUL MANSELL,0.00,500.00,receipts,221552,CHQ352-REG357
2012-05-07,6400,Electronics and Equipment,ELECTRONICS,78.73,0.00,receipts,142060,BANKING_IMPORT
2012-05-07,1000,Cash / Clearing,ELECTRONICS,0.00,78.73,receipts,142060,BANKING_IMPORT
2012-05-07,5110,Fuel,HUSKY,113.53,0.00,receipts,142061,BANKING_IMPORT
2012-05-07,1000,Cash / Clearing,HUSKY,0.00,113.53,receipts,142061,BANKING_IMPORT
2012-05-07,5116,Client Hospitality - Charter Supplies,FIVE GUYS BURGE,36.26,0.00,receipts,142062,BANKING_IMPORT
2012-05-07,1000,Cash / Clearing,FIVE GUYS BURGE,0.00,36.26,receipts,142062,BANKING_IMPORT
2012-05-07,5710,Bank Fees & Service Charges,CHQ 257 PAUL MANSELL,996.46,0.00,receipts,150493,BANKING_IMPORT
2012-05-07,1000,Cash / Clearing,CHQ 257 PAUL MANSELL,0.00,996.46,receipts,150493,BANKING_IMPORT
2012-05-07,5130,Insurance,CHQ 275 T. Mayfair - Vehicle insurance,1756.20,0.00,receipts,214980,CHQ275-TMAYFAIR-2012
2012-05-07,1000,Cash / Clearing,CHQ 275 T. Mayfair - Vehicle insurance,0.00,1756.20,receipts,214980,CHQ275-TMAYFAIR-2012
2012-05-07,5120,BANKING,L2,7.20,0.00,receipts,215157,
2012-05-07,1000,Cash / Clearing,L2,0.00,7.20,receipts,215157,
2012-05-07,5150,Vehicle Lease Payments,LFG vehicle operating lease payment,101.14,0.00,receipts,216812,BANKING_IMPORT
2012-05-07,1000,Cash / Clearing,LFG vehicle operating lease payment,0.00,101.14,receipts,216812,BANKING_IMPORT
2012-05-07,2910,BANKING,CHQ 257 PAUL MANSELL,996.46,0.00,receipts,217705,BANKING_IMPORT
2012-05-07,1000,Cash / Clearing,CHQ 257 PAUL MANSELL,0.00,996.46,receipts,217705,BANKING_IMPORT
2012-05-07,2910,BANKING,FIVE GUYS BURGER,36.26,0.00,receipts,217976,BANKING_IMPORT
2012-05-07,1000,Cash / Clearing,FIVE GUYS BURGER,0.00,36.26,receipts,217976,BANKING_IMPORT
2012-05-07,2910,BANKING,FUTURE SHOP,78.73,0.00,receipts,217977,BANKING_IMPORT
2012-05-07,1000,Cash / Clearing,FUTURE SHOP,0.00,78.73,receipts,217977,BANKING_IMPORT
2012-05-07,5110,BANKING,HUSKY,113.53,0.00,receipts,217978,BANKING_IMPORT
2012-05-07,1000,Cash / Clearing,HUSKY,0.00,113.53,receipts,217978,BANKING_IMPORT
2012-05-08,2550,"Client Amenities - Food, Coffee, Supplies",GLOBAL LIQUOR STORE,98.60,0.00,receipts,142082,BANKING_IMPORT
2012-05-08,1000,Cash / Clearing,GLOBAL LIQUOR STORE,0.00,98.60,receipts,142082,BANKING_IMPORT
2012-05-08,5110,Fuel,CENTEX,61.00,0.00,receipts,214309,99774
2012-05-08,1000,Cash / Clearing,CENTEX,0.00,61.00,receipts,214309,99774
2012-05-08,5116,"Client Amenities - Food, Coffee, Supplies",LIQUOR BARN,50.67,0.00,receipts,214310,99775
2012-05-08,1000,Cash / Clearing,LIQUOR BARN,0.00,50.67,receipts,214310,99775
2012-05-08,5420,BANKING,PRAIRIE OFFICE SUPPLIES,56.05,0.00,receipts,214947,
2012-05-08,1000,Cash / Clearing,PRAIRIE OFFICE SUPPLIES,0.00,56.05,receipts,214947,
2012-05-08,5150,Vehicle Lease Payments,LFG vehicle operating lease payment,101.14,0.00,receipts,216813,BANKING_IMPORT
2012-05-08,1000,Cash / Clearing,LFG vehicle operating lease payment,0.00,101.14,receipts,216813,BANKING_IMPORT
2012-05-08,5110,BANKING,CENTEX,58.00,0.00,receipts,216986,
2012-05-08,1000,Cash / Clearing,CENTEX,0.00,58.00,receipts,216986,
2012-05-08,2910,BANKING,CHQ 249 MARK LINTON,3000.00,0.00,receipts,217706,BANKING_IMPORT
2012-05-08,1000,Cash / Clearing,CHQ 249 MARK LINTON,0.00,3000.00,receipts,217706,BANKING_IMPORT
2012-05-08,5116,"Client Amenities - Food, Coffee, Supplies",Global Liquor Store,98.60,0.00,receipts,217980,BANKING_IMPORT
2012-05-08,1000,Cash / Clearing,Global Liquor Store,0.00,98.60,receipts,217980,BANKING_IMPORT
2012-05-08,5150,Vehicle Operating Leases,LFG Business PAD,101.14,0.00,receipts,217981,BANKING_IMPORT
2012-05-08,1000,Cash / Clearing,LFG Business PAD,0.00,101.14,receipts,217981,BANKING_IMPORT
2012-05-08,5110,Fuel,CENTEX,61.00,0.00,receipts,217982,BANKING_IMPORT
2012-05-08,1000,Cash / Clearing,CENTEX,0.00,61.00,receipts,217982,BANKING_IMPORT
2012-05-08,5116,"Client Amenities - Food, Coffee, Supplies",LIQUOR BARN,50.67,0.00,receipts,217983,BANKING_IMPORT
2012-05-08,1000,Cash / Clearing,LIQUOR BARN,0.00,50.67,receipts,217983,BANKING_IMPORT
2012-05-08,5150,Vehicle Operating Leases,LFG BUSINESS PAD,202.27,0.00,receipts,217984,BANKING_IMPORT
2012-05-08,1000,Cash / Clearing,LFG BUSINESS PAD,0.00,202.27,receipts,217984,BANKING_IMPORT
2012-05-09,2550,BANKING,Fuel | fuel,38.00,0.00,receipts,173637,BANKING_IMPORT
2012-05-09,1000,Cash / Clearing,Fuel | fuel,0.00,38.00,receipts,173637,BANKING_IMPORT
2012-05-09,5116,BANKING,Fuel | ice,3.19,0.00,receipts,214017,BANKING_IMPORT | PG17_COLLISION_ORIG_ID=173638 | FALLBACK_BT=96072
2012-05-09,1000,Cash / Clearing,Fuel | ice,0.00,3.19,receipts,214017,BANKING_IMPORT | PG17_COLLISION_ORIG_ID=173638 | FALLBACK_BT=96072
2012-05-09,5110,BANKING,PETRO-CANADA,55.00,0.00,receipts,214111,
2012-05-09,1000,Cash / Clearing,PETRO-CANADA,0.00,55.00,receipts,214111,
2012-05-09,5110,BANKING,PETRO-CANADA,51.00,0.00,receipts,214828,
2012-05-09,1000,Cash / Clearing,PETRO-CANADA,0.00,51.00,receipts,214828,
2012-05-09,5110,BANKING,ESSO,63.04,0.00,receipts,214904,
2012-05-09,1000,Cash / Clearing,ESSO,0.00,63.04,receipts,214904,
2012-05-09,5116,BANKING,PLAZA LIQUOR TOWN,49.55,0.00,receipts,215665,
2012-05-09,1000,Cash / Clearing,PLAZA LIQUOR TOWN,0.00,49.55,receipts,215665,
2012-05-09,5116,BANKING,LIQUOR CROSSING,29.99,0.00,receipts,215712,
2012-05-09,1000,Cash / Clearing,LIQUOR CROSSING,0.00,29.99,receipts,215712,
2012-05-09,5116,BANKING,CENTEX,6.18,0.00,receipts,216981,
2012-05-09,1000,Cash / Clearing,CENTEX,0.00,6.18,receipts,216981,
2012-05-09,5116,"Client Amenities - Food, Coffee, Supplies",ICE,3.09,0.00,receipts,217284,
2012-05-09,1000,Cash / Clearing,ICE,0.00,3.09,receipts,217284,
2012-05-09,5110,BANKING,CENTEX,74.88,0.00,receipts,217286,
2012-05-09,1000,Cash / Clearing,CENTEX,0.00,74.88,receipts,217286,
2012-05-09,5150,Vehicle Operating Leases,CHQ 217 HEFFNER AUTO,1475.25,0.00,receipts,217305,BANKING_IMPORT
2012-05-09,1000,Cash / Clearing,CHQ 217 HEFFNER AUTO,0.00,1475.25,receipts,217305,BANKING_IMPORT
2012-05-09,5150,Vehicle Operating Leases,CHQ 231 HEFFNER AUTO,1900.50,0.00,receipts,217306,BANKING_IMPORT
2012-05-09,1000,Cash / Clearing,CHQ 231 HEFFNER AUTO,0.00,1900.50,receipts,217306,BANKING_IMPORT
2012-05-09,5116,BANKING,MIX,9.18,0.00,receipts,217360,
2012-05-09,1000,Cash / Clearing,MIX,0.00,9.18,receipts,217360,
2012-05-09,5320,BANKING,pidherneys run 006184,14.70,0.00,receipts,217500,
2012-05-09,1000,Cash / Clearing,pidherneys run 006184,0.00,14.70,receipts,217500,
2012-05-09,2910,BANKING,CHQ 256 JEANNIE SHILLINGTON,1500.54,0.00,receipts,217707,BANKING_IMPORT
2012-05-09,1000,Cash / Clearing,CHQ 256 JEANNIE SHILLINGTON,0.00,1500.54,receipts,217707,BANKING_IMPORT
2012-05-09,2910,BANKING,CHQ 231 HEFFNER AUTO,1900.50,0.00,receipts,217708,BANKING_IMPORT
2012-05-09,1000,Cash / Clearing,CHQ 231 HEFFNER AUTO,0.00,1900.50,receipts,217708,BANKING_IMPORT
2012-05-09,2910,BANKING,CHQ 217 HEFFNER AUTO,1475.25,0.00,receipts,217709,BANKING_IMPORT
2012-05-09,1000,Cash / Clearing,CHQ 217 HEFFNER AUTO,0.00,1475.25,receipts,217709,BANKING_IMPORT
2012-05-10,6400,Electronics and Equipment,HEADSEAT AND BATTERIES,155.37,0.00,receipts,142111,BANKING_IMPORT
2012-05-10,1000,Cash / Clearing,HEADSEAT AND BATTERIES,0.00,155.37,receipts,142111,BANKING_IMPORT
2012-05-10,5116,BANKING,PLAZA LIQUOR TOWN,45.20,0.00,receipts,215658,
2012-05-10,1000,Cash / Clearing,PLAZA LIQUOR TOWN,0.00,45.20,receipts,215658,
2012-05-10,5110,BANKING,CENTEX,31.01,0.00,receipts,216977,
2012-05-10,1000,Cash / Clearing,CENTEX,0.00,31.01,receipts,216977,
2012-05-10,5110,BANKING,CENTEX,33.01,0.00,receipts,216978,
2012-05-10,1000,Cash / Clearing,CENTEX,0.00,33.01,receipts,216978,
2012-05-10,5120,BANKING,CLOTH AND POLISH,68.19,0.00,receipts,217019,69421
2012-05-10,1000,Cash / Clearing,CLOTH AND POLISH,0.00,68.19,receipts,217019,69421
2012-05-10,5116,BANKING,NON ALCOHOLIC BEVERAGES,52.23,0.00,receipts,217068,
2012-05-10,1000,Cash / Clearing,NON ALCOHOLIC BEVERAGES,0.00,52.23,receipts,217068,
2012-05-10,5116,BANKING,REAL CANADIAN WHOLESALE CLUB,77.48,0.00,receipts,217115,
2012-05-10,1000,Cash / Clearing,REAL CANADIAN WHOLESALE CLUB,0.00,77.48,receipts,217115,
2012-05-10,2910,BANKING,FUTURE SHOP,155.37,0.00,receipts,217985,BANKING_IMPORT
2012-05-10,1000,Cash / Clearing,FUTURE SHOP,0.00,155.37,receipts,217985,BANKING_IMPORT
2012-05-11,5116,"Client Amenities - Food, Coffee, Supplies",PLAZA LIQUOR,186.59,0.00,receipts,142121,BANKING_IMPORT
2012-05-11,1000,Cash / Clearing,PLAZA LIQUOR,0.00,186.59,receipts,142121,BANKING_IMPORT
2012-05-11,5110,Fuel,CENTEX,37.00,0.00,receipts,214311,99784
2012-05-11,1000,Cash / Clearing,CENTEX,0.00,37.00,receipts,214311,99784
2012-05-11,5120,BANKING,L7,10.45,0.00,receipts,215128,
2012-05-11,1000,Cash / Clearing,L7,0.00,10.45,receipts,215128,
2012-05-11,5120,BANKING,L10,16.15,0.00,receipts,215131,
2012-05-11,1000,Cash / Clearing,L10,0.00,16.15,receipts,215131,
2012-05-11,5120,BANKING,L9,11.40,0.00,receipts,215132,
2012-05-11,1000,Cash / Clearing,L9,0.00,11.40,receipts,215132,
2012-05-11,5116,BANKING,GLOBAL LIQUOR STORE,45.87,0.00,receipts,215641,
2012-05-11,1000,Cash / Clearing,GLOBAL LIQUOR STORE,0.00,45.87,receipts,215641,
2012-05-11,2550,BANKING,CAPRI LIQUOR STORE,26.79,0.00,receipts,215647,
2012-05-11,1000,Cash / Clearing,CAPRI LIQUOR STORE,0.00,26.79,receipts,215647,
2012-05-11,5110,BANKING,CENTEX,64.00,0.00,receipts,216970,
2012-05-11,1000,Cash / Clearing,CENTEX,0.00,64.00,receipts,216970,
2012-05-11,5110,BANKING,CENTEX,50.00,0.00,receipts,216976,
2012-05-11,1000,Cash / Clearing,CENTEX,0.00,50.00,receipts,216976,
2012-05-11,5110,BANKING,7-ELEVEN,40.00,0.00,receipts,217152,
2012-05-11,1000,Cash / Clearing,7-ELEVEN,0.00,40.00,receipts,217152,
2012-05-11,5360,BANKING,Intra Operating Authority,50.00,0.00,receipts,217197,
2012-05-11,1000,Cash / Clearing,Intra Operating Authority,0.00,50.00,receipts,217197,
2012-05-11,5116,"Client Amenities - Food, Coffee, Supplies",PLAZA LIQUOR STORE,186.59,0.00,receipts,217986,BANKING_IMPORT
2012-05-11,1000,Cash / Clearing,PLAZA LIQUOR STORE,0.00,186.59,receipts,217986,BANKING_IMPORT
2012-05-12,2550,BANKING,MOHAWK,55.50,0.00,receipts,215020,
2012-05-12,1000,Cash / Clearing,MOHAWK,0.00,55.50,receipts,215020,
2012-05-12,5110,BANKING,CENTEX,50.99,0.00,receipts,216959,
2012-05-12,1000,Cash / Clearing,CENTEX,0.00,50.99,receipts,216959,
2012-05-12,5110,BANKING,CENTEX,48.00,0.00,receipts,216960,
2012-05-12,1000,Cash / Clearing,CENTEX,0.00,48.00,receipts,216960,
2012-05-12,2550,BANKING,CALGARY AIRPORT AUTHORITY,22.52,0.00,receipts,217099,
2012-05-12,1000,Cash / Clearing,CALGARY AIRPORT AUTHORITY,0.00,22.52,receipts,217099,
2012-05-12,5320,BANKING,RED LOBSTER,24.94,0.00,receipts,217516,
2012-05-12,1000,Cash / Clearing,RED LOBSTER,0.00,24.94,receipts,217516,
2012-05-14,5116,"Client Amenities - Food, Coffee, Supplies",PLAZA LIQUOR,160.95,0.00,receipts,142128,BANKING_IMPORT
2012-05-14,1000,Cash / Clearing,PLAZA LIQUOR,0.00,160.95,receipts,142128,BANKING_IMPORT
2012-05-14,5120,Vehicle Maintenance & Repairs,CARRIAGE AUTO UPHOLSTERY,289.25,0.00,receipts,142130,BANKING_IMPORT
2012-05-14,1000,Cash / Clearing,CARRIAGE AUTO UPHOLSTERY,0.00,289.25,receipts,142130,BANKING_IMPORT
2012-05-14,5120,Vehicle Maintenance & Repairs,CARRIAGE AUTO UPHOLSTERY,181.00,0.00,receipts,142131,BANKING_IMPORT
2012-05-14,1000,Cash / Clearing,CARRIAGE AUTO UPHOLSTERY,0.00,181.00,receipts,142131,BANKING_IMPORT
2012-05-14,5110,BANKING,ESSO,56.00,0.00,receipts,214914,
2012-05-14,1000,Cash / Clearing,ESSO,0.00,56.00,receipts,214914,
2012-05-14,5420,BANKING,COPIES NOW,8.98,0.00,receipts,214949,
2012-05-14,1000,Cash / Clearing,COPIES NOW,0.00,8.98,receipts,214949,
2012-05-14,5120,BANKING,CARRIAGE AUTO UPHOLSTERY,12.86,0.00,receipts,214964,
2012-05-14,1000,Cash / Clearing,CARRIAGE AUTO UPHOLSTERY,0.00,12.86,receipts,214964,
2012-05-14,2550,BANKING,WASH,7.99,0.00,receipts,215021,
2012-05-14,1000,Cash / Clearing,WASH,0.00,7.99,receipts,215021,
2012-05-14,5116,BANKING,PLAZA LIQUOR TOWN,273.25,0.00,receipts,215662,
2012-05-14,1000,Cash / Clearing,PLAZA LIQUOR TOWN,0.00,273.25,receipts,215662,
2012-05-14,5110,BANKING,CENTEX,42.00,0.00,receipts,216958,
2012-05-14,1000,Cash / Clearing,CENTEX,0.00,42.00,receipts,216958,
2012-05-14,5110,BANKING,CENTEX,30.01,0.00,receipts,216967,
2012-05-14,1000,Cash / Clearing,CENTEX,0.00,30.01,receipts,216967,
2012-05-14,2910,BANKING,CARRIAGE AUTO,181.00,0.00,receipts,217987,BANKING_IMPORT
2012-05-14,1000,Cash / Clearing,CARRIAGE AUTO,0.00,181.00,receipts,217987,BANKING_IMPORT
2012-05-14,5116,"Client Amenities - Food, Coffee, Supplies",PLAZA LIQUOR STORE,160.95,0.00,receipts,217988,BANKING_IMPORT
2012-05-14,1000,Cash / Clearing,PLAZA LIQUOR STORE,0.00,160.95,receipts,217988,BANKING_IMPORT
2012-05-14,5116,"Client Amenities - Food, Coffee, Supplies",PLAZA LIQUOR STORE,289.25,0.00,receipts,217989,BANKING_IMPORT
2012-05-14,1000,Cash / Clearing,PLAZA LIQUOR STORE,0.00,289.25,receipts,217989,BANKING_IMPORT
2012-05-14,5116,"Client Amenities - Food, Coffee, Supplies",PLAZA LIQUOR,186.59,0.00,receipts,217990,BANKING_IMPORT
2012-05-14,1000,Cash / Clearing,PLAZA LIQUOR,0.00,186.59,receipts,217990,BANKING_IMPORT
2012-05-15,6100,Staff Meals & Entertainment,PHIL'S RESTAURA,34.72,0.00,receipts,142148,BANKING_IMPORT
2012-05-15,1000,Cash / Clearing,PHIL'S RESTAURA,0.00,34.72,receipts,142148,BANKING_IMPORT
2012-05-15,6400,Electronics and Equipment,FUTURE SHOP,198.09,0.00,receipts,142150,BANKING_IMPORT
2012-05-15,1000,Cash / Clearing,FUTURE SHOP,0.00,198.09,receipts,142150,BANKING_IMPORT
2012-05-15,6300,Government Fees & Licenses,DEBIT MEMO REVENUE CANADA,29.10,0.00,receipts,142151,BANKING_IMPORT
2012-05-15,1000,Cash / Clearing,DEBIT MEMO REVENUE CANADA,0.00,29.10,receipts,142151,BANKING_IMPORT
2012-05-15,5300,Administrative Expenses,REAL CANADIAN SUPERSTORE,79.80,0.00,receipts,142152,BANKING_IMPORT
2012-05-15,1000,Cash / Clearing,REAL CANADIAN SUPERSTORE,0.00,79.80,receipts,142152,BANKING_IMPORT
2012-05-15,5116,"Client Amenities - Food, Coffee, Supplies",PLAZA LIQUOR,134.84,0.00,receipts,142153,BANKING_IMPORT
2012-05-15,1000,Cash / Clearing,PLAZA LIQUOR,0.00,134.84,receipts,142153,BANKING_IMPORT
2012-05-15,6300,BANKING,RECEIVER GENERAL - 861556827 RT0001,1905.88,0.00,receipts,142163,BANKING_IMPORT
2012-05-15,1000,Cash / Clearing,RECEIVER GENERAL - 861556827 RT0001,0.00,1905.88,receipts,142163,BANKING_IMPORT
2012-05-15,5116,BANKING,beverages,36.13,0.00,receipts,214089,
2012-05-15,1000,Cash / Clearing,beverages,0.00,36.13,receipts,214089,
2012-05-15,5110,BANKING,PETRO-CANADA,40.00,0.00,receipts,214110,
2012-05-15,1000,Cash / Clearing,PETRO-CANADA,0.00,40.00,receipts,214110,
2012-05-15,5110,Fuel,CENTEX,98.12,0.00,receipts,214312,99791
2012-05-15,1000,Cash / Clearing,CENTEX,0.00,98.12,receipts,214312,99791
2012-05-15,5110,Fuel,L6 FUEL,47.01,0.00,receipts,214313,99793
2012-05-15,1000,Cash / Clearing,L6 FUEL,0.00,47.01,receipts,214313,99793
2012-05-15,5116,BANKING,non alcoholic beverage order,13.80,0.00,receipts,214860,
2012-05-15,1000,Cash / Clearing,non alcoholic beverage order,0.00,13.80,receipts,214860,
2012-05-15,5116,BANKING,water,9.92,0.00,receipts,214915,
2012-05-15,1000,Cash / Clearing,water,0.00,9.92,receipts,214915,
2012-05-15,5120,BANKING,L8,4.75,0.00,receipts,215094,
2012-05-15,1000,Cash / Clearing,L8,0.00,4.75,receipts,215094,
2012-05-15,5120,BANKING,JUMBO,5.00,0.00,receipts,215156,
2012-05-15,1000,Cash / Clearing,JUMBO,0.00,5.00,receipts,215156,
2012-05-15,5110,BANKING,SHELL,29.00,0.00,receipts,215220,
2012-05-15,1000,Cash / Clearing,SHELL,0.00,29.00,receipts,215220,
2012-05-15,2550,BANKING,PLAZA LIQUOR TOWN,134.84,0.00,receipts,215668,
2012-05-15,1000,Cash / Clearing,PLAZA LIQUOR TOWN,0.00,134.84,receipts,215668,
2012-05-15,5116,BANKING,NORWOOD LIQUOR,96.19,0.00,receipts,215701,
2012-05-15,1000,Cash / Clearing,NORWOOD LIQUOR,0.00,96.19,receipts,215701,
2012-05-15,2550,Related Party - Repayments Out,David Richard reimbursement - OUT - Arrow pays David,1000.00,0.00,receipts,215811,BANKING_IMPORT
2012-05-15,1000,Cash / Clearing,David Richard reimbursement - OUT - Arrow pays David,0.00,1000.00,receipts,215811,BANKING_IMPORT
2012-05-15,5116,BANKING,REAL CANADIAN WHOLESALE CLUB,79.80,0.00,receipts,217117,
2012-05-15,1000,Cash / Clearing,REAL CANADIAN WHOLESALE CLUB,0.00,79.80,receipts,217117,
2012-05-15,5320,BANKING,BOSTON PIZZA,33.13,0.00,receipts,217515,
2012-05-15,1000,Cash / Clearing,BOSTON PIZZA,0.00,33.13,receipts,217515,
2012-05-15,6100,BANKING,PHIL'S RESTAURA,30.19,0.00,receipts,217544,
2012-05-15,1000,Cash / Clearing,PHIL'S RESTAURA,0.00,30.19,receipts,217544,
2012-05-15,1015,Petty Cash,PETTY CASH FUNDING,700.00,0.00,receipts,217657,BANKING_IMPORT
2012-05-15,1000,Cash / Clearing,PETTY CASH FUNDING,0.00,700.00,receipts,217657,BANKING_IMPORT
2012-05-15,2910,BANKING,CRA,29.10,0.00,receipts,217991,BANKING_IMPORT
2012-05-15,1000,Cash / Clearing,CRA,0.00,29.10,receipts,217991,BANKING_IMPORT
2012-05-15,2910,BANKING,FUTURE SHOP,198.09,0.00,receipts,217992,BANKING_IMPORT
2012-05-15,1000,Cash / Clearing,FUTURE SHOP,0.00,198.09,receipts,217992,BANKING_IMPORT
2012-05-15,2910,BANKING,PHILS RESTAURANT,34.72,0.00,receipts,217993,BANKING_IMPORT
2012-05-15,1000,Cash / Clearing,PHILS RESTAURANT,0.00,34.72,receipts,217993,BANKING_IMPORT
2012-05-15,5110,Fuel,CENTEX,98.12,0.00,receipts,217994,BANKING_IMPORT
2012-05-15,1000,Cash / Clearing,CENTEX,0.00,98.12,receipts,217994,BANKING_IMPORT
2012-05-15,2910,BANKING,E-TRANSFER DAVID RICHARD,1000.00,0.00,receipts,217995,BANKING_IMPORT
2012-05-15,1000,Cash / Clearing,E-TRANSFER DAVID RICHARD,0.00,1000.00,receipts,217995,BANKING_IMPORT
2012-05-15,5110,Fuel,CENTEX,47.01,0.00,receipts,217996,BANKING_IMPORT
2012-05-15,1000,Cash / Clearing,CENTEX,0.00,47.01,receipts,217996,BANKING_IMPORT
2012-05-15,5150,Vehicle Lease Payments,JACK CARTER,1885.65,0.00,receipts,217997,BANKING_IMPORT
2012-05-15,1000,Cash / Clearing,JACK CARTER,0.00,1885.65,receipts,217997,BANKING_IMPORT
2012-05-16,5420,BANKING,COPIES NOW,17.70,0.00,receipts,142173,BANKING_IMPORT
2012-05-16,1000,Cash / Clearing,COPIES NOW,0.00,17.70,receipts,142173,BANKING_IMPORT
2012-05-16,5116,"Client Amenities - Food, Coffee, Supplies",PLAZA LIQUOR,117.78,0.00,receipts,142174,BANKING_IMPORT
2012-05-16,1000,Cash / Clearing,PLAZA LIQUOR,0.00,117.78,receipts,142174,BANKING_IMPORT
2012-05-16,5130,Insurance,OPTIMUM INSURANCE,83.46,0.00,receipts,142175,BANKING_IMPORT
2012-05-16,1000,Cash / Clearing,OPTIMUM INSURANCE,0.00,83.46,receipts,142175,BANKING_IMPORT
2012-05-16,5110,BANKING,fuel,50.00,0.00,receipts,214038,
2012-05-16,1000,Cash / Clearing,fuel,0.00,50.00,receipts,214038,
2012-05-16,5110,Fuel,CENTEX,71.00,0.00,receipts,214314,99803
2012-05-16,1000,Cash / Clearing,CENTEX,0.00,71.00,receipts,214314,99803
2012-05-16,5120,BANKING,oil,5.79,0.00,receipts,214910,
2012-05-16,1000,Cash / Clearing,oil,0.00,5.79,receipts,214910,
2012-05-16,5116,BANKING,non alcoholic beverage,3.44,0.00,receipts,214916,
2012-05-16,1000,Cash / Clearing,non alcoholic beverage,0.00,3.44,receipts,214916,
2012-05-16,5120,BANKING,L7,12.35,0.00,receipts,215136,
2012-05-16,1000,Cash / Clearing,L7,0.00,12.35,receipts,215136,
2012-05-16,5110,BANKING,SHELL,62.70,0.00,receipts,215190,
2012-05-16,1000,Cash / Clearing,SHELL,0.00,62.70,receipts,215190,
2012-05-16,5110,BANKING,SHELL,20.01,0.00,receipts,215191,
2012-05-16,1000,Cash / Clearing,SHELL,0.00,20.01,receipts,215191,
2012-05-16,5150,Vehicle Operating Leases,Heffner Auto Finance,961.00,0.00,receipts,217307,BANKING_IMPORT
2012-05-16,1000,Cash / Clearing,Heffner Auto Finance,0.00,961.00,receipts,217307,BANKING_IMPORT
2012-05-16,5150,Vehicle Operating Leases,CHQ 225 HEFFNER AUTO,2525.25,0.00,receipts,217308,BANKING_IMPORT
2012-05-16,1000,Cash / Clearing,CHQ 225 HEFFNER AUTO,0.00,2525.25,receipts,217308,BANKING_IMPORT
2012-05-16,5116,BANKING,MIX AND ICE,9.87,0.00,receipts,217358,
2012-05-16,1000,Cash / Clearing,MIX AND ICE,0.00,9.87,receipts,217358,
2012-05-16,5320,BANKING,HUMPTYS,14.44,0.00,receipts,217364,
2012-05-16,1000,Cash / Clearing,HUMPTYS,0.00,14.44,receipts,217364,
2012-05-16,5320,BANKING,IRONWOOD STAGE,31.20,0.00,receipts,217521,
2012-05-16,1000,Cash / Clearing,IRONWOOD STAGE,0.00,31.20,receipts,217521,
2012-05-16,2910,BANKING,CHQ 258 JEANNIE SHILLINGTON,1588.86,0.00,receipts,217710,BANKING_IMPORT
2012-05-16,1000,Cash / Clearing,CHQ 258 JEANNIE SHILLINGTON,0.00,1588.86,receipts,217710,BANKING_IMPORT
2012-05-16,2910,BANKING,CHQ 260 LOUISE BERGLAND,6000.00,0.00,receipts,217711,BANKING_IMPORT
2012-05-16,1000,Cash / Clearing,CHQ 260 LOUISE BERGLAND,0.00,6000.00,receipts,217711,BANKING_IMPORT
2012-05-16,2910,BANKING,CHQ 225 HEFFNER AUTO,2525.25,0.00,receipts,217712,BANKING_IMPORT
2012-05-16,1000,Cash / Clearing,CHQ 225 HEFFNER AUTO,0.00,2525.25,receipts,217712,BANKING_IMPORT
2012-05-16,2910,BANKING,COPIES NOW,17.70,0.00,receipts,217998,BANKING_IMPORT
2012-05-16,1000,Cash / Clearing,COPIES NOW,0.00,17.70,receipts,217998,BANKING_IMPORT
2012-05-16,5300,Insurance,OPTIMUM WEST INSURANCE COMPANY,83.46,0.00,receipts,217999,BANKING_IMPORT
2012-05-16,1000,Cash / Clearing,OPTIMUM WEST INSURANCE COMPANY,0.00,83.46,receipts,217999,BANKING_IMPORT
2012-05-16,5116,"Client Amenities - Food, Coffee, Supplies",PLAZA LIQUOR STORE,117.78,0.00,receipts,218000,BANKING_IMPORT
2012-05-16,1000,Cash / Clearing,PLAZA LIQUOR STORE,0.00,117.78,receipts,218000,BANKING_IMPORT
2012-05-16,2910,BANKING,VIBE CAR AUDIO,1137.03,0.00,receipts,218001,BANKING_IMPORT
2012-05-16,1000,Cash / Clearing,VIBE CAR AUDIO,0.00,1137.03,receipts,218001,BANKING_IMPORT
2012-05-16,5150,BANKING,Heffner Auto Finance,961.00,0.00,receipts,218002,BANKING_IMPORT
2012-05-16,1000,Cash / Clearing,Heffner Auto Finance,0.00,961.00,receipts,218002,BANKING_IMPORT
2012-05-17,5110,Fuel,CENTEX,48.01,0.00,receipts,214315,99805
2012-05-17,1000,Cash / Clearing,CENTEX,0.00,48.01,receipts,214315,99805
2012-05-17,5110,BANKING,ESSO,34.29,0.00,receipts,214912,BANKING_IMPORT
2012-05-17,1000,Cash / Clearing,ESSO,0.00,34.29,receipts,214912,BANKING_IMPORT
2012-05-17,5320,BANKING,ESSO,2.95,0.00,receipts,214913,BANKING_IMPORT
2012-05-17,1000,Cash / Clearing,ESSO,0.00,2.95,receipts,214913,BANKING_IMPORT
2012-05-17,5110,BANKING,CENTEX,70.01,0.00,receipts,216953,
2012-05-17,1000,Cash / Clearing,CENTEX,0.00,70.01,receipts,216953,
2012-05-17,5110,BANKING,CENTEX,36.00,0.00,receipts,216954,
2012-05-17,1000,Cash / Clearing,CENTEX,0.00,36.00,receipts,216954,
2012-05-17,5110,BANKING,CENTEX,20.50,0.00,receipts,216990,
2012-05-17,1000,Cash / Clearing,CENTEX,0.00,20.50,receipts,216990,
2012-05-17,5150,Vehicle Operating Leases,CHQ 219 HEFFNER AUTO,1475.25,0.00,receipts,217309,BANKING_IMPORT
2012-05-17,1000,Cash / Clearing,CHQ 219 HEFFNER AUTO,0.00,1475.25,receipts,217309,BANKING_IMPORT
2012-05-17,5150,Vehicle Operating Leases,CHQ 232 HEFFNER AUTO,1900.50,0.00,receipts,217310,BANKING_IMPORT
2012-05-17,1000,Cash / Clearing,CHQ 232 HEFFNER AUTO,0.00,1900.50,receipts,217310,BANKING_IMPORT
2012-05-17,1015,Petty Cash,PETTY CASH FUNDING,100.00,0.00,receipts,217658,BANKING_IMPORT
2012-05-17,1000,Cash / Clearing,PETTY CASH FUNDING,0.00,100.00,receipts,217658,BANKING_IMPORT
2012-05-17,2910,BANKING,CHQ 219 HEFFNER AUTO,1475.25,0.00,receipts,217713,BANKING_IMPORT
2012-05-17,1000,Cash / Clearing,CHQ 219 HEFFNER AUTO,0.00,1475.25,receipts,217713,BANKING_IMPORT
2012-05-17,2910,BANKING,CHQ 232 HEFFNER AUTO,1900.50,0.00,receipts,217714,BANKING_IMPORT
2012-05-17,1000,Cash / Clearing,CHQ 232 HEFFNER AUTO,0.00,1900.50,receipts,217714,BANKING_IMPORT
2012-05-17,5110,Fuel,CENTEX,48.01,0.00,receipts,218003,BANKING_IMPORT
2012-05-17,1000,Cash / Clearing,CENTEX,0.00,48.01,receipts,218003,BANKING_IMPORT
2012-05-18,6105,BANKING,GEORGE'S PIZZA & STEAK,84.23,0.00,receipts,140356,BANKING_IMPORT
2012-05-18,1000,Cash / Clearing,GEORGE'S PIZZA & STEAK,0.00,84.23,receipts,140356,BANKING_IMPORT
2012-05-18,5110,Fuel,NATIONAL MONETM,300.00,0.00,receipts,142208,BANKING_IMPORT
2012-05-18,1000,Cash / Clearing,NATIONAL MONETM,0.00,300.00,receipts,142208,BANKING_IMPORT
2012-05-18,5116,"Client Amenities - Food, Coffee, Supplies",PLAZA LIQUOR,141.69,0.00,receipts,142209,BANKING_IMPORT
2012-05-18,1000,Cash / Clearing,PLAZA LIQUOR,0.00,141.69,receipts,142209,BANKING_IMPORT
2012-05-18,5870,Miscellaneous Business Expense,PURCHASEJ SHERATON RED DE,24.99,0.00,receipts,142210,BANKING_IMPORT
2012-05-18,1000,Cash / Clearing,PURCHASEJ SHERATON RED DE,0.00,24.99,receipts,142210,BANKING_IMPORT
2012-05-18,5110,Fuel,MOHAWK,80.11,0.00,receipts,142211,BANKING_IMPORT
2012-05-18,1000,Cash / Clearing,MOHAWK,0.00,80.11,receipts,142211,BANKING_IMPORT
2012-05-18,6300,Government Fees & Licenses,CHQ 259 CRA,50.00,0.00,receipts,142212,BANKING_IMPORT
2012-05-18,1000,Cash / Clearing,CHQ 259 CRA,0.00,50.00,receipts,142212,BANKING_IMPORT
2012-05-18,5120,BANKING,L9,12.35,0.00,receipts,215125,
2012-05-18,1000,Cash / Clearing,L9,0.00,12.35,receipts,215125,
2012-05-18,5110,BANKING,CENTEX,55.00,0.00,receipts,216968,
2012-05-18,1000,Cash / Clearing,CENTEX,0.00,55.00,receipts,216968,
2012-05-18,5116,BANKING,PLAZA LIQUOR TOWN,141.69,0.00,receipts,217365,
2012-05-18,1000,Cash / Clearing,PLAZA LIQUOR TOWN,0.00,141.69,receipts,217365,
2012-05-18,5116,"Client Amenities - Food, Coffee, Supplies",BEVERAGES,24.99,0.00,receipts,217366,
2012-05-18,1000,Cash / Clearing,BEVERAGES,0.00,24.99,receipts,217366,
2012-05-18,5110,Fuel,MOHAWK,80.11,0.00,receipts,218004,BANKING_IMPORT
2012-05-18,1000,Cash / Clearing,MOHAWK,0.00,80.11,receipts,218004,BANKING_IMPORT
2012-05-18,5710,Bank Fees & Service Charges,MONEY MART,300.00,0.00,receipts,218005,BANKING_IMPORT
2012-05-18,1000,Cash / Clearing,MONEY MART,0.00,300.00,receipts,218005,BANKING_IMPORT
2012-05-19,5250,WCB Premiums,installment due,1126.80,0.00,receipts,145291,18394567
2012-05-19,1000,Cash / Clearing,installment due,0.00,1126.80,receipts,145291,18394567
2012-05-19,5110,BANKING,FAS GAS,93.63,0.00,receipts,214020,BANKING_IMPORT | PG17_COLLISION_ORIG_ID=173645 | FALLBACK_BT=96075
2012-05-19,1000,Cash / Clearing,FAS GAS,0.00,93.63,receipts,214020,BANKING_IMPORT | PG17_COLLISION_ORIG_ID=173645 | FALLBACK_BT=96075
2012-05-19,5320,BANKING,FOOD,29.30,0.00,receipts,214866,
2012-05-19,1000,Cash / Clearing,FOOD,0.00,29.30,receipts,214866,
2012-05-19,5120,BANKING,L8,8.55,0.00,receipts,215126,
2012-05-19,1000,Cash / Clearing,L8,0.00,8.55,receipts,215126,
2012-05-19,5120,BANKING,L10,6.65,0.00,receipts,215127,
2012-05-19,1000,Cash / Clearing,L10,0.00,6.65,receipts,215127,
2012-05-19,5116,BANKING,PLAZA LIQUOR TOWN,61.58,0.00,receipts,215659,
2012-05-19,1000,Cash / Clearing,PLAZA LIQUOR TOWN,0.00,61.58,receipts,215659,
2012-05-19,5116,BANKING,ICE,9.57,0.00,receipts,215766,
2012-05-19,1000,Cash / Clearing,ICE,0.00,9.57,receipts,215766,
2012-05-19,5110,BANKING,CENTEX,52.02,0.00,receipts,217283,
2012-05-19,1000,Cash / Clearing,CENTEX,0.00,52.02,receipts,217283,
2012-05-20,2550,BANKING,picking up L-14,210.03,0.00,receipts,214112,
2012-05-20,1000,Cash / Clearing,picking up L-14,0.00,210.03,receipts,214112,
2012-05-20,5110,BANKING,fuel,153.01,0.00,receipts,214857,BANKING_IMPORT
2012-05-20,1000,Cash / Clearing,fuel,0.00,153.01,receipts,214857,BANKING_IMPORT
2012-05-20,5320,BANKING,water,1.50,0.00,receipts,214858,BANKING_IMPORT
2012-05-20,1000,Cash / Clearing,water,0.00,1.50,receipts,214858,BANKING_IMPORT
2012-05-20,5110,BANKING,fuel,109.00,0.00,receipts,214907,BANKING_IMPORT
2012-05-20,1000,Cash / Clearing,fuel,0.00,109.00,receipts,214907,BANKING_IMPORT
2012-05-20,5120,BANKING,cleaning suplies,13.20,0.00,receipts,214908,BANKING_IMPORT
2012-05-20,1000,Cash / Clearing,cleaning suplies,0.00,13.20,receipts,214908,BANKING_IMPORT
2012-05-20,5110,BANKING,fuel,109.00,0.00,receipts,214909,
2012-05-20,1000,Cash / Clearing,fuel,0.00,109.00,receipts,214909,
2012-05-20,2550,BANKING,1 5/30 OIL 7.99,160.00,0.00,receipts,215019,
2012-05-20,1000,Cash / Clearing,1 5/30 OIL 7.99,0.00,160.00,receipts,215019,
2012-05-20,5116,BANKING,LIQUOR BARN,59.30,0.00,receipts,215519,
2012-05-20,1000,Cash / Clearing,LIQUOR BARN,0.00,59.30,receipts,215519,
2012-05-20,5110,BANKING,CENTEX,60.01,0.00,receipts,216985,
2012-05-20,1000,Cash / Clearing,CENTEX,0.00,60.01,receipts,216985,
2012-05-20,5116,BANKING,CENTEX,6.18,0.00,receipts,216989,
2012-05-20,1000,Cash / Clearing,CENTEX,0.00,6.18,receipts,216989,
2012-05-20,5420,BANKING,STAPLES,25.00,0.00,receipts,217044,
2012-05-20,1000,Cash / Clearing,STAPLES,0.00,25.00,receipts,217044,
2012-05-20,2550,BANKING,L-14,143.01,0.00,receipts,217320,
2012-05-20,1000,Cash / Clearing,L-14,0.00,143.01,receipts,217320,
2012-05-20,5110,BANKING,CENTEX,12.33,0.00,receipts,217439,
2012-05-20,1000,Cash / Clearing,CENTEX,0.00,12.33,receipts,217439,
2012-05-21,2550,BANKING,picking up L14,228.00,0.00,receipts,214118,
2012-05-21,1000,Cash / Clearing,picking up L14,0.00,228.00,receipts,214118,
2012-05-21,2550,BANKING,PETRO-CANADA,250.00,0.00,receipts,214119,
2012-05-21,1000,Cash / Clearing,PETRO-CANADA,0.00,250.00,receipts,214119,
2012-05-21,5116,BANKING,snacks,13.54,0.00,receipts,214831,
2012-05-21,1000,Cash / Clearing,snacks,0.00,13.54,receipts,214831,
2012-05-21,2550,BANKING,MOHAWK,160.00,0.00,receipts,215045,
2012-05-21,1000,Cash / Clearing,MOHAWK,0.00,160.00,receipts,215045,
2012-05-21,5110,BANKING,CENTEX,60.00,0.00,receipts,216983,
2012-05-21,1000,Cash / Clearing,CENTEX,0.00,60.00,receipts,216983,
2012-05-22,5420,BANKING,PRAIRIE OFFICE SUPPLIES,10.04,0.00,receipts,215005,
2012-05-22,1000,Cash / Clearing,PRAIRIE OFFICE SUPPLIES,0.00,10.04,receipts,215005,
2012-05-22,5130,BANKING,down payment on insurance,700.00,0.00,receipts,217169,
2012-05-22,1000,Cash / Clearing,down payment on insurance,0.00,700.00,receipts,217169,
2012-05-23,5110,Fuel,customer supplies,5.45,0.00,receipts,215271,
2012-05-23,1000,Cash / Clearing,customer supplies,0.00,5.45,receipts,215271,
2012-05-23,5110,BANKING,CENTEX,30.00,0.00,receipts,216961,
2012-05-23,1000,Cash / Clearing,CENTEX,0.00,30.00,receipts,216961,
2012-05-23,5110,BANKING,CENTEX,30.00,0.00,receipts,216987,
2012-05-23,1000,Cash / Clearing,CENTEX,0.00,30.00,receipts,216987,
2012-05-23,2550,BANKING,L-10,187.35,0.00,receipts,217022,
2012-05-23,1000,Cash / Clearing,L-10,0.00,187.35,receipts,217022,
2012-05-23,5116,BANKING,REAL CANADIAN WHOLESALE CLUB,65.32,0.00,receipts,217114,
2012-05-23,1000,Cash / Clearing,REAL CANADIAN WHOLESALE CLUB,0.00,65.32,receipts,217114,
2012-05-23,5120,BANKING,VIBE AUDIO,818.99,0.00,receipts,217175,
2012-05-23,1000,Cash / Clearing,VIBE AUDIO,0.00,818.99,receipts,217175,
2012-05-23,1220,BANKING,WOOD BAR SET,500.00,0.00,receipts,217223,
2012-05-23,1000,Cash / Clearing,WOOD BAR SET,0.00,500.00,receipts,217223,
2012-05-23,5320,BANKING,WENDY'S,11.00,0.00,receipts,217536,
2012-05-23,1000,Cash / Clearing,WENDY'S,0.00,11.00,receipts,217536,
2012-05-23,5320,BANKING,BOSTON PIZZA,13.00,0.00,receipts,217539,
2012-05-23,1000,Cash / Clearing,BOSTON PIZZA,0.00,13.00,receipts,217539,
2012-05-23,5110,BANKING,CENTEX,45.01,0.00,receipts,221464,
2012-05-23,1000,Cash / Clearing,CENTEX,0.00,45.01,receipts,221464,
2012-05-24,2550,BANKING,fuel,188.00,0.00,receipts,173632,
2012-05-24,1000,Cash / Clearing,fuel,0.00,188.00,receipts,173632,
2012-05-24,5110,Fuel,FAS GAS,188.00,0.00,receipts,214154,96779
2012-05-24,1000,Cash / Clearing,FAS GAS,0.00,188.00,receipts,214154,96779
2012-05-24,5740,BANKING,PARKING,1.00,0.00,receipts,214963,
2012-05-24,1000,Cash / Clearing,PARKING,0.00,1.00,receipts,214963,
2012-05-24,2550,BANKING,PARTS,500.00,0.00,receipts,214969,
2012-05-24,1000,Cash / Clearing,PARTS,0.00,500.00,receipts,214969,
2012-05-24,2550,BANKING,cvip,368.92,0.00,receipts,217198,
2012-05-24,1000,Cash / Clearing,cvip,0.00,368.92,receipts,217198,
2012-05-24,5110,BANKING,DEISEL,75.00,0.00,receipts,217256,BANKING_IMPORT
2012-05-24,1000,Cash / Clearing,DEISEL,0.00,75.00,receipts,217256,BANKING_IMPORT
2012-05-24,5116,"Client Amenities - Food, Coffee, Supplies",ICE,7.97,0.00,receipts,217257,BANKING_IMPORT
2012-05-24,1000,Cash / Clearing,ICE,0.00,7.97,receipts,217257,BANKING_IMPORT
2012-05-24,2550,BANKING,PARTS FOR \L10,500.00,0.00,receipts,217287,
2012-05-24,1000,Cash / Clearing,PARTS FOR \L10,0.00,500.00,receipts,217287,
2012-05-24,2550,BANKING,"Garden hose, wash bin, water jugs",132.17,0.00,receipts,217557,
2012-05-24,1000,Cash / Clearing,"Garden hose, wash bin, water jugs",0.00,132.17,receipts,217557,
2012-05-24,5320,BANKING,AGAJUTLA RESTAURANT,24.40,0.00,receipts,217574,
2012-05-24,1000,Cash / Clearing,AGAJUTLA RESTAURANT,0.00,24.40,receipts,217574,
2012-05-24,5300,Insurance,Jevco Insurance,268.92,0.00,receipts,218006,BANKING_IMPORT
2012-05-24,1000,Cash / Clearing,Jevco Insurance,0.00,268.92,receipts,218006,BANKING_IMPORT
2012-05-24,5130,Insurance,IFS Premium Finance,1474.86,0.00,receipts,218007,BANKING_IMPORT
2012-05-24,1000,Cash / Clearing,IFS Premium Finance,0.00,1474.86,receipts,218007,BANKING_IMPORT
2012-05-24,2910,BANKING,INSURANCE Co-operators CM,105.15,0.00,receipts,218008,BANKING_IMPORT
2012-05-24,1000,Cash / Clearing,INSURANCE Co-operators CM,0.00,105.15,receipts,218008,BANKING_IMPORT
2012-05-25,2550,BANKING,gargage bags and windex,15.98,0.00,receipts,214086,
2012-05-25,1000,Cash / Clearing,gargage bags and windex,0.00,15.98,receipts,214086,
2012-05-25,5120,BANKING,L14,13.30,0.00,receipts,215060,
2012-05-25,1000,Cash / Clearing,L14,0.00,13.30,receipts,215060,
2012-05-25,5120,BANKING,L8,5.70,0.00,receipts,215061,
2012-05-25,1000,Cash / Clearing,L8,0.00,5.70,receipts,215061,
2012-05-25,5120,Vehicle Maintenance & Repairs,THE TURTLE CLUB TRUCK CAR WASH,8.51,0.00,receipts,215187,
2012-05-25,1000,Cash / Clearing,THE TURTLE CLUB TRUCK CAR WASH,0.00,8.51,receipts,215187,
2012-05-25,5120,BANKING,power steering failure,105.00,0.00,receipts,217172,
2012-05-25,1000,Cash / Clearing,power steering failure,0.00,105.00,receipts,217172,
2012-05-25,5120,BANKING,SANI DUMP,5.25,0.00,receipts,217177,
2012-05-25,1000,Cash / Clearing,SANI DUMP,0.00,5.25,receipts,217177,
2012-05-25,5320,BANKING,PHIL'S RESTAURA,24.31,0.00,receipts,217528,
2012-05-25,1000,Cash / Clearing,PHIL'S RESTAURA,0.00,24.31,receipts,217528,
2012-05-25,5210,Driver Salaries,CHQ 263 - Cheque 263 000000017571366,1000.00,0.00,receipts,221553,CHQ263-REG258
2012-05-25,1000,Cash / Clearing,CHQ 263 - Cheque 263 000000017571366,0.00,1000.00,receipts,221553,CHQ263-REG258
2012-05-26,5110,Fuel,fuel,69.99,0.00,receipts,214155,96783
2012-05-26,1000,Cash / Clearing,fuel,0.00,69.99,receipts,214155,96783
2012-05-26,5120,BANKING,l7,5.70,0.00,receipts,215059,
2012-05-26,1000,Cash / Clearing,l7,0.00,5.70,receipts,215059,
2012-05-26,2550,BANKING,fuel,54.00,0.00,receipts,215371,
2012-05-26,1000,Cash / Clearing,fuel,0.00,54.00,receipts,215371,
2012-05-26,2550,BANKING,fuel,54.50,0.00,receipts,215373,
2012-05-26,1000,Cash / Clearing,fuel,0.00,54.50,receipts,215373,
2012-05-26,5116,BANKING,CAPRI LIQUOR STORE,219.94,0.00,receipts,215646,
2012-05-26,1000,Cash / Clearing,CAPRI LIQUOR STORE,0.00,219.94,receipts,215646,
2012-05-26,5116,BANKING,CAPRI LIQUOR STORE,19.47,0.00,receipts,215653,
2012-05-26,1000,Cash / Clearing,CAPRI LIQUOR STORE,0.00,19.47,receipts,215653,
2012-05-26,5116,BANKING,COLD ONES LIQUOR,52.90,0.00,receipts,215697,
2012-05-26,1000,Cash / Clearing,COLD ONES LIQUOR,0.00,52.90,receipts,215697,
2012-05-26,5116,BANKING,LIQUOR DEPOT,14.24,0.00,receipts,215753,
2012-05-26,1000,Cash / Clearing,LIQUOR DEPOT,0.00,14.24,receipts,215753,
2012-05-26,5116,BANKING,SOBEYS,14.26,0.00,receipts,217146,
2012-05-26,1000,Cash / Clearing,SOBEYS,0.00,14.26,receipts,217146,
2012-05-26,5110,Fuel,fuel,60.00,0.00,receipts,217497,
2012-05-26,1000,Cash / Clearing,fuel,0.00,60.00,receipts,217497,
2012-05-26,5320,BANKING,Bryan Macintosh trip,20.97,0.00,receipts,217517,
2012-05-26,1000,Cash / Clearing,Bryan Macintosh trip,0.00,20.97,receipts,217517,
2012-05-26,5110,Fuel,Centex,69.99,0.00,receipts,218009,BANKING_IMPORT
2012-05-26,1000,Cash / Clearing,Centex,0.00,69.99,receipts,218009,BANKING_IMPORT
2012-05-27,2550,BANKING,Office mat,7.43,0.00,receipts,173598,
2012-05-27,1000,Cash / Clearing,Office mat,0.00,7.43,receipts,173598,
2012-05-28,2550,BANKING,Fence repair parking lot,20.98,0.00,receipts,214092,
2012-05-28,1000,Cash / Clearing,Fence repair parking lot,0.00,20.98,receipts,214092,
2012-05-28,5116,"Client Amenities - Food, Coffee, Supplies",beverages,52.65,0.00,receipts,214094,
2012-05-28,1000,Cash / Clearing,beverages,0.00,52.65,receipts,214094,
2012-05-28,5600,Marketing & Advertising,PLAZA LIQUOR,397.48,0.00,receipts,214156,96787
2012-05-28,1000,Cash / Clearing,PLAZA LIQUOR,0.00,397.48,receipts,214156,96787
2012-05-28,5110,Fuel,DOMO GAS,60.00,0.00,receipts,214871,
2012-05-28,1000,Cash / Clearing,DOMO GAS,0.00,60.00,receipts,214871,
2012-05-28,5110,BANKING,ESSO,40.01,0.00,receipts,214884,
2012-05-28,1000,Cash / Clearing,ESSO,0.00,40.01,receipts,214884,
2012-05-28,5120,BANKING,SUPER CLEAN,9.00,0.00,receipts,215172,
2012-05-28,1000,Cash / Clearing,SUPER CLEAN,0.00,9.00,receipts,215172,
2012-05-28,5600,Advertising,106.7 THE DRIVE,52.65,0.00,receipts,215270,
2012-05-28,1000,Cash / Clearing,106.7 THE DRIVE,0.00,52.65,receipts,215270,
2012-05-28,2550,BANKING,CENTEX,24.01,0.00,receipts,215370,
2012-05-28,1000,Cash / Clearing,CENTEX,0.00,24.01,receipts,215370,
2012-05-28,5116,BANKING,LIQUOR BARN,16.70,0.00,receipts,215515,
2012-05-28,1000,Cash / Clearing,LIQUOR BARN,0.00,16.70,receipts,215515,
2012-05-28,5116,BANKING,LIQUOR DEPOT,50.49,0.00,receipts,215734,
2012-05-28,1000,Cash / Clearing,LIQUOR DEPOT,0.00,50.49,receipts,215734,
2012-05-28,2550,BANKING,light and other pards,82.01,0.00,receipts,216935,
2012-05-28,1000,Cash / Clearing,light and other pards,0.00,82.01,receipts,216935,
2012-05-28,5116,BANKING,COOP LIQUOR,28.12,0.00,receipts,217025,
2012-05-28,1000,Cash / Clearing,COOP LIQUOR,0.00,28.12,receipts,217025,
2012-05-28,2550,BANKING,CALGARY AIRPORT AUTHORITY,17.87,0.00,receipts,217106,
2012-05-28,1000,Cash / Clearing,CALGARY AIRPORT AUTHORITY,0.00,17.87,receipts,217106,
2012-05-28,5320,BANKING,BOSTON PIZZA,18.69,0.00,receipts,217565,
2012-05-28,1000,Cash / Clearing,BOSTON PIZZA,0.00,18.69,receipts,217565,
2012-05-28,5320,BANKING,BOSTON PIZZA,26.30,0.00,receipts,217566,
2012-05-28,1000,Cash / Clearing,BOSTON PIZZA,0.00,26.30,receipts,217566,
2012-05-28,5116,"Client Amenities - Food, Coffee, Supplies",PLAZA LIQUOR,397.48,0.00,receipts,218010,BANKING_IMPORT
2012-05-28,1000,Cash / Clearing,PLAZA LIQUOR,0.00,397.48,receipts,218010,BANKING_IMPORT
2012-05-29,2550,BANKING,fuel L7,115.00,0.00,receipts,173639,
2012-05-29,1000,Cash / Clearing,fuel L7,0.00,115.00,receipts,173639,
2012-05-29,5110,Fuel,DOMO GAS,41.72,0.00,receipts,214869,
2012-05-29,1000,Cash / Clearing,DOMO GAS,0.00,41.72,receipts,214869,
2012-05-29,5110,Fuel,DOMO GAS,34.00,0.00,receipts,214872,
2012-05-29,1000,Cash / Clearing,DOMO GAS,0.00,34.00,receipts,214872,
2012-05-29,5110,Fuel,ice,2.49,0.00,receipts,214873,
2012-05-29,1000,Cash / Clearing,ice,0.00,2.49,receipts,214873,
2012-05-29,5110,BANKING,ESSO,150.00,0.00,receipts,214905,
2012-05-29,1000,Cash / Clearing,ESSO,0.00,150.00,receipts,214905,
2012-05-29,5150,Vehicle Lease Payments,CHQ 226 Heffner Lexus Toyota - Vehicle loan,2700.00,0.00,receipts,214983,CHQ226-HEFFNER-2012
2012-05-29,1000,Cash / Clearing,CHQ 226 Heffner Lexus Toyota - Vehicle loan,0.00,2700.00,receipts,214983,CHQ226-HEFFNER-2012
2012-05-29,5110,BANKING,SHELL,46.00,0.00,receipts,215219,
2012-05-29,1000,Cash / Clearing,SHELL,0.00,46.00,receipts,215219,
2012-05-29,5110,BANKING,RUN'N ON EMPTY,32.00,0.00,receipts,215272,
2012-05-29,1000,Cash / Clearing,RUN'N ON EMPTY,0.00,32.00,receipts,215272,
2012-05-29,5110,BANKING,fuel,55.04,0.00,receipts,215369,
2012-05-29,1000,Cash / Clearing,fuel,0.00,55.04,receipts,215369,
2012-05-29,5116,BANKING,LIQUOR BARN,28.48,0.00,receipts,215517,
2012-05-29,1000,Cash / Clearing,LIQUOR BARN,0.00,28.48,receipts,215517,
2012-05-29,2550,BANKING,LIQUOR BARN,170.94,0.00,receipts,215540,
2012-05-29,1000,Cash / Clearing,LIQUOR BARN,0.00,170.94,receipts,215540,
2012-05-29,5116,BANKING,WILD TIMS LIQUOR STORE,9.99,0.00,receipts,215679,
2012-05-29,1000,Cash / Clearing,WILD TIMS LIQUOR STORE,0.00,9.99,receipts,215679,
2012-05-29,5116,BANKING,INGLEWOOD LIQUOR STORE,36.96,0.00,receipts,215699,
2012-05-29,1000,Cash / Clearing,INGLEWOOD LIQUOR STORE,0.00,36.96,receipts,215699,
2012-05-29,5116,BANKING,LIQUOR DEPOT,60.17,0.00,receipts,215754,
2012-05-29,1000,Cash / Clearing,LIQUOR DEPOT,0.00,60.17,receipts,215754,
2012-05-29,5710,Bank Fees & Service Charges,Merchant Services Fee,567.15,0.00,receipts,216349,BANKING_IMPORT
2012-05-29,1000,Cash / Clearing,Merchant Services Fee,0.00,567.15,receipts,216349,BANKING_IMPORT
2012-05-29,5116,BANKING,beverage,5.45,0.00,receipts,217150,
2012-05-29,1000,Cash / Clearing,beverage,0.00,5.45,receipts,217150,
2012-05-29,5320,BANKING,MCDONALD'S,13.00,0.00,receipts,217543,
2012-05-29,1000,Cash / Clearing,MCDONALD'S,0.00,13.00,receipts,217543,
2012-05-29,5710,Bank Fees & Service Charges,ACARD PAYMENT,4.95,0.00,receipts,217578,
2012-05-29,1000,Cash / Clearing,ACARD PAYMENT,0.00,4.95,receipts,217578,
2012-05-29,5720,BANKING,Merchant Services Fee,567.15,0.00,receipts,217598,BANKING_IMPORT
2012-05-29,1000,Cash / Clearing,Merchant Services Fee,0.00,567.15,receipts,217598,BANKING_IMPORT
2012-05-30,5120,BANKING,L9,27.55,0.00,receipts,215123,
2012-05-30,1000,Cash / Clearing,L9,0.00,27.55,receipts,215123,
2012-05-30,5120,BANKING,MR SUDS INC.,55.10,0.00,receipts,215134,
2012-05-30,1000,Cash / Clearing,MR SUDS INC.,0.00,55.10,receipts,215134,
2012-05-30,5120,BANKING,L14,47.50,0.00,receipts,215135,
2012-05-30,1000,Cash / Clearing,L14,0.00,47.50,receipts,215135,
2012-05-30,5120,BANKING,L9,4.00,0.00,receipts,215137,
2012-05-30,1000,Cash / Clearing,L9,0.00,4.00,receipts,215137,
2012-05-30,5120,BANKING,JUMBO,25.00,0.00,receipts,215158,
2012-05-30,1000,Cash / Clearing,JUMBO,0.00,25.00,receipts,215158,
2012-05-30,5120,BANKING,L7,25.00,0.00,receipts,215159,
2012-05-30,1000,Cash / Clearing,L7,0.00,25.00,receipts,215159,
2012-05-30,5110,BANKING,CENTEX,42.00,0.00,receipts,215516,
2012-05-30,1000,Cash / Clearing,CENTEX,0.00,42.00,receipts,215516,
2012-05-30,5710,Bank Fees & Service Charges,Account Fee,35.00,0.00,receipts,215969,BANKING_IMPORT
2012-05-30,1000,Cash / Clearing,Account Fee,0.00,35.00,receipts,215969,BANKING_IMPORT
2012-05-30,5710,Bank Fees & Service Charges,E-Transfer Fee,1.50,0.00,receipts,215970,BANKING_IMPORT
2012-05-30,1000,Cash / Clearing,E-Transfer Fee,0.00,1.50,receipts,215970,BANKING_IMPORT
2012-05-30,5710,Bank Fees & Service Charges,BANK TRANSFER,2500.00,0.00,receipts,216350,BANKING_IMPORT
2012-05-30,1000,Cash / Clearing,BANK TRANSFER,0.00,2500.00,receipts,216350,BANKING_IMPORT
2012-05-30,5710,Bank Fees & Service Charges,Account Fee,35.00,0.00,receipts,216899,BANKING_IMPORT
2012-05-30,1000,Cash / Clearing,Account Fee,0.00,35.00,receipts,216899,BANKING_IMPORT
2012-05-30,5710,Unassigned,E-Transfer Fee,1.50,0.00,receipts,216900,BANKING_IMPORT
2012-05-30,1000,Cash / Clearing,E-Transfer Fee,0.00,1.50,receipts,216900,BANKING_IMPORT
2012-05-30,5110,BANKING,CENTEX,136.00,0.00,receipts,216962,
2012-05-30,1000,Cash / Clearing,CENTEX,0.00,136.00,receipts,216962,
2012-05-30,5860,BANKING,A BUCK OR TWO,56.70,0.00,receipts,217039,
2012-05-30,1000,Cash / Clearing,A BUCK OR TWO,0.00,56.70,receipts,217039,
2012-05-30,6400,BANKING,DRIVER BLUETOOTH EARPEICE,272.98,0.00,receipts,217055,
2012-05-30,1000,Cash / Clearing,DRIVER BLUETOOTH EARPEICE,0.00,272.98,receipts,217055,
2012-05-30,5420,BANKING,TOTES,89.46,0.00,receipts,217079,
2012-05-30,1000,Cash / Clearing,TOTES,0.00,89.46,receipts,217079,
2012-05-30,5870,BANKING,LIMO GLASSES / FLUTES,125.92,0.00,receipts,217209,
2012-05-30,1000,Cash / Clearing,LIMO GLASSES / FLUTES,0.00,125.92,receipts,217209,
2012-05-30,5110,BANKING,CENTEX,41.00,0.00,receipts,217254,
2012-05-30,1000,Cash / Clearing,CENTEX,0.00,41.00,receipts,217254,
2012-05-30,5320,BANKING,DRAGON CITY CAFE,63.30,0.00,receipts,217510,
2012-05-30,1000,Cash / Clearing,DRAGON CITY CAFE,0.00,63.30,receipts,217510,
2012-05-30,5320,BANKING,TONY ROMAS,60.36,0.00,receipts,217561,
2012-05-30,1000,Cash / Clearing,TONY ROMAS,0.00,60.36,receipts,217561,
2012-05-30,2910,BANKING,BANK TRANSFER,2500.00,0.00,receipts,218011,BANKING_IMPORT
2012-05-30,1000,Cash / Clearing,BANK TRANSFER,0.00,2500.00,receipts,218011,BANKING_IMPORT
2012-05-31,5710,Bank Fees & Service Charges,SERVICE CHARGE,112.50,0.00,receipts,140358,BANKING_IMPORT
2012-05-31,1000,Cash / Clearing,SERVICE CHARGE,0.00,112.50,receipts,140358,BANKING_IMPORT
2012-05-31,5420,BANKING,KEY,26.25,0.00,receipts,214960,
2012-05-31,1000,Cash / Clearing,KEY,0.00,26.25,receipts,214960,
2012-05-31,6900,Uncategorized / Unknown,LOAD CARD,700.00,0.00,receipts,215232,81850
2012-05-31,1000,Cash / Clearing,LOAD CARD,0.00,700.00,receipts,215232,81850
2012-05-31,5116,BANKING,LIQUOR BARN,380.68,0.00,receipts,215518,
2012-05-31,1000,Cash / Clearing,LIQUOR BARN,0.00,380.68,receipts,215518,
2012-05-31,2550,BANKING,CALGARY AIRPORT AUTHORITY,45.05,0.00,receipts,217101,
2012-05-31,1000,Cash / Clearing,CALGARY AIRPORT AUTHORITY,0.00,45.05,receipts,217101,
2012-05-31,5360,BANKING,88025,40.00,0.00,receipts,217227,
2012-05-31,1000,Cash / Clearing,88025,0.00,40.00,receipts,217227,
2012-05-31,5320,BANKING,PHIL'S RESTAURA,33.71,0.00,receipts,217530,
2012-05-31,1000,Cash / Clearing,PHIL'S RESTAURA,0.00,33.71,receipts,217530,
2012-05-31,2550,Related Party - Repayments Out,Paul Richard,2500.00,0.00,receipts,218012,BANKING_IMPORT
2012-05-31,1000,Cash / Clearing,Paul Richard,0.00,2500.00,receipts,218012,BANKING_IMPORT
2012-06-01,5420,Office Supplies,"printer,cartridges, paper ect",635.02,0.00,receipts,142317,BANKING_IMPORT
2012-06-01,1000,Cash / Clearing,"printer,cartridges, paper ect",0.00,635.02,receipts,142317,BANKING_IMPORT
2012-06-01,6900,BANKING,Vehicle permit plates,343.88,0.00,receipts,142379,BANKING_IMPORT
2012-06-01,1000,Cash / Clearing,Vehicle permit plates,0.00,343.88,receipts,142379,BANKING_IMPORT
2012-06-01,2550,Fuel,FAS GAS,43.57,0.00,receipts,173551,
2012-06-01,1000,Cash / Clearing,FAS GAS,0.00,43.57,receipts,173551,
2012-06-01,5110,Fuel,CENTEX,55.00,0.00,receipts,214316,99815
2012-06-01,1000,Cash / Clearing,CENTEX,0.00,55.00,receipts,214316,99815
2012-06-01,5110,Fuel,CENTEX,20.01,0.00,receipts,214317,99816
2012-06-01,1000,Cash / Clearing,CENTEX,0.00,20.01,receipts,214317,99816
2012-06-01,5116,BANKING,water,11.02,0.00,receipts,214896,
2012-06-01,1000,Cash / Clearing,water,0.00,11.02,receipts,214896,
2012-06-01,5120,BANKING,washer fluid,4.71,0.00,receipts,214899,
2012-06-01,1000,Cash / Clearing,washer fluid,0.00,4.71,receipts,214899,
2012-06-01,5110,BANKING,ESSO,58.00,0.00,receipts,214900,
2012-06-01,1000,Cash / Clearing,ESSO,0.00,58.00,receipts,214900,
2012-06-01,5116,BANKING,LIQUOR BARN,55.53,0.00,receipts,215505,
2012-06-01,1000,Cash / Clearing,LIQUOR BARN,0.00,55.53,receipts,215505,
2012-06-01,5116,BANKING,LIQUOR BARN,32.43,0.00,receipts,215506,
2012-06-01,1000,Cash / Clearing,LIQUOR BARN,0.00,32.43,receipts,215506,
2012-06-01,5116,BANKING,LIQUOR BARN,19.85,0.00,receipts,215507,
2012-06-01,1000,Cash / Clearing,LIQUOR BARN,0.00,19.85,receipts,215507,
2012-06-01,5116,BANKING,LIQUOR BARN,5.85,0.00,receipts,215508,
2012-06-01,1000,Cash / Clearing,LIQUOR BARN,0.00,5.85,receipts,215508,
2012-06-01,5116,BANKING,LIQUOR BARN,183.88,0.00,receipts,215509,
2012-06-01,1000,Cash / Clearing,LIQUOR BARN,0.00,183.88,receipts,215509,
2012-06-01,5116,BANKING,LIQUOR BARN,88.00,0.00,receipts,215510,
2012-06-01,1000,Cash / Clearing,LIQUOR BARN,0.00,88.00,receipts,215510,
2012-06-01,5116,BANKING,LIQUOR BARN,19.83,0.00,receipts,215511,
2012-06-01,1000,Cash / Clearing,LIQUOR BARN,0.00,19.83,receipts,215511,
2012-06-01,5116,BANKING,LIQUOR BARN,39.38,0.00,receipts,215512,
2012-06-01,1000,Cash / Clearing,LIQUOR BARN,0.00,39.38,receipts,215512,
2012-06-01,5110,BANKING,CENTEX,37.02,0.00,receipts,215522,99700
2012-06-01,1000,Cash / Clearing,CENTEX,0.00,37.02,receipts,215522,99700
2012-06-01,5110,BANKING,CENTEX,71.40,0.00,receipts,215524,
2012-06-01,1000,Cash / Clearing,CENTEX,0.00,71.40,receipts,215524,
2012-06-01,5110,BANKING,CENTEX,65.01,0.00,receipts,215526,
2012-06-01,1000,Cash / Clearing,CENTEX,0.00,65.01,receipts,215526,
2012-06-01,5116,BANKING,LIQUOR BARN,208.07,0.00,receipts,215528,
2012-06-01,1000,Cash / Clearing,LIQUOR BARN,0.00,208.07,receipts,215528,
2012-06-01,5110,BANKING,CENTEX,85.01,0.00,receipts,215529,
2012-06-01,1000,Cash / Clearing,CENTEX,0.00,85.01,receipts,215529,
2012-06-01,5116,BANKING,UPTOWN LIQUOR STORE,43.44,0.00,receipts,215633,
2012-06-01,1000,Cash / Clearing,UPTOWN LIQUOR STORE,0.00,43.44,receipts,215633,
2012-06-01,5710,Bank Fees & Service Charges,ETRANSFER Dave Richard,2000.00,0.00,receipts,216351,BANKING_IMPORT
2012-06-01,1000,Cash / Clearing,ETRANSFER Dave Richard,0.00,2000.00,receipts,216351,BANKING_IMPORT
2012-06-01,5710,Bank Fees & Service Charges,Merchant Services Fee,1721.82,0.00,receipts,216352,BANKING_IMPORT
2012-06-01,1000,Cash / Clearing,Merchant Services Fee,0.00,1721.82,receipts,216352,BANKING_IMPORT
2012-06-01,5116,BANKING,ice & mix,16.61,0.00,receipts,217390,
2012-06-01,1000,Cash / Clearing,ice & mix,0.00,16.61,receipts,217390,
2012-06-01,5320,BANKING,CHINA BEN,15.44,0.00,receipts,217540,
2012-06-01,1000,Cash / Clearing,CHINA BEN,0.00,15.44,receipts,217540,
2012-06-01,1015,Petty Cash,PETTY CASH FUNDING,300.00,0.00,receipts,217659,BANKING_IMPORT
2012-06-01,1000,Cash / Clearing,PETTY CASH FUNDING,0.00,300.00,receipts,217659,BANKING_IMPORT
2012-06-01,1015,Petty Cash,PETTY CASH FUNDING,200.00,0.00,receipts,217660,BANKING_IMPORT
2012-06-01,1000,Cash / Clearing,PETTY CASH FUNDING,0.00,200.00,receipts,217660,BANKING_IMPORT
2012-06-01,2910,BANKING,BEST BUY,635.02,0.00,receipts,218013,BANKING_IMPORT
2012-06-01,1000,Cash / Clearing,BEST BUY,0.00,635.02,receipts,218013,BANKING_IMPORT
2012-06-01,2910,BANKING,ETRANSFER Dave Richard,2000.00,0.00,receipts,218014,BANKING_IMPORT
2012-06-01,1000,Cash / Clearing,ETRANSFER Dave Richard,0.00,2000.00,receipts,218014,BANKING_IMPORT
2012-06-01,5110,Fuel,CENTEX,55.00,0.00,receipts,218015,BANKING_IMPORT
2012-06-01,1000,Cash / Clearing,CENTEX,0.00,55.00,receipts,218015,BANKING_IMPORT
2012-06-01,5110,Fuel,CENTEX,20.01,0.00,receipts,218016,BANKING_IMPORT
2012-06-01,1000,Cash / Clearing,CENTEX,0.00,20.01,receipts,218016,BANKING_IMPORT
2012-06-01,5116,"Client Amenities - Food, Coffee, Supplies",LIQUOR BARN,208.07,0.00,receipts,218017,BANKING_IMPORT
2012-06-01,1000,Cash / Clearing,LIQUOR BARN,0.00,208.07,receipts,218017,BANKING_IMPORT
2012-06-01,5110,Fuel,FAS GAS,43.57,0.00,receipts,218018,BANKING_IMPORT
2012-06-01,1000,Cash / Clearing,FAS GAS,0.00,43.57,receipts,218018,BANKING_IMPORT
2012-06-02,2550,"Client Amenities - Food, Coffee, Supplies",ice,9.57,0.00,receipts,173620,
2012-06-02,1000,Cash / Clearing,ice,0.00,9.57,receipts,173620,
2012-06-02,5110,Fuel,CENTEX,140.00,0.00,receipts,214157,96817
2012-06-02,1000,Cash / Clearing,CENTEX,0.00,140.00,receipts,214157,96817
2012-06-02,5110,Fuel,CENTEX,71.27,0.00,receipts,214159,96819
2012-06-02,1000,Cash / Clearing,CENTEX,0.00,71.27,receipts,214159,96819
2012-06-02,5116,BANKING,ice,3.25,0.00,receipts,214893,
2012-06-02,1000,Cash / Clearing,ice,0.00,3.25,receipts,214893,
2012-06-02,5320,BANKING,sancks,15.36,0.00,receipts,214894,
2012-06-02,1000,Cash / Clearing,sancks,0.00,15.36,receipts,214894,
2012-06-02,5110,BANKING,ESSO,42.12,0.00,receipts,214897,
2012-06-02,1000,Cash / Clearing,ESSO,0.00,42.12,receipts,214897,
2012-06-02,5120,BANKING,L8,7.00,0.00,receipts,215175,
2012-06-02,1000,Cash / Clearing,L8,0.00,7.00,receipts,215175,
2012-06-02,5116,BANKING,LIQUOR BARN,22.87,0.00,receipts,215504,
2012-06-02,1000,Cash / Clearing,LIQUOR BARN,0.00,22.87,receipts,215504,
2012-06-02,5110,BANKING,CENTEX,27.00,0.00,receipts,215531,
2012-06-02,1000,Cash / Clearing,CENTEX,0.00,27.00,receipts,215531,
2012-06-02,5110,BANKING,CENTEX,52.01,0.00,receipts,215536,
2012-06-02,1000,Cash / Clearing,CENTEX,0.00,52.01,receipts,215536,
2012-06-02,5116,BANKING,CAPRI LIQUOR STORE,18.97,0.00,receipts,215645,
2012-06-02,1000,Cash / Clearing,CAPRI LIQUOR STORE,0.00,18.97,receipts,215645,
2012-06-02,5116,BANKING,SNACKS,6.07,0.00,receipts,215769,
2012-06-02,1000,Cash / Clearing,SNACKS,0.00,6.07,receipts,215769,
2012-06-02,5110,BANKING,HUSKY,27.00,0.00,receipts,217156,
2012-06-02,1000,Cash / Clearing,HUSKY,0.00,27.00,receipts,217156,
2012-06-02,5120,BANKING,SANI DUMP,5.25,0.00,receipts,217181,
2012-06-02,1000,Cash / Clearing,SANI DUMP,0.00,5.25,receipts,217181,
2012-06-02,5320,BANKING,BOSTON PIZZA,30.00,0.00,receipts,217361,
2012-06-02,1000,Cash / Clearing,BOSTON PIZZA,0.00,30.00,receipts,217361,
2012-06-02,2550,BANKING,L9 42 LT,47.00,0.00,receipts,217433,BANKING_IMPORT
2012-06-02,1000,Cash / Clearing,L9 42 LT,0.00,47.00,receipts,217433,BANKING_IMPORT
2012-06-02,2550,"Client Amenities - Food, Coffee, Supplies",ICE,9.27,0.00,receipts,217434,BANKING_IMPORT
2012-06-02,1000,Cash / Clearing,ICE,0.00,9.27,receipts,217434,BANKING_IMPORT
2012-06-02,5110,BANKING,115.18/217445,109.00,0.00,receipts,217444,BANKING_IMPORT
2012-06-02,1000,Cash / Clearing,115.18/217445,0.00,109.00,receipts,217444,BANKING_IMPORT
2012-06-02,5116,BANKING,ICE split 115.18/217445,6.18,0.00,receipts,217445,BANKING_IMPORT
2012-06-02,1000,Cash / Clearing,ICE split 115.18/217445,0.00,6.18,receipts,217445,BANKING_IMPORT
2012-06-02,5320,BANKING,BOSTON PIZZA,16.33,0.00,receipts,217538,
2012-06-02,1000,Cash / Clearing,BOSTON PIZZA,0.00,16.33,receipts,217538,
2012-06-02,5110,Fuel,Centex,140.00,0.00,receipts,218019,BANKING_IMPORT
2012-06-02,1000,Cash / Clearing,Centex,0.00,140.00,receipts,218019,BANKING_IMPORT
2012-06-02,5110,Fuel,Centex,115.18,0.00,receipts,218020,BANKING_IMPORT
2012-06-02,1000,Cash / Clearing,Centex,0.00,115.18,receipts,218020,BANKING_IMPORT
2012-06-02,5110,Fuel,Centex,71.27,0.00,receipts,218021,BANKING_IMPORT
2012-06-02,1000,Cash / Clearing,Centex,0.00,71.27,receipts,218021,BANKING_IMPORT
2012-06-03,5110,BANKING,ESSO,25.00,0.00,receipts,214895,
2012-06-03,1000,Cash / Clearing,ESSO,0.00,25.00,receipts,214895,
2012-06-03,5110,BANKING,CENTEX,29.41,0.00,receipts,215551,
2012-06-03,1000,Cash / Clearing,CENTEX,0.00,29.41,receipts,215551,
2012-06-03,6400,BANKING,BEER FRIDGE,630.00,0.00,receipts,217182,
2012-06-03,1000,Cash / Clearing,BEER FRIDGE,0.00,630.00,receipts,217182,
2012-06-04,5116,"Client Amenities - Food, Coffee, Supplies",Beverages,65.28,0.00,receipts,142367,BANKING_IMPORT
2012-06-04,1000,Cash / Clearing,Beverages,0.00,65.28,receipts,142367,BANKING_IMPORT
2012-06-04,6100,BANKING,Drivers 5 year award,341.25,0.00,receipts,142372,BANKING_IMPORT
2012-06-04,1000,Cash / Clearing,Drivers 5 year award,0.00,341.25,receipts,142372,BANKING_IMPORT
2012-06-04,5880,Owner Personal (Non-Deductible),clothing,191.63,0.00,receipts,142373,BANKING_IMPORT
2012-06-04,1000,Cash / Clearing,clothing,0.00,191.63,receipts,142373,BANKING_IMPORT
2012-06-04,5880,Owner Personal (Non-Deductible),WAREHOUSE ONE,128.59,0.00,receipts,142375,BANKING_IMPORT
2012-06-04,1000,Cash / Clearing,WAREHOUSE ONE,0.00,128.59,receipts,142375,BANKING_IMPORT
2012-06-04,5710,Bank Fees & Service Charges,TINTING,131.25,0.00,receipts,150537,BANKING_IMPORT
2012-06-04,1000,Cash / Clearing,TINTING,0.00,131.25,receipts,150537,BANKING_IMPORT
2012-06-04,6900,Uncategorized / Unknown,WAREHOUSE ONE,86.00,0.00,receipts,214161,96825
2012-06-04,1000,Cash / Clearing,WAREHOUSE ONE,0.00,86.00,receipts,214161,96825
2012-06-04,5420,BANKING,DOLLARAMA,19.95,0.00,receipts,214968,
2012-06-04,1000,Cash / Clearing,DOLLARAMA,0.00,19.95,receipts,214968,
2012-06-04,5120,BANKING,L9,13.30,0.00,receipts,215118,
2012-06-04,1000,Cash / Clearing,L9,0.00,13.30,receipts,215118,
2012-06-04,5120,BANKING,THE TRUCK TOWN WASH,23.10,0.00,receipts,215161,
2012-06-04,1000,Cash / Clearing,THE TRUCK TOWN WASH,0.00,23.10,receipts,215161,
2012-06-04,2550,Related Party - Repayments Out,David Richard reimbursement - OUT - Arrow pays David,2000.00,0.00,receipts,215796,BANKING_IMPORT
2012-06-04,1000,Cash / Clearing,David Richard reimbursement - OUT - Arrow pays David,0.00,2000.00,receipts,215796,BANKING_IMPORT
2012-06-04,2550,BANKING,engine cleaner,50.00,0.00,receipts,216963,
2012-06-04,1000,Cash / Clearing,engine cleaner,0.00,50.00,receipts,216963,
2012-06-04,2910,BANKING,BEN MOSS JEWELLRY,341.25,0.00,receipts,218022,BANKING_IMPORT
2012-06-04,1000,Cash / Clearing,BEN MOSS JEWELLRY,0.00,341.25,receipts,218022,BANKING_IMPORT
2012-06-04,2910,BANKING,LIQUOR DEPOT,65.28,0.00,receipts,218023,BANKING_IMPORT
2012-06-04,1000,Cash / Clearing,LIQUOR DEPOT,0.00,65.28,receipts,218023,BANKING_IMPORT
2012-06-04,2910,BANKING,NYMANS ARTMARKET,343.88,0.00,receipts,218024,BANKING_IMPORT
2012-06-04,1000,Cash / Clearing,NYMANS ARTMARKET,0.00,343.88,receipts,218024,BANKING_IMPORT
2012-06-04,2910,BANKING,THE BAY,191.63,0.00,receipts,218025,BANKING_IMPORT
2012-06-04,1000,Cash / Clearing,THE BAY,0.00,191.63,receipts,218025,BANKING_IMPORT
2012-06-04,2910,BANKING,WAREHOUSE ONE,128.59,0.00,receipts,218026,BANKING_IMPORT
2012-06-04,1000,Cash / Clearing,WAREHOUSE ONE,0.00,128.59,receipts,218026,BANKING_IMPORT
2012-06-04,2910,BANKING,WEST 49,131.25,0.00,receipts,218027,BANKING_IMPORT
2012-06-04,1000,Cash / Clearing,WEST 49,0.00,131.25,receipts,218027,BANKING_IMPORT
2012-06-04,2910,BANKING,Warehouse One,86.00,0.00,receipts,218028,BANKING_IMPORT
2012-06-04,1000,Cash / Clearing,Warehouse One,0.00,86.00,receipts,218028,BANKING_IMPORT
2012-06-04,5110,Fuel,CENTEX,71.27,0.00,receipts,218029,BANKING_IMPORT
2012-06-04,1000,Cash / Clearing,CENTEX,0.00,71.27,receipts,218029,BANKING_IMPORT
2012-06-04,5110,Fuel,CENTEX,115.18,0.00,receipts,218030,BANKING_IMPORT
2012-06-04,1000,Cash / Clearing,CENTEX,0.00,115.18,receipts,218030,BANKING_IMPORT
2012-06-04,5110,Fuel,CENTEX,140.00,0.00,receipts,218031,BANKING_IMPORT
2012-06-04,1000,Cash / Clearing,CENTEX,0.00,140.00,receipts,218031,BANKING_IMPORT
2012-06-05,5860,Supplies - General Business,NAPKINS FOR CHAMPAGNE GLASES,411.60,0.00,receipts,142400,BANKING_IMPORT
2012-06-05,1000,Cash / Clearing,NAPKINS FOR CHAMPAGNE GLASES,0.00,411.60,receipts,142400,BANKING_IMPORT
2012-06-05,5110,Fuel,CENTEX,68.00,0.00,receipts,214321,99836
2012-06-05,1000,Cash / Clearing,CENTEX,0.00,68.00,receipts,214321,99836
2012-06-05,5116,BANKING,LIQUOR BARN,22.32,0.00,receipts,215501,
2012-06-05,1000,Cash / Clearing,LIQUOR BARN,0.00,22.32,receipts,215501,
2012-06-05,5116,"Client Amenities - Food, Coffee, Supplies",ICE,71.70,0.00,receipts,217073,
2012-06-05,1000,Cash / Clearing,ICE,0.00,71.70,receipts,217073,
2012-06-05,2910,BANKING,BUCK OR TWO,411.60,0.00,receipts,218032,BANKING_IMPORT
2012-06-05,1000,Cash / Clearing,BUCK OR TWO,0.00,411.60,receipts,218032,BANKING_IMPORT
2012-06-05,5110,Fuel,CENTEX,68.00,0.00,receipts,218033,BANKING_IMPORT
2012-06-05,1000,Cash / Clearing,CENTEX,0.00,68.00,receipts,218033,BANKING_IMPORT
2012-06-06,6100,BANKING,Staff Meeting,1213.38,0.00,receipts,142406,BANKING_IMPORT
2012-06-06,1000,Cash / Clearing,Staff Meeting,0.00,1213.38,receipts,142406,BANKING_IMPORT
2012-06-06,5120,Vehicle Maintenance & Repairs,CHOICE AUTO ELE,475.03,0.00,receipts,142407,BANKING_IMPORT
2012-06-06,1000,Cash / Clearing,CHOICE AUTO ELE,0.00,475.03,receipts,142407,BANKING_IMPORT
2012-06-06,5300,Administrative Expenses,CHQ 267 ANGEL ESCOBAR,2247.45,0.00,receipts,142427,BANKING_IMPORT
2012-06-06,1000,Cash / Clearing,CHQ 267 ANGEL ESCOBAR,0.00,2247.45,receipts,142427,BANKING_IMPORT
2012-06-06,5110,BANKING,CENTEX,23.00,0.00,receipts,216982,
2012-06-06,1000,Cash / Clearing,CENTEX,0.00,23.00,receipts,216982,
2012-06-06,2910,BANKING,CHQ 267 ANGEL ESCOBAR,2247.45,0.00,receipts,217715,BANKING_IMPORT
2012-06-06,1000,Cash / Clearing,CHQ 267 ANGEL ESCOBAR,0.00,2247.45,receipts,217715,BANKING_IMPORT
2012-06-06,2910,BANKING,CHQ 269 PAUL MANSELL,3244.25,0.00,receipts,217716,BANKING_IMPORT
2012-06-06,1000,Cash / Clearing,CHQ 269 PAUL MANSELL,0.00,3244.25,receipts,217716,BANKING_IMPORT
2012-06-06,2910,BANKING,CHQ 272 MIKE RICHARD,1701.33,0.00,receipts,217717,BANKING_IMPORT
2012-06-06,1000,Cash / Clearing,CHQ 272 MIKE RICHARD,0.00,1701.33,receipts,217717,BANKING_IMPORT
2012-06-06,5120,Vehicle Maintenance & Repairs,CHOICE AUTO ELECTRIC,475.03,0.00,receipts,218034,BANKING_IMPORT
2012-06-06,1000,Cash / Clearing,CHOICE AUTO ELECTRIC,0.00,475.03,receipts,218034,BANKING_IMPORT
2012-06-06,2910,BANKING,SMUGGLERS INN,1213.38,0.00,receipts,218035,BANKING_IMPORT
2012-06-06,1000,Cash / Clearing,SMUGGLERS INN,0.00,1213.38,receipts,218035,BANKING_IMPORT
2012-06-07,5860,Supplies - General Business,charger,41.98,0.00,receipts,142430,BANKING_IMPORT
2012-06-07,1000,Cash / Clearing,charger,0.00,41.98,receipts,142430,BANKING_IMPORT
2012-06-07,5110,BANKING,fuel,20.60,0.00,receipts,215311,
2012-06-07,1000,Cash / Clearing,fuel,0.00,20.60,receipts,215311,
2012-06-07,5116,BANKING,LIQUOR BARN,72.78,0.00,receipts,215502,
2012-06-07,1000,Cash / Clearing,LIQUOR BARN,0.00,72.78,receipts,215502,
2012-06-07,5120,Vehicle Maintenance & Repairs,CANADIAN TIRE,41.98,0.00,receipts,218036,BANKING_IMPORT
2012-06-07,1000,Cash / Clearing,CANADIAN TIRE,0.00,41.98,receipts,218036,BANKING_IMPORT
2012-06-08,5110,Fuel,CHQ 271 JEANNIE SHILLINGTON,3483.79,0.00,receipts,142439,BANKING_IMPORT
2012-06-08,1000,Cash / Clearing,CHQ 271 JEANNIE SHILLINGTON,0.00,3483.79,receipts,142439,BANKING_IMPORT
2012-06-08,5210,BANKING,CHQ 268 BARNEY FORSBERG,123.94,0.00,receipts,142441,BANKING_IMPORT
2012-06-08,1000,Cash / Clearing,CHQ 268 BARNEY FORSBERG,0.00,123.94,receipts,142441,BANKING_IMPORT
2012-06-08,5116,"Client Amenities - Food, Coffee, Supplies",LIQUOR BARN,178.67,0.00,receipts,214323,99847
2012-06-08,1000,Cash / Clearing,LIQUOR BARN,0.00,178.67,receipts,214323,99847
2012-06-08,5110,BANKING,CENTEX,60.00,0.00,receipts,215542,
2012-06-08,1000,Cash / Clearing,CENTEX,0.00,60.00,receipts,215542,
2012-06-08,5110,BANKING,CENTEX,60.00,0.00,receipts,215549,
2012-06-08,1000,Cash / Clearing,CENTEX,0.00,60.00,receipts,215549,
2012-06-08,5116,"Client Amenities - Food, Coffee, Supplies",LIQUOR BARN,76.93,0.00,receipts,215624,BANKING_IMPORT
2012-06-08,1000,Cash / Clearing,LIQUOR BARN,0.00,76.93,receipts,215624,BANKING_IMPORT
2012-06-08,5116,BANKING,LIQUOR DEPOT,61.32,0.00,receipts,215741,
2012-06-08,1000,Cash / Clearing,LIQUOR DEPOT,0.00,61.32,receipts,215741,
2012-06-08,5110,BANKING,L-2 71.07 62.40 lt,71.07,0.00,receipts,217440,BANKING_IMPORT
2012-06-08,1000,Cash / Clearing,L-2 71.07 62.40 lt,0.00,71.07,receipts,217440,BANKING_IMPORT
2012-06-08,5110,BANKING,L-9 44.24 38.85,44.24,0.00,receipts,217441,BANKING_IMPORT
2012-06-08,1000,Cash / Clearing,L-9 44.24 38.85,0.00,44.24,receipts,217441,BANKING_IMPORT
2012-06-08,2910,BANKING,CHQ 264 JESSE GORDON,198.79,0.00,receipts,217718,BANKING_IMPORT
2012-06-08,1000,Cash / Clearing,CHQ 264 JESSE GORDON,0.00,198.79,receipts,217718,BANKING_IMPORT
2012-06-08,2910,BANKING,CHQ 268 BARNEY FORSBERG,123.94,0.00,receipts,217719,BANKING_IMPORT
2012-06-08,1000,Cash / Clearing,CHQ 268 BARNEY FORSBERG,0.00,123.94,receipts,217719,BANKING_IMPORT
2012-06-08,2910,BANKING,CHQ 270 MARK LINTON,176.71,0.00,receipts,217720,BANKING_IMPORT
2012-06-08,1000,Cash / Clearing,CHQ 270 MARK LINTON,0.00,176.71,receipts,217720,BANKING_IMPORT
2012-06-08,5110,BANKING,SHELL,3483.79,0.00,receipts,218037,BANKING_IMPORT
2012-06-08,1000,Cash / Clearing,SHELL,0.00,3483.79,receipts,218037,BANKING_IMPORT
2012-06-08,5116,"Client Amenities - Food, Coffee, Supplies",Liquor Barn 67th St,76.93,0.00,receipts,218038,BANKING_IMPORT
2012-06-08,1000,Cash / Clearing,Liquor Barn 67th St,0.00,76.93,receipts,218038,BANKING_IMPORT
2012-06-08,5110,Fuel,CENTEX,115.31,0.00,receipts,218039,BANKING_IMPORT
2012-06-08,1000,Cash / Clearing,CENTEX,0.00,115.31,receipts,218039,BANKING_IMPORT
2012-06-08,5116,"Client Amenities - Food, Coffee, Supplies",LIQUOR BARN,178.67,0.00,receipts,218040,BANKING_IMPORT
2012-06-08,1000,Cash / Clearing,LIQUOR BARN,0.00,178.67,receipts,218040,BANKING_IMPORT
2012-06-08,5150,Vehicle Operating Leases,LFG BUSINESS PAD,202.27,0.00,receipts,218041,BANKING_IMPORT
2012-06-08,1000,Cash / Clearing,LFG BUSINESS PAD,0.00,202.27,receipts,218041,BANKING_IMPORT
2012-06-09,5110,BANKING,FAS GAS,142.64,0.00,receipts,214084,
2012-06-09,1000,Cash / Clearing,FAS GAS,0.00,142.64,receipts,214084,
2012-06-09,5120,BANKING,MR SUDS INC.,12.35,0.00,receipts,215119,
2012-06-09,1000,Cash / Clearing,MR SUDS INC.,0.00,12.35,receipts,215119,
2012-06-09,5120,BANKING,L9,9.50,0.00,receipts,215120,
2012-06-09,1000,Cash / Clearing,L9,0.00,9.50,receipts,215120,
2012-06-09,5116,BANKING,LIQUOR BARN,25.38,0.00,receipts,215503,
2012-06-09,1000,Cash / Clearing,LIQUOR BARN,0.00,25.38,receipts,215503,
2012-06-09,5110,BANKING,CENTEX,38.00,0.00,receipts,215538,
2012-06-09,1000,Cash / Clearing,CENTEX,0.00,38.00,receipts,215538,
2012-06-09,5110,BANKING,CENTEX,30.01,0.00,receipts,215539,
2012-06-09,1000,Cash / Clearing,CENTEX,0.00,30.01,receipts,215539,
2012-06-09,5116,BANKING,LIQUOR DEPOT,172.04,0.00,receipts,215752,
2012-06-09,1000,Cash / Clearing,LIQUOR DEPOT,0.00,172.04,receipts,215752,
2012-06-09,5116,BANKING,COOP LIQUOR,45.63,0.00,receipts,217026,
2012-06-09,1000,Cash / Clearing,COOP LIQUOR,0.00,45.63,receipts,217026,
2012-06-10,5120,BANKING,JUMBO,9.00,0.00,receipts,215151,
2012-06-10,1000,Cash / Clearing,JUMBO,0.00,9.00,receipts,215151,
2012-06-11,5430,Telephone & Internet,TELUS,2992.47,0.00,receipts,138618,BANKING_IMPORT
2012-06-11,1000,Cash / Clearing,TELUS,0.00,2992.47,receipts,138618,BANKING_IMPORT
2012-06-11,5540,Subscriptions & Memberships,CHQ 262 CFIB,460.00,0.00,receipts,142458,BANKING_IMPORT
2012-06-11,1000,Cash / Clearing,CHQ 262 CFIB,0.00,460.00,receipts,142458,BANKING_IMPORT
2012-06-11,5110,BANKING,CENTEX,41.00,0.00,receipts,215544,
2012-06-11,1000,Cash / Clearing,CENTEX,0.00,41.00,receipts,215544,
2012-06-11,5110,BANKING,CENTEX,53.51,0.00,receipts,215546,
2012-06-11,1000,Cash / Clearing,CENTEX,0.00,53.51,receipts,215546,
2012-06-11,2550,BANKING,REPLACEMENT WOODEN BAR TOP FROM TIFFANY COACH BUILDERS,82.62,0.00,receipts,217183,
2012-06-11,1000,Cash / Clearing,REPLACEMENT WOODEN BAR TOP FROM TIFFANY COACH BUILDERS,0.00,82.62,receipts,217183,
2012-06-11,2910,BANKING,CHQ 262 CFIB,460.00,0.00,receipts,217721,BANKING_IMPORT
2012-06-11,1000,Cash / Clearing,CHQ 262 CFIB,0.00,460.00,receipts,217721,BANKING_IMPORT
2012-06-11,2910,BANKING,MISC PAYMENT AMD# 932038z063 AMEX BANK,9.65,0.00,receipts,218042,BANKING_IMPORT
2012-06-11,1000,Cash / Clearing,MISC PAYMENT AMD# 932038z063 AMEX BANK,0.00,9.65,receipts,218042,BANKING_IMPORT
2012-06-11,5116,"Client Amenities - Food, Coffee, Supplies",LIQUOR BARN,76.93,0.00,receipts,218043,BANKING_IMPORT
2012-06-11,1000,Cash / Clearing,LIQUOR BARN,0.00,76.93,receipts,218043,BANKING_IMPORT
2012-06-12,5210,BANKING,CHQ 273 BARNEY FORSBERG,140.00,0.00,receipts,142474,BANKING_IMPORT
2012-06-12,1000,Cash / Clearing,CHQ 273 BARNEY FORSBERG,0.00,140.00,receipts,142474,BANKING_IMPORT
2012-06-12,2550,BANKING,Fuel L-14,135.00,0.00,receipts,173633,
2012-06-12,1000,Cash / Clearing,Fuel L-14,0.00,135.00,receipts,173633,
2012-06-12,5110,Fuel,CENTEX,61.05,0.00,receipts,214163,96857
2012-06-12,1000,Cash / Clearing,CENTEX,0.00,61.05,receipts,214163,96857
2012-06-12,5116,BANKING,LIQUOR BARN,101.96,0.00,receipts,215513,
2012-06-12,1000,Cash / Clearing,LIQUOR BARN,0.00,101.96,receipts,215513,
2012-06-12,5110,Fuel,FUEL,49.95,0.00,receipts,217290,
2012-06-12,1000,Cash / Clearing,FUEL,0.00,49.95,receipts,217290,
2012-06-12,5110,BANKING,CENTEX,34.00,0.00,receipts,217512,
2012-06-12,1000,Cash / Clearing,CENTEX,0.00,34.00,receipts,217512,
2012-06-12,2910,BANKING,CHQ 266 DOUG REDMOND,921.46,0.00,receipts,217722,BANKING_IMPORT
2012-06-12,1000,Cash / Clearing,CHQ 266 DOUG REDMOND,0.00,921.46,receipts,217722,BANKING_IMPORT
2012-06-12,2910,BANKING,CHQ 273 BARNEY FORSBERG,140.00,0.00,receipts,217723,BANKING_IMPORT
2012-06-12,1000,Cash / Clearing,CHQ 273 BARNEY FORSBERG,0.00,140.00,receipts,217723,BANKING_IMPORT
2012-06-13,5440,Rent & Utilities,CHQ 274 FIBRENEW,1050.00,0.00,receipts,142482,BANKING_IMPORT
2012-06-13,1000,Cash / Clearing,CHQ 274 FIBRENEW,0.00,1050.00,receipts,142482,BANKING_IMPORT
2012-06-13,5110,Fuel,ESSO,34.50,0.00,receipts,214326,99858
2012-06-13,1000,Cash / Clearing,ESSO,0.00,34.50,receipts,214326,99858
2012-06-13,5110,BANKING,ESSO,30.00,0.00,receipts,214928,
2012-06-13,1000,Cash / Clearing,ESSO,0.00,30.00,receipts,214928,
2012-06-13,2550,BANKING,MOHAWK,49.00,0.00,receipts,215039,
2012-06-13,1000,Cash / Clearing,MOHAWK,0.00,49.00,receipts,215039,
2012-06-13,2550,BANKING,MOHAWK,52.01,0.00,receipts,215043,
2012-06-13,1000,Cash / Clearing,MOHAWK,0.00,52.01,receipts,215043,
2012-06-13,2910,BANKING,CHQ 274 FIBRENEW,1050.00,0.00,receipts,217724,BANKING_IMPORT
2012-06-13,1000,Cash / Clearing,CHQ 274 FIBRENEW,0.00,1050.00,receipts,217724,BANKING_IMPORT
2012-06-13,5110,Fuel,ESSO,34.50,0.00,receipts,218044,BANKING_IMPORT
2012-06-13,1000,Cash / Clearing,ESSO,0.00,34.50,receipts,218044,BANKING_IMPORT
2012-06-14,5440,Rent & Utilities,ENMAX,709.55,0.00,receipts,142484,BANKING_IMPORT
2012-06-14,1000,Cash / Clearing,ENMAX,0.00,709.55,receipts,142484,BANKING_IMPORT
2012-06-14,5710,Bank Fees & Service Charges,BANK SERVICE FEE,3875.49,0.00,receipts,142485,BANKING_IMPORT
2012-06-14,1000,Cash / Clearing,BANK SERVICE FEE,0.00,3875.49,receipts,142485,BANKING_IMPORT
2012-06-14,2910,BANKING,DEBIT,3875.49,0.00,receipts,218045,BANKING_IMPORT
2012-06-14,1000,Cash / Clearing,DEBIT,0.00,3875.49,receipts,218045,BANKING_IMPORT
2012-06-14,2910,BANKING,ENMAX,709.55,0.00,receipts,218046,BANKING_IMPORT
2012-06-14,1000,Cash / Clearing,ENMAX,0.00,709.55,receipts,218046,BANKING_IMPORT
2012-06-15,5130,BANKING,CHQ 275 TREDD MAYFAIR,748.00,0.00,receipts,142496,BANKING_IMPORT
2012-06-15,1000,Cash / Clearing,CHQ 275 TREDD MAYFAIR,0.00,748.00,receipts,142496,BANKING_IMPORT
2012-06-15,1015,Petty Cash,PETTY CASH FUNDING,300.00,0.00,receipts,170114,BANKING_IMPORT
2012-06-15,1000,Cash / Clearing,PETTY CASH FUNDING,0.00,300.00,receipts,170114,BANKING_IMPORT
2012-06-15,5116,"Client Amenities - Food, Coffee, Supplies",LIQUOR BARN,48.68,0.00,receipts,214327,99860
2012-06-15,1000,Cash / Clearing,LIQUOR BARN,0.00,48.68,receipts,214327,99860
2012-06-15,5116,"Client Amenities - Food, Coffee, Supplies",LIQUOR BARN,64.19,0.00,receipts,214328,99861
2012-06-15,1000,Cash / Clearing,LIQUOR BARN,0.00,64.19,receipts,214328,99861
2012-06-15,5116,"Client Amenities - Food, Coffee, Supplies",LIQUOR BARN,73.99,0.00,receipts,214329,99862
2012-06-15,1000,Cash / Clearing,LIQUOR BARN,0.00,73.99,receipts,214329,99862
2012-06-15,5116,"Client Amenities - Food, Coffee, Supplies",LIQUOR BARN,45.74,0.00,receipts,214330,99863
2012-06-15,1000,Cash / Clearing,LIQUOR BARN,0.00,45.74,receipts,214330,99863
2012-06-15,5116,"Client Amenities - Food, Coffee, Supplies",ice,20.04,0.00,receipts,214331,99864
2012-06-15,1000,Cash / Clearing,ice,0.00,20.04,receipts,214331,99864
2012-06-15,5110,BANKING,fuel,34.00,0.00,receipts,215314,
2012-06-15,1000,Cash / Clearing,fuel,0.00,34.00,receipts,215314,
2012-06-15,5110,BANKING,fuel,75.00,0.00,receipts,215315,
2012-06-15,1000,Cash / Clearing,fuel,0.00,75.00,receipts,215315,
2012-06-15,5116,BANKING,COOP LIQUOR,168.10,0.00,receipts,215696,
2012-06-15,1000,Cash / Clearing,COOP LIQUOR,0.00,168.10,receipts,215696,
2012-06-15,5116,BANKING,LIQUOR DEPOT,6.39,0.00,receipts,215746,
2012-06-15,1000,Cash / Clearing,LIQUOR DEPOT,0.00,6.39,receipts,215746,
2012-06-15,5715,NSF Fees,NSF Fee,45.00,0.00,receipts,215971,BANKING_IMPORT
2012-06-15,1000,Cash / Clearing,NSF Fee,0.00,45.00,receipts,215971,BANKING_IMPORT
2012-06-15,5715,BANKING,NSF Fee,45.00,0.00,receipts,216901,BANKING_IMPORT
2012-06-15,1000,Cash / Clearing,NSF Fee,0.00,45.00,receipts,216901,BANKING_IMPORT
2012-06-15,5116,BANKING,COOP LIQUOR,5.88,0.00,receipts,217021,
2012-06-15,1000,Cash / Clearing,COOP LIQUOR,0.00,5.88,receipts,217021,
2012-06-15,5116,BANKING,COOP LIQUOR,57.67,0.00,receipts,217029,
2012-06-15,1000,Cash / Clearing,COOP LIQUOR,0.00,57.67,receipts,217029,
2012-06-15,5116,BANKING,COOP LIQUOR,66.74,0.00,receipts,217030,
2012-06-15,1000,Cash / Clearing,COOP LIQUOR,0.00,66.74,receipts,217030,
2012-06-15,2910,BANKING,CHECK 275 TREDD MAYFAIR,748.00,0.00,receipts,218047,BANKING_IMPORT
2012-06-15,1000,Cash / Clearing,CHECK 275 TREDD MAYFAIR,0.00,748.00,receipts,218047,BANKING_IMPORT
2012-06-15,5150,Vehicle Lease Payments,JACK CARTER,1885.65,0.00,receipts,218048,BANKING_IMPORT
2012-06-15,1000,Cash / Clearing,JACK CARTER,0.00,1885.65,receipts,218048,BANKING_IMPORT
2012-06-16,5110,BANKING,fuel,40.01,0.00,receipts,215316,
2012-06-16,1000,Cash / Clearing,fuel,0.00,40.01,receipts,215316,
2012-06-16,5110,BANKING,fuel,18.00,0.00,receipts,215317,
2012-06-16,1000,Cash / Clearing,fuel,0.00,18.00,receipts,215317,
2012-06-16,5110,BANKING,fuel,49.00,0.00,receipts,215318,
2012-06-16,1000,Cash / Clearing,fuel,0.00,49.00,receipts,215318,
2012-06-16,5110,BANKING,fuel,10.58,0.00,receipts,215319,
2012-06-16,1000,Cash / Clearing,fuel,0.00,10.58,receipts,215319,
2012-06-16,2550,BANKING,LIQUOR BARN,6.36,0.00,receipts,215325,69662
2012-06-16,1000,Cash / Clearing,LIQUOR BARN,0.00,6.36,receipts,215325,69662
2012-06-16,5116,BANKING,LIQUOR BARN,69.58,0.00,receipts,215359,
2012-06-16,1000,Cash / Clearing,LIQUOR BARN,0.00,69.58,receipts,215359,
2012-06-16,5116,BANKING,LIQUOR BARN,45.19,0.00,receipts,215368,
2012-06-16,1000,Cash / Clearing,LIQUOR BARN,0.00,45.19,receipts,215368,
2012-06-16,5116,BANKING,LIQUOR BARN,33.17,0.00,receipts,215372,
2012-06-16,1000,Cash / Clearing,LIQUOR BARN,0.00,33.17,receipts,215372,
2012-06-16,5116,BANKING,LIQUOR BARN,70.65,0.00,receipts,215374,
2012-06-16,1000,Cash / Clearing,LIQUOR BARN,0.00,70.65,receipts,215374,
2012-06-16,5116,BANKING,LIQUOR DEPOT,82.17,0.00,receipts,215747,
2012-06-16,1000,Cash / Clearing,LIQUOR DEPOT,0.00,82.17,receipts,215747,
2012-06-16,6400,BANKING,ELECTRONICS,42.49,0.00,receipts,217058,
2012-06-16,1000,Cash / Clearing,ELECTRONICS,0.00,42.49,receipts,217058,
2012-06-16,5116,"Client Amenities - Food, Coffee, Supplies",ICE,3.09,0.00,receipts,217288,
2012-06-16,1000,Cash / Clearing,ICE,0.00,3.09,receipts,217288,
2012-06-16,5116,"Client Amenities - Food, Coffee, Supplies",ice,6.18,0.00,receipts,217394,
2012-06-16,1000,Cash / Clearing,ice,0.00,6.18,receipts,217394,
2012-06-16,2550,BANKING,CENTEX,25.00,0.00,receipts,217431,
2012-06-16,1000,Cash / Clearing,CENTEX,0.00,25.00,receipts,217431,
2012-06-17,5110,BANKING,fuel,41.00,0.00,receipts,215320,
2012-06-17,1000,Cash / Clearing,fuel,0.00,41.00,receipts,215320,
2012-06-17,5110,BANKING,fuel,50.00,0.00,receipts,215322,
2012-06-17,1000,Cash / Clearing,fuel,0.00,50.00,receipts,215322,
2012-06-17,5110,BANKING,fuel,26.00,0.00,receipts,215324,
2012-06-17,1000,Cash / Clearing,fuel,0.00,26.00,receipts,215324,
2012-06-17,5116,BANKING,PLAZA LIQUOR TOWN,32.77,0.00,receipts,215654,
2012-06-17,1000,Cash / Clearing,PLAZA LIQUOR TOWN,0.00,32.77,receipts,215654,
2012-06-17,5116,BANKING,RED ANGEL LIQUOR STORE,19.98,0.00,receipts,215685,
2012-06-17,1000,Cash / Clearing,RED ANGEL LIQUOR STORE,0.00,19.98,receipts,215685,
2012-06-17,2550,BANKING,tape measure,15.95,0.00,receipts,216969,
2012-06-17,1000,Cash / Clearing,tape measure,0.00,15.95,receipts,216969,
2012-06-17,5116,BANKING,ICE TEA,8.99,0.00,receipts,217122,
2012-06-17,1000,Cash / Clearing,ICE TEA,0.00,8.99,receipts,217122,
2012-06-17,5116,BANKING,REAL CANADIAN WHOLESALE CLUB,20.74,0.00,receipts,217123,
2012-06-17,1000,Cash / Clearing,REAL CANADIAN WHOLESALE CLUB,0.00,20.74,receipts,217123,
2012-06-17,5116,BANKING,CUST SUIT RIPPED REPLACEMENT SUIT,149.99,0.00,receipts,217249,
2012-06-17,1000,Cash / Clearing,CUST SUIT RIPPED REPLACEMENT SUIT,0.00,149.99,receipts,217249,
2012-06-18,6900,BANKING,ARROW LIMOUSINE,1.00,0.00,receipts,142507,BANKING_IMPORT
2012-06-18,1000,Cash / Clearing,ARROW LIMOUSINE,0.00,1.00,receipts,142507,BANKING_IMPORT
2012-06-18,5130,Insurance,OPTIMUM INSURANCE,91.86,0.00,receipts,142509,BANKING_IMPORT
2012-06-18,1000,Cash / Clearing,OPTIMUM INSURANCE,0.00,91.86,receipts,142509,BANKING_IMPORT
2012-06-18,1200,Fixed Assets,RETURNED PURCHASE TEST,1.00,0.00,receipts,145449,BANKING_IMPORT
2012-06-18,1000,Cash / Clearing,RETURNED PURCHASE TEST,0.00,1.00,receipts,145449,BANKING_IMPORT
2012-06-18,6400,BANKING,KEYBOARD/MOUSE,52.45,0.00,receipts,217045,
2012-06-18,1000,Cash / Clearing,KEYBOARD/MOUSE,0.00,52.45,receipts,217045,
2012-06-18,2910,BANKING,CHQ 265 JESSE GORDON,377.99,0.00,receipts,217725,BANKING_IMPORT
2012-06-18,1000,Cash / Clearing,CHQ 265 JESSE GORDON,0.00,377.99,receipts,217725,BANKING_IMPORT
2012-06-18,5300,Insurance,OPTIMUM WEST INSURANCE COMPANY,91.86,0.00,receipts,218049,BANKING_IMPORT
2012-06-18,1000,Cash / Clearing,OPTIMUM WEST INSURANCE COMPANY,0.00,91.86,receipts,218049,BANKING_IMPORT
2012-06-18,2910,BANKING,PURCHASE TEST,1.00,0.00,receipts,218050,BANKING_IMPORT
2012-06-18,1000,Cash / Clearing,PURCHASE TEST,0.00,1.00,receipts,218050,BANKING_IMPORT
2012-06-18,2910,BANKING,American Express Payment,1061.50,0.00,receipts,218051,BANKING_IMPORT
2012-06-18,1000,Cash / Clearing,American Express Payment,0.00,1061.50,receipts,218051,BANKING_IMPORT
2012-06-19,5120,BANKING,light bulbs,12.59,0.00,receipts,214851,
2012-06-19,1000,Cash / Clearing,light bulbs,0.00,12.59,receipts,214851,
2012-06-19,5110,BANKING,ESSO,20.02,0.00,receipts,214890,
2012-06-19,1000,Cash / Clearing,ESSO,0.00,20.02,receipts,214890,
2012-06-19,5120,BANKING,L8,50.00,0.00,receipts,215148,
2012-06-19,1000,Cash / Clearing,L8,0.00,50.00,receipts,215148,
2012-06-19,5116,BANKING,LIQUOR BARN,141.81,0.00,receipts,215375,
2012-06-19,1000,Cash / Clearing,LIQUOR BARN,0.00,141.81,receipts,215375,
2012-06-19,5116,BANKING,LIQUORSTORE,41.49,0.00,receipts,215714,
2012-06-19,1000,Cash / Clearing,LIQUORSTORE,0.00,41.49,receipts,215714,
2012-06-19,5110,BANKING,CENTEX,86.00,0.00,receipts,216964,
2012-06-19,1000,Cash / Clearing,CENTEX,0.00,86.00,receipts,216964,
2012-06-19,2550,BANKING,first aid kit resupply,76.64,0.00,receipts,216971,
2012-06-19,1000,Cash / Clearing,first aid kit resupply,0.00,76.64,receipts,216971,
2012-06-19,5420,BANKING,FASTENERS,4.19,0.00,receipts,217017,
2012-06-19,1000,Cash / Clearing,FASTENERS,0.00,4.19,receipts,217017,
2012-06-19,5116,BANKING,apple juice,54.14,0.00,receipts,217135,
2012-06-19,1000,Cash / Clearing,apple juice,0.00,54.14,receipts,217135,
2012-06-19,5150,Vehicle Operating Leases,CHQ 226 HEFFNER AUTO,2525.25,0.00,receipts,217311,BANKING_IMPORT
2012-06-19,1000,Cash / Clearing,CHQ 226 HEFFNER AUTO,0.00,2525.25,receipts,217311,BANKING_IMPORT
2012-06-19,2910,BANKING,CHQ 226 HEFFNER AUTO,2525.25,0.00,receipts,217726,BANKING_IMPORT
2012-06-19,1000,Cash / Clearing,CHQ 226 HEFFNER AUTO,0.00,2525.25,receipts,217726,BANKING_IMPORT
2012-06-20,5110,Fuel,MOHAWK,57.03,0.00,receipts,142528,BANKING_IMPORT
2012-06-20,1000,Cash / Clearing,MOHAWK,0.00,57.03,receipts,142528,BANKING_IMPORT
2012-06-20,5110,BANKING,FLYING J,500.00,0.00,receipts,214076,
2012-06-20,1000,Cash / Clearing,FLYING J,0.00,500.00,receipts,214076,
2012-06-20,5120,BANKING,DECK PLATES,9.96,0.00,receipts,215002,
2012-06-20,1000,Cash / Clearing,DECK PLATES,0.00,9.96,receipts,215002,
2012-06-20,5120,BANKING,L9,50.00,0.00,receipts,215152,
2012-06-20,1000,Cash / Clearing,L9,0.00,50.00,receipts,215152,
2012-06-20,5120,BANKING,L9,31.75,0.00,receipts,215154,
2012-06-20,1000,Cash / Clearing,L9,0.00,31.75,receipts,215154,
2012-06-20,5425,BANKING,MOUSE TRAPS,20.15,0.00,receipts,215761,
2012-06-20,1000,Cash / Clearing,MOUSE TRAPS,0.00,20.15,receipts,215761,
2012-06-20,5420,BANKING,COLORED NAPKINS,21.00,0.00,receipts,215771,
2012-06-20,1000,Cash / Clearing,COLORED NAPKINS,0.00,21.00,receipts,215771,
2012-06-20,2550,BANKING,floor mats,15.66,0.00,receipts,216965,
2012-06-20,1000,Cash / Clearing,floor mats,0.00,15.66,receipts,216965,
2012-06-20,5116,BANKING,NON ALCOHOLIC BEVERAGES,58.96,0.00,receipts,217037,
2012-06-20,1000,Cash / Clearing,NON ALCOHOLIC BEVERAGES,0.00,58.96,receipts,217037,
2012-06-20,6400,BANKING,ELECTRONICS,89.21,0.00,receipts,217060,
2012-06-20,1000,Cash / Clearing,ELECTRONICS,0.00,89.21,receipts,217060,
2012-06-20,5420,BANKING,BLACK UMBRELLAS FOR LIMOS,78.72,0.00,receipts,217247,
2012-06-20,1000,Cash / Clearing,BLACK UMBRELLAS FOR LIMOS,0.00,78.72,receipts,217247,
2012-06-20,5150,Vehicle Operating Leases,CHQ 220 HEFFNER AUTO,1475.25,0.00,receipts,217312,BANKING_IMPORT
2012-06-20,1000,Cash / Clearing,CHQ 220 HEFFNER AUTO,0.00,1475.25,receipts,217312,BANKING_IMPORT
2012-06-20,5150,Vehicle Operating Leases,CHQ 233 HEFFNER AUTO,1900.50,0.00,receipts,217313,BANKING_IMPORT
2012-06-20,1000,Cash / Clearing,CHQ 233 HEFFNER AUTO,0.00,1900.50,receipts,217313,BANKING_IMPORT
2012-06-20,5710,BANKING,OVERLIMIT FEE,29.00,0.00,receipts,217344,
2012-06-20,1000,Cash / Clearing,OVERLIMIT FEE,0.00,29.00,receipts,217344,
2012-06-20,5710,BANKING,INTEREST FEE,75.70,0.00,receipts,217345,
2012-06-20,1000,Cash / Clearing,INTEREST FEE,0.00,75.70,receipts,217345,
2012-06-20,5320,BANKING,WENDY'S,9.11,0.00,receipts,217506,
2012-06-20,1000,Cash / Clearing,WENDY'S,0.00,9.11,receipts,217506,
2012-06-20,2910,BANKING,CHQ 220 HEFFNER AUTO,1475.25,0.00,receipts,217727,BANKING_IMPORT
2012-06-20,1000,Cash / Clearing,CHQ 220 HEFFNER AUTO,0.00,1475.25,receipts,217727,BANKING_IMPORT
2012-06-20,2910,BANKING,CHQ 233 HEFFNER AUTO,1900.50,0.00,receipts,217728,BANKING_IMPORT
2012-06-20,1000,Cash / Clearing,CHQ 233 HEFFNER AUTO,0.00,1900.50,receipts,217728,BANKING_IMPORT
2012-06-20,5110,Fuel,MOHAWK,57.03,0.00,receipts,218052,BANKING_IMPORT
2012-06-20,1000,Cash / Clearing,MOHAWK,0.00,57.03,receipts,218052,BANKING_IMPORT
2012-06-21,5710,Bank Fees & Service Charges,SERVICE CHARGE,7.50,0.00,receipts,140361,BANKING_IMPORT
2012-06-21,1000,Cash / Clearing,SERVICE CHARGE,0.00,7.50,receipts,140361,BANKING_IMPORT
2012-06-21,6900,BANKING,MONEY ORDER,750.00,0.00,receipts,140362,BANKING_IMPORT
2012-06-21,1000,Cash / Clearing,MONEY ORDER,0.00,750.00,receipts,140362,BANKING_IMPORT
2012-06-21,5110,BANKING,fuel,85.01,0.00,receipts,215330,
2012-06-21,1000,Cash / Clearing,fuel,0.00,85.01,receipts,215330,
2012-06-21,5110,BANKING,fuel,34.36,0.00,receipts,215331,
2012-06-21,1000,Cash / Clearing,fuel,0.00,34.36,receipts,215331,
2012-06-21,5110,BANKING,CENTEX,23.40,0.00,receipts,215332,
2012-06-21,1000,Cash / Clearing,CENTEX,0.00,23.40,receipts,215332,
2012-06-21,5110,BANKING,fuel,30.00,0.00,receipts,215333,
2012-06-21,1000,Cash / Clearing,fuel,0.00,30.00,receipts,215333,
2012-06-21,5116,BANKING,LIQUOR BARN,9.63,0.00,receipts,215376,
2012-06-21,1000,Cash / Clearing,LIQUOR BARN,0.00,9.63,receipts,215376,
2012-06-21,5116,"Client Amenities - Food, Coffee, Supplies",ice,3.09,0.00,receipts,217393,
2012-06-21,1000,Cash / Clearing,ice,0.00,3.09,receipts,217393,
2012-06-22,5110,Fuel,CENTEX,66.01,0.00,receipts,140365,BANKING_IMPORT
2012-06-22,1000,Cash / Clearing,CENTEX,0.00,66.01,receipts,140365,BANKING_IMPORT
2012-06-22,5110,Fuel,MOHAWK,41.00,0.00,receipts,140367,BANKING_IMPORT
2012-06-22,1000,Cash / Clearing,MOHAWK,0.00,41.00,receipts,140367,BANKING_IMPORT
2012-06-22,5250,WCB Premiums,overdue charge,11.51,0.00,receipts,145299,18512376
2012-06-22,1000,Cash / Clearing,overdue charge,0.00,11.51,receipts,145299,18512376
2012-06-22,6900,BANKING,Debit Card Deposit,175.00,0.00,receipts,170124,BANKING_IMPORT
2012-06-22,1000,Cash / Clearing,Debit Card Deposit,0.00,175.00,receipts,170124,BANKING_IMPORT
2012-06-22,6000,BANKING,ATM Withdrawal,400.00,0.00,receipts,170128,BANKING_IMPORT
2012-06-22,1000,Cash / Clearing,ATM Withdrawal,0.00,400.00,receipts,170128,BANKING_IMPORT
2012-06-22,5110,BANKING,FAS GAS,56.05,0.00,receipts,173643,
2012-06-22,1000,Cash / Clearing,FAS GAS,0.00,56.05,receipts,173643,
2012-06-22,5110,BANKING,FAS GAS,164.93,0.00,receipts,214054,
2012-06-22,1000,Cash / Clearing,FAS GAS,0.00,164.93,receipts,214054,
2012-06-22,5120,BANKING,JUMBO,50.00,0.00,receipts,215153,
2012-06-22,1000,Cash / Clearing,JUMBO,0.00,50.00,receipts,215153,
2012-06-22,5110,BANKING,fuel,57.00,0.00,receipts,215326,
2012-06-22,1000,Cash / Clearing,fuel,0.00,57.00,receipts,215326,
2012-06-22,5116,"Client Amenities - Food, Coffee, Supplies",LIQUOR BARN,60.08,0.00,receipts,215625,BANKING_IMPORT
2012-06-22,1000,Cash / Clearing,LIQUOR BARN,0.00,60.08,receipts,215625,BANKING_IMPORT
2012-06-22,5116,"Client Amenities - Food, Coffee, Supplies",LIQUOR BARN,250.50,0.00,receipts,215626,BANKING_IMPORT
2012-06-22,1000,Cash / Clearing,LIQUOR BARN,0.00,250.50,receipts,215626,BANKING_IMPORT
2012-06-22,5116,"Client Amenities - Food, Coffee, Supplies",LIQUOR BARN,111.59,0.00,receipts,215627,BANKING_IMPORT
2012-06-22,1000,Cash / Clearing,LIQUOR BARN,0.00,111.59,receipts,215627,BANKING_IMPORT
2012-06-22,5116,BANKING,LIQUOR DEPOT,150.59,0.00,receipts,215748,
2012-06-22,1000,Cash / Clearing,LIQUOR DEPOT,0.00,150.59,receipts,215748,
2012-06-22,1015,Petty Cash,PETTY CASH FUNDING,300.00,0.00,receipts,217661,BANKING_IMPORT
2012-06-22,1000,Cash / Clearing,PETTY CASH FUNDING,0.00,300.00,receipts,217661,BANKING_IMPORT
2012-06-22,5116,"Client Amenities - Food, Coffee, Supplies",Liquor Barn 67th St,250.50,0.00,receipts,218053,BANKING_IMPORT
2012-06-22,1000,Cash / Clearing,Liquor Barn 67th St,0.00,250.50,receipts,218053,BANKING_IMPORT
2012-06-22,5116,"Client Amenities - Food, Coffee, Supplies",Liquor Barn 67th St,111.59,0.00,receipts,218054,BANKING_IMPORT
2012-06-22,1000,Cash / Clearing,Liquor Barn 67th St,0.00,111.59,receipts,218054,BANKING_IMPORT
2012-06-22,5116,"Client Amenities - Food, Coffee, Supplies",Liquor Barn 67th St,60.08,0.00,receipts,218055,BANKING_IMPORT
2012-06-22,1000,Cash / Clearing,Liquor Barn 67th St,0.00,60.08,receipts,218055,BANKING_IMPORT
2012-06-22,2910,BANKING,RUN'N ON EMPTY,56.05,0.00,receipts,218056,BANKING_IMPORT
2012-06-22,1000,Cash / Clearing,RUN'N ON EMPTY,0.00,56.05,receipts,218056,BANKING_IMPORT
2012-06-23,2550,BANKING,Fuel L-14,20.01,0.00,receipts,173634,
2012-06-23,1000,Cash / Clearing,Fuel L-14,0.00,20.01,receipts,173634,
2012-06-23,5120,BANKING,SUPER CLEAN,13.10,0.00,receipts,215176,
2012-06-23,1000,Cash / Clearing,SUPER CLEAN,0.00,13.10,receipts,215176,
2012-06-23,5110,BANKING,SHELL,75.00,0.00,receipts,215202,
2012-06-23,1000,Cash / Clearing,SHELL,0.00,75.00,receipts,215202,
2012-06-23,5110,BANKING,fuel,48.71,0.00,receipts,215328,
2012-06-23,1000,Cash / Clearing,fuel,0.00,48.71,receipts,215328,
2012-06-23,5110,BANKING,fuel,25.01,0.00,receipts,215341,
2012-06-23,1000,Cash / Clearing,fuel,0.00,25.01,receipts,215341,
2012-06-23,5116,BANKING,LIQUOR BARN,28.47,0.00,receipts,215377,
2012-06-23,1000,Cash / Clearing,LIQUOR BARN,0.00,28.47,receipts,215377,
2012-06-23,5110,BANKING,CENTEX,37.01,0.00,receipts,215599,
2012-06-23,1000,Cash / Clearing,CENTEX,0.00,37.01,receipts,215599,
2012-06-23,5116,BANKING,REAL CANADIAN WHOLESALE CLUB,11.61,0.00,receipts,217119,
2012-06-23,1000,Cash / Clearing,REAL CANADIAN WHOLESALE CLUB,0.00,11.61,receipts,217119,
2012-06-23,2550,BANKING,FIRST AID SUPPLIES,20.42,0.00,receipts,217243,
2012-06-23,1000,Cash / Clearing,FIRST AID SUPPLIES,0.00,20.42,receipts,217243,
2012-06-24,2550,BANKING,Fuel L-9,72.01,0.00,receipts,173627,
2012-06-24,1000,Cash / Clearing,Fuel L-9,0.00,72.01,receipts,173627,
2012-06-24,5110,BANKING,FLYING J,100.00,0.00,receipts,214067,
2012-06-24,1000,Cash / Clearing,FLYING J,0.00,100.00,receipts,214067,
2012-06-24,5110,BANKING,fuel,40.00,0.00,receipts,215307,
2012-06-24,1000,Cash / Clearing,fuel,0.00,40.00,receipts,215307,
2012-06-25,5110,Fuel,CENTEX,328.12,0.00,receipts,140373,BANKING_IMPORT
2012-06-25,1000,Cash / Clearing,CENTEX,0.00,328.12,receipts,140373,BANKING_IMPORT
2012-06-25,5116,"Client Amenities - Food, Coffee, Supplies",PLENTY OF LIQUOR,20.42,0.00,receipts,140375,BANKING_IMPORT
2012-06-25,1000,Cash / Clearing,PLENTY OF LIQUOR,0.00,20.42,receipts,140375,BANKING_IMPORT
2012-06-25,5116,"Client Amenities - Food, Coffee, Supplies",LIQUOR BARN,25.89,0.00,receipts,140376,BANKING_IMPORT
2012-06-25,1000,Cash / Clearing,LIQUOR BARN,0.00,25.89,receipts,140376,BANKING_IMPORT
2012-06-25,5110,Fuel,CENTEX,56.50,0.00,receipts,140377,BANKING_IMPORT
2012-06-25,1000,Cash / Clearing,CENTEX,0.00,56.50,receipts,140377,BANKING_IMPORT
2012-06-25,5420,Office Supplies,CAR CHARGER,38.84,0.00,receipts,140379,BANKING_IMPORT
2012-06-25,1000,Cash / Clearing,CAR CHARGER,0.00,38.84,receipts,140379,BANKING_IMPORT
2012-06-25,6100,BANKING,TIM HORTONS,4.82,0.00,receipts,142552,BANKING_IMPORT
2012-06-25,1000,Cash / Clearing,TIM HORTONS,0.00,4.82,receipts,142552,BANKING_IMPORT
2012-06-25,5130,Insurance,IFS FINANCIAL,1654.94,0.00,receipts,142555,BANKING_IMPORT
2012-06-25,1000,Cash / Clearing,IFS FINANCIAL,0.00,1654.94,receipts,142555,BANKING_IMPORT
2012-06-25,5130,Insurance,JEVCO INSURANCE,268.92,0.00,receipts,142557,BANKING_IMPORT
2012-06-25,1000,Cash / Clearing,JEVCO INSURANCE,0.00,268.92,receipts,142557,BANKING_IMPORT
2012-06-25,5116,"Client Amenities - Food, Coffee, Supplies",LIQUOR BARN,38.65,0.00,receipts,214334,99884
2012-06-25,1000,Cash / Clearing,LIQUOR BARN,0.00,38.65,receipts,214334,99884
2012-06-25,5116,"Client Amenities - Food, Coffee, Supplies",LIQUOR BARN,145.60,0.00,receipts,214335,99885
2012-06-25,1000,Cash / Clearing,LIQUOR BARN,0.00,145.60,receipts,214335,99885
2012-06-25,5110,BANKING,fuel,27.00,0.00,receipts,215050,BANKING_IMPORT
2012-06-25,1000,Cash / Clearing,fuel,0.00,27.00,receipts,215050,BANKING_IMPORT
2012-06-25,5116,BANKING,beverages,7.10,0.00,receipts,215051,BANKING_IMPORT
2012-06-25,1000,Cash / Clearing,beverages,0.00,7.10,receipts,215051,BANKING_IMPORT
2012-06-25,5110,BANKING,fuel,40.00,0.00,receipts,215342,
2012-06-25,1000,Cash / Clearing,fuel,0.00,40.00,receipts,215342,
2012-06-25,5715,NSF Fees,NSF Fee,45.00,0.00,receipts,215972,BANKING_IMPORT
2012-06-25,1000,Cash / Clearing,NSF Fee,0.00,45.00,receipts,215972,BANKING_IMPORT
2012-06-25,5715,BANKING,NSF Fee,45.00,0.00,receipts,216902,BANKING_IMPORT
2012-06-25,1000,Cash / Clearing,NSF Fee,0.00,45.00,receipts,216902,BANKING_IMPORT
2012-06-25,2550,BANKING,MOBILE RADIOS RENTAL,63.00,0.00,receipts,217185,
2012-06-25,1000,Cash / Clearing,MOBILE RADIOS RENTAL,0.00,63.00,receipts,217185,
2012-06-25,2550,BANKING,WINDOW,65.00,0.00,receipts,217186,
2012-06-25,1000,Cash / Clearing,WINDOW,0.00,65.00,receipts,217186,
2012-06-25,5320,BANKING,MONGOLIE GRILL,51.42,0.00,receipts,217504,
2012-06-25,1000,Cash / Clearing,MONGOLIE GRILL,0.00,51.42,receipts,217504,
2012-06-25,5110,Fuel,MOHAWK,34.10,0.00,receipts,218057,BANKING_IMPORT
2012-06-25,1000,Cash / Clearing,MOHAWK,0.00,34.10,receipts,218057,BANKING_IMPORT
2012-06-25,5130,Insurance,IFS PREMIUM FINANCING,1654.94,0.00,receipts,218058,BANKING_IMPORT
2012-06-25,1000,Cash / Clearing,IFS PREMIUM FINANCING,0.00,1654.94,receipts,218058,BANKING_IMPORT
2012-06-25,5300,Insurance,JEVCO INSURANCE,268.92,0.00,receipts,218059,BANKING_IMPORT
2012-06-25,1000,Cash / Clearing,JEVCO INSURANCE,0.00,268.92,receipts,218059,BANKING_IMPORT
2012-06-25,2910,BANKING,TIM HORTONS,4.82,0.00,receipts,218060,BANKING_IMPORT
2012-06-25,1000,Cash / Clearing,TIM HORTONS,0.00,4.82,receipts,218060,BANKING_IMPORT
2012-06-25,5130,Insurance,IFS Premium Finance,108244.70,0.00,receipts,218061,BANKING_IMPORT
2012-06-25,1000,Cash / Clearing,IFS Premium Finance,0.00,108244.70,receipts,218061,BANKING_IMPORT
2012-06-25,5116,"Client Amenities - Food, Coffee, Supplies",LIQUOR BARN,111.59,0.00,receipts,218062,BANKING_IMPORT
2012-06-25,1000,Cash / Clearing,LIQUOR BARN,0.00,111.59,receipts,218062,BANKING_IMPORT
2012-06-25,5116,"Client Amenities - Food, Coffee, Supplies",LIQUOR BARN,250.50,0.00,receipts,218063,BANKING_IMPORT
2012-06-25,1000,Cash / Clearing,LIQUOR BARN,0.00,250.50,receipts,218063,BANKING_IMPORT
2012-06-25,5116,"Client Amenities - Food, Coffee, Supplies",LIQUOR BARN,60.08,0.00,receipts,218064,BANKING_IMPORT
2012-06-25,1000,Cash / Clearing,LIQUOR BARN,0.00,60.08,receipts,218064,BANKING_IMPORT
2012-06-25,5300,Insurance,COOP INSURANCE CSI,105.15,0.00,receipts,218065,BANKING_IMPORT
2012-06-25,1000,Cash / Clearing,COOP INSURANCE CSI,0.00,105.15,receipts,218065,BANKING_IMPORT
2012-06-26,5860,Supplies - General Business,Napking charter classes,75.60,0.00,receipts,142569,BANKING_IMPORT
2012-06-26,1000,Cash / Clearing,Napking charter classes,0.00,75.60,receipts,142569,BANKING_IMPORT
2012-06-26,5430,Telephone & Internet,TELUS,1525.42,0.00,receipts,142570,BANKING_IMPORT
2012-06-26,1000,Cash / Clearing,TELUS,0.00,1525.42,receipts,142570,BANKING_IMPORT
2012-06-26,5710,Bank Fees & Service Charges,VCARD PAYMENT,863.47,0.00,receipts,150568,BANKING_IMPORT
2012-06-26,1000,Cash / Clearing,VCARD PAYMENT,0.00,863.47,receipts,150568,BANKING_IMPORT
2012-06-26,5430,Telephone & Internet,TELUS,446.18,0.00,receipts,214175,96910
2012-06-26,1000,Cash / Clearing,TELUS,0.00,446.18,receipts,214175,96910
2012-06-26,5120,BANKING,L6,10.45,0.00,receipts,215096,
2012-06-26,1000,Cash / Clearing,L6,0.00,10.45,receipts,215096,
2012-06-26,2910,BANKING,BUCK OR TWO,1525.42,0.00,receipts,218066,BANKING_IMPORT
2012-06-26,1000,Cash / Clearing,BUCK OR TWO,0.00,1525.42,receipts,218066,BANKING_IMPORT
2012-06-26,2910,BANKING,MGM FORD,75.60,0.00,receipts,218067,BANKING_IMPORT
2012-06-26,1000,Cash / Clearing,MGM FORD,0.00,75.60,receipts,218067,BANKING_IMPORT
2012-06-26,5720,BANKING,VCARD PAYMENT,863.47,0.00,receipts,218068,BANKING_IMPORT
2012-06-26,1000,Cash / Clearing,VCARD PAYMENT,0.00,863.47,receipts,218068,BANKING_IMPORT
2012-06-27,5110,Fuel,CENTEX,57.00,0.00,receipts,140382,BANKING_IMPORT
2012-06-27,1000,Cash / Clearing,CENTEX,0.00,57.00,receipts,140382,BANKING_IMPORT
2012-06-27,5120,Vehicle Maintenance & Repairs,JUMBO,50.00,0.00,receipts,142577,BANKING_IMPORT
2012-06-27,1000,Cash / Clearing,JUMBO,0.00,50.00,receipts,142577,BANKING_IMPORT
2012-06-27,5116,BANKING,flowers,30.00,0.00,receipts,214937,
2012-06-27,1000,Cash / Clearing,flowers,0.00,30.00,receipts,214937,
2012-06-27,5120,BANKING,L7,10.45,0.00,receipts,215097,
2012-06-27,1000,Cash / Clearing,L7,0.00,10.45,receipts,215097,
2012-06-27,5120,BANKING,L8,11.40,0.00,receipts,215122,
2012-06-27,1000,Cash / Clearing,L8,0.00,11.40,receipts,215122,
2012-06-27,5110,BANKING,fuel,43.00,0.00,receipts,215312,
2012-06-27,1000,Cash / Clearing,fuel,0.00,43.00,receipts,215312,
2012-06-27,5600,BANKING,ADVERTISING NEWS PAPER,68.92,0.00,receipts,217215,
2012-06-27,1000,Cash / Clearing,ADVERTISING NEWS PAPER,0.00,68.92,receipts,217215,
2012-06-27,2910,BANKING,JUMBO CAR WASH,50.00,0.00,receipts,218069,BANKING_IMPORT
2012-06-27,1000,Cash / Clearing,JUMBO CAR WASH,0.00,50.00,receipts,218069,BANKING_IMPORT
2012-06-28,5320,Driver Food/Drinks/Snacks on Duty,A&W,23.29,0.00,receipts,142582,BANKING_IMPORT
2012-06-28,1000,Cash / Clearing,A&W,0.00,23.29,receipts,142582,BANKING_IMPORT
2012-06-28,5710,Bank Fees & Service Charges,ACARD PAYMENT,4.95,0.00,receipts,150571,BANKING_IMPORT
2012-06-28,1000,Cash / Clearing,ACARD PAYMENT,0.00,4.95,receipts,150571,BANKING_IMPORT
2012-06-28,5710,Bank Fees & Service Charges,VCARD PAYMENT,100.75,0.00,receipts,150572,BANKING_IMPORT
2012-06-28,1000,Cash / Clearing,VCARD PAYMENT,0.00,100.75,receipts,150572,BANKING_IMPORT
2012-06-28,5110,Fuel,CENTEX,36.75,0.00,receipts,214177,96916
2012-06-28,1000,Cash / Clearing,CENTEX,0.00,36.75,receipts,214177,96916
2012-06-28,5110,BANKING,fuel,34.00,0.00,receipts,215334,
2012-06-28,1000,Cash / Clearing,fuel,0.00,34.00,receipts,215334,
2012-06-28,3020,BANKING,camping supplies,82.02,0.00,receipts,217149,
2012-06-28,1000,Cash / Clearing,camping supplies,0.00,82.02,receipts,217149,
2012-06-28,5320,Driver Meals - On Duty,A&W,23.29,0.00,receipts,218070,BANKING_IMPORT
2012-06-28,1000,Cash / Clearing,A&W,0.00,23.29,receipts,218070,BANKING_IMPORT
2012-06-28,5710,Bank Fees & Service Charges,ACARD PAYMENT,4.95,0.00,receipts,218071,BANKING_IMPORT
2012-06-28,1000,Cash / Clearing,ACARD PAYMENT,0.00,4.95,receipts,218071,BANKING_IMPORT
2012-06-28,5720,BANKING,VCARD PAYMENT,100.75,0.00,receipts,218072,BANKING_IMPORT
2012-06-28,1000,Cash / Clearing,VCARD PAYMENT,0.00,100.75,receipts,218072,BANKING_IMPORT
2012-06-29,5710,Bank Fees & Service Charges,SERVICE CHARGE,112.50,0.00,receipts,140385,BANKING_IMPORT
2012-06-29,1000,Cash / Clearing,SERVICE CHARGE,0.00,112.50,receipts,140385,BANKING_IMPORT
2012-06-29,1015,Petty Cash,PETTY CASH FUNDING,2500.00,0.00,receipts,170156,BANKING_IMPORT
2012-06-29,1000,Cash / Clearing,PETTY CASH FUNDING,0.00,2500.00,receipts,170156,BANKING_IMPORT
2012-06-29,5110,Fuel,CENTEX,54.49,0.00,receipts,214178,96918
2012-06-29,1000,Cash / Clearing,CENTEX,0.00,54.49,receipts,214178,96918
2012-06-29,5110,Fuel,CENTEX,36.75,0.00,receipts,214339,99900
2012-06-29,1000,Cash / Clearing,CENTEX,0.00,36.75,receipts,214339,99900
2012-06-29,5116,"Client Amenities - Food, Coffee, Supplies",LIQUOR BARN,248.22,0.00,receipts,214342,99903
2012-06-29,1000,Cash / Clearing,LIQUOR BARN,0.00,248.22,receipts,214342,99903
2012-06-29,5116,"Client Amenities - Food, Coffee, Supplies",LIQUOR BARN,40.08,0.00,receipts,214343,99904
2012-06-29,1000,Cash / Clearing,LIQUOR BARN,0.00,40.08,receipts,214343,99904
2012-06-29,5710,Bank Fees & Service Charges,BANK FEE,35.00,0.00,receipts,214344,99906
2012-06-29,1000,Cash / Clearing,BANK FEE,0.00,35.00,receipts,214344,99906
2012-06-29,5110,BANKING,fuel,42.00,0.00,receipts,215335,
2012-06-29,1000,Cash / Clearing,fuel,0.00,42.00,receipts,215335,
2012-06-29,5110,BANKING,fuel,20.00,0.00,receipts,215336,
2012-06-29,1000,Cash / Clearing,fuel,0.00,20.00,receipts,215336,
2012-06-29,5116,BANKING,LIQUOR DEPOT,121.51,0.00,receipts,215749,
2012-06-29,1000,Cash / Clearing,LIQUOR DEPOT,0.00,121.51,receipts,215749,
2012-06-29,5710,Bank Fees & Service Charges,E-Transfer Fee,1.50,0.00,receipts,215973,BANKING_IMPORT
2012-06-29,1000,Cash / Clearing,E-Transfer Fee,0.00,1.50,receipts,215973,BANKING_IMPORT
2012-06-29,5710,Bank Fees & Service Charges,Overdraft Interest,0.02,0.00,receipts,215974,BANKING_IMPORT
2012-06-29,1000,Cash / Clearing,Overdraft Interest,0.00,0.02,receipts,215974,BANKING_IMPORT
2012-06-29,5710,Unassigned,E-Transfer Fee,1.50,0.00,receipts,216903,BANKING_IMPORT
2012-06-29,1000,Cash / Clearing,E-Transfer Fee,0.00,1.50,receipts,216903,BANKING_IMPORT
2012-06-29,5710,Bank Fees & Service Charges,Account Fee,35.00,0.00,receipts,216904,BANKING_IMPORT
2012-06-29,1000,Cash / Clearing,Account Fee,0.00,35.00,receipts,216904,BANKING_IMPORT
2012-06-29,5110,BANKING,fuel & Ice L9,54.49,0.00,receipts,217403,
2012-06-29,1000,Cash / Clearing,fuel & Ice L9,0.00,54.49,receipts,217403,
2012-06-29,5116,"Client Amenities - Food, Coffee, Supplies",ICE,15.45,0.00,receipts,217424,
2012-06-29,1000,Cash / Clearing,ICE,0.00,15.45,receipts,217424,
2012-06-29,5116,"Client Amenities - Food, Coffee, Supplies",ICE,6.18,0.00,receipts,217425,
2012-06-29,1000,Cash / Clearing,ICE,0.00,6.18,receipts,217425,
2012-06-29,5110,BANKING,L10 156.53,172.03,0.00,receipts,217427,BANKING_IMPORT
2012-06-29,1000,Cash / Clearing,L10 156.53,0.00,172.03,receipts,217427,BANKING_IMPORT
2012-06-29,5116,BANKING,WATER POP AND ICE | LOTO 649,181.00,0.00,receipts,217429,BANKING_IMPORT
2012-06-29,1000,Cash / Clearing,WATER POP AND ICE | LOTO 649,0.00,181.00,receipts,217429,BANKING_IMPORT
2012-06-29,5110,BANKING,CENTEX,54.49,0.00,receipts,218073,BANKING_IMPORT
2012-06-29,1000,Cash / Clearing,CENTEX,0.00,54.49,receipts,218073,BANKING_IMPORT
2012-06-29,5710,BANKING,E-TRANSFER FEE,1.50,0.00,receipts,218075,BANKING_IMPORT
2012-06-29,1000,Cash / Clearing,E-TRANSFER FEE,0.00,1.50,receipts,218075,BANKING_IMPORT
2012-06-29,5110,Fuel,CENTEX | food water pop,21.93,0.00,receipts,221470,BANKING_IMPORT
2012-06-29,1000,Cash / Clearing,CENTEX | food water pop,0.00,21.93,receipts,221470,BANKING_IMPORT
2012-06-30,2550,Fuel,CENTEX,60.50,0.00,receipts,214181,96929
2012-06-30,1000,Cash / Clearing,CENTEX,0.00,60.50,receipts,214181,96929
2012-06-30,2550,BANKING,TEA FOR CLIENT,1.56,0.00,receipts,214939,
2012-06-30,1000,Cash / Clearing,TEA FOR CLIENT,0.00,1.56,receipts,214939,
2012-06-30,5110,BANKING,FAS GAS,60.01,0.00,receipts,215001,
2012-06-30,1000,Cash / Clearing,FAS GAS,0.00,60.01,receipts,215001,
2012-06-30,5120,BANKING,L7,50.00,0.00,receipts,215147,
2012-06-30,1000,Cash / Clearing,L7,0.00,50.00,receipts,215147,
2012-06-30,5110,BANKING,fuel,17.08,0.00,receipts,215337,
2012-06-30,1000,Cash / Clearing,fuel,0.00,17.08,receipts,215337,
2012-06-30,5110,BANKING,fuel,50.01,0.00,receipts,215338,
2012-06-30,1000,Cash / Clearing,fuel,0.00,50.01,receipts,215338,
2012-06-30,5116,BANKING,LIQUOR DEPOT,9.31,0.00,receipts,215750,
2012-06-30,1000,Cash / Clearing,LIQUOR DEPOT,0.00,9.31,receipts,215750,
2012-06-30,5710,Bank Fees & Service Charges,Bank Charges & Interest,36.52,0.00,receipts,216354,BANKING_IMPORT
2012-06-30,1000,Cash / Clearing,Bank Charges & Interest,0.00,36.52,receipts,216354,BANKING_IMPORT
2012-06-30,5116,BANKING,RECEIPT TOTAL WAS 27.28,19.99,0.00,receipts,217120,
2012-06-30,1000,Cash / Clearing,RECEIPT TOTAL WAS 27.28,0.00,19.99,receipts,217120,
2012-06-30,2550,BANKING,FUEL FOR7,153.00,0.00,receipts,217271,
2012-06-30,1000,Cash / Clearing,FUEL FOR7,0.00,153.00,receipts,217271,
2012-06-30,5710,Bank Fees & Service Charges,Bank Charges & Interest,36.52,0.00,receipts,217601,BANKING_IMPORT
2012-06-30,1000,Cash / Clearing,Bank Charges & Interest,0.00,36.52,receipts,217601,BANKING_IMPORT
2012-07-01,5110,BANKING,PETRO-CANADA,51.00,0.00,receipts,214058,
2012-07-01,1000,Cash / Clearing,PETRO-CANADA,0.00,51.00,receipts,214058,
2012-07-02,5120,BANKING,SUPER CLEAN,20.00,0.00,receipts,215178,
2012-07-02,1000,Cash / Clearing,SUPER CLEAN,0.00,20.00,receipts,215178,
2012-07-02,5120,BANKING,SUPER CLEAN,9.00,0.00,receipts,215185,
2012-07-02,1000,Cash / Clearing,SUPER CLEAN,0.00,9.00,receipts,215185,
2012-07-02,5110,BANKING,fuel,60.00,0.00,receipts,215339,
2012-07-02,1000,Cash / Clearing,fuel,0.00,60.00,receipts,215339,
2012-07-02,5710,Bank Fees & Service Charges,ACARD PAYMENT,4.95,0.00,receipts,217579,
2012-07-02,1000,Cash / Clearing,ACARD PAYMENT,0.00,4.95,receipts,217579,
2012-07-03,5720,Charter Revenue,Mcard Fee,120.43,0.00,receipts,170160,BANKING_IMPORT
2012-07-03,1000,Cash / Clearing,Mcard Fee,0.00,120.43,receipts,170160,BANKING_IMPORT
2012-07-03,5720,Charter Revenue,Vcard Withdrawal,480.47,0.00,receipts,170162,BANKING_IMPORT
2012-07-03,1000,Cash / Clearing,Vcard Withdrawal,0.00,480.47,receipts,170162,BANKING_IMPORT
2012-07-03,5110,Fuel,L14 fuel,114.19,0.00,receipts,214182,96930
2012-07-03,1000,Cash / Clearing,L14 fuel,0.00,114.19,receipts,214182,96930
2012-07-03,5130,Insurance,COOP INSURANCE CSI,105.15,0.00,receipts,214347,99911
2012-07-03,1000,Cash / Clearing,COOP INSURANCE CSI,0.00,105.15,receipts,214347,99911
2012-07-03,5715,NSF Fees,NSF Fee,45.00,0.00,receipts,215975,BANKING_IMPORT
2012-07-03,1000,Cash / Clearing,NSF Fee,0.00,45.00,receipts,215975,BANKING_IMPORT
2012-07-03,5710,Bank Fees & Service Charges,Merchant Services Fee,1543.12,0.00,receipts,216355,BANKING_IMPORT
2012-07-03,1000,Cash / Clearing,Merchant Services Fee,0.00,1543.12,receipts,216355,BANKING_IMPORT
2012-07-03,5715,BANKING,NSF Fee,45.00,0.00,receipts,216905,BANKING_IMPORT
2012-07-03,1000,Cash / Clearing,NSF Fee,0.00,45.00,receipts,216905,BANKING_IMPORT
2012-07-03,5110,Fuel,CENTEX,60.50,0.00,receipts,218076,BANKING_IMPORT
2012-07-03,1000,Cash / Clearing,CENTEX,0.00,60.50,receipts,218076,BANKING_IMPORT
2012-07-04,1015,Petty Cash,PETTY CASH FUNDING,7000.00,0.00,receipts,140395,BANKING_IMPORT
2012-07-04,1000,Cash / Clearing,PETTY CASH FUNDING,0.00,7000.00,receipts,140395,BANKING_IMPORT
2012-07-05,5710,Bank Fees & Service Charges,NFS FEE,7.00,0.00,receipts,142622,BANKING_IMPORT
2012-07-05,1000,Cash / Clearing,NFS FEE,0.00,7.00,receipts,142622,BANKING_IMPORT
2012-07-05,2550,BANKING,FUEL,102.00,0.00,receipts,215023,BANKING_IMPORT
2012-07-05,1000,Cash / Clearing,FUEL,0.00,102.00,receipts,215023,BANKING_IMPORT
2012-07-05,2550,BANKING,FOOD,11.53,0.00,receipts,215024,BANKING_IMPORT
2012-07-05,1000,Cash / Clearing,FOOD,0.00,11.53,receipts,215024,BANKING_IMPORT
2012-07-05,5120,BANKING,L14,9.50,0.00,receipts,215095,
2012-07-05,1000,Cash / Clearing,L14,0.00,9.50,receipts,215095,
2012-07-05,5116,BANKING,LIQUOR BARN,112.50,0.00,receipts,215407,
2012-07-05,1000,Cash / Clearing,LIQUOR BARN,0.00,112.50,receipts,215407,
2012-07-05,5116,BANKING,LIQUOR BARN,265.12,0.00,receipts,215408,
2012-07-05,1000,Cash / Clearing,LIQUOR BARN,0.00,265.12,receipts,215408,
2012-07-05,5116,BANKING,LIQUOR BARN,93.14,0.00,receipts,215409,
2012-07-05,1000,Cash / Clearing,LIQUOR BARN,0.00,93.14,receipts,215409,
2012-07-05,5116,BANKING,LIQUOR BARN,75.68,0.00,receipts,215410,
2012-07-05,1000,Cash / Clearing,LIQUOR BARN,0.00,75.68,receipts,215410,
2012-07-05,5116,BANKING,LIQUOR BARN,30.06,0.00,receipts,215537,
2012-07-05,1000,Cash / Clearing,LIQUOR BARN,0.00,30.06,receipts,215537,
2012-07-05,5320,BANKING,RED LOBSTER,25.20,0.00,receipts,217542,
2012-07-05,1000,Cash / Clearing,RED LOBSTER,0.00,25.20,receipts,217542,
2012-07-05,6100,BANKING,RICKYS,32.19,0.00,receipts,217547,
2012-07-05,1000,Cash / Clearing,RICKYS,0.00,32.19,receipts,217547,
2012-07-05,2910,BANKING,NFS FEE,7.00,0.00,receipts,218077,BANKING_IMPORT
2012-07-05,1000,Cash / Clearing,NFS FEE,0.00,7.00,receipts,218077,BANKING_IMPORT
2012-07-06,5110,BANKING,PETRO-CANADA,65.00,0.00,receipts,214057,
2012-07-06,1000,Cash / Clearing,PETRO-CANADA,0.00,65.00,receipts,214057,
2012-07-06,5110,BANKING,Septic drain,10.00,0.00,receipts,214079,
2012-07-06,1000,Cash / Clearing,Septic drain,0.00,10.00,receipts,214079,
2012-07-06,5120,BANKING,L9,5.70,0.00,receipts,215130,
2012-07-06,1000,Cash / Clearing,L9,0.00,5.70,receipts,215130,
2012-07-06,5116,BANKING,LIQUOR BARN,204.56,0.00,receipts,215527,
2012-07-06,1000,Cash / Clearing,LIQUOR BARN,0.00,204.56,receipts,215527,
2012-07-06,5110,BANKING,CENTEX,58.15,0.00,receipts,215555,
2012-07-06,1000,Cash / Clearing,CENTEX,0.00,58.15,receipts,215555,
2012-07-06,5110,BANKING,CENTEX,35.00,0.00,receipts,215607,
2012-07-06,1000,Cash / Clearing,CENTEX,0.00,35.00,receipts,215607,
2012-07-06,5116,BANKING,CHATEAU WINE AND SPIRITS,41.75,0.00,receipts,215706,
2012-07-06,1000,Cash / Clearing,CHATEAU WINE AND SPIRITS,0.00,41.75,receipts,215706,
2012-07-06,5116,BANKING,VARCITY LIQUOR,34.30,0.00,receipts,215708,
2012-07-06,1000,Cash / Clearing,VARCITY LIQUOR,0.00,34.30,receipts,215708,
2012-07-06,5715,NSF Fees,NSF Fee,80.00,0.00,receipts,215976,BANKING_IMPORT
2012-07-06,1000,Cash / Clearing,NSF Fee,0.00,80.00,receipts,215976,BANKING_IMPORT
2012-07-06,5710,Bank Fees & Service Charges,Bank Charges & Interest,90.00,0.00,receipts,216356,BANKING_IMPORT
2012-07-06,1000,Cash / Clearing,Bank Charges & Interest,0.00,90.00,receipts,216356,BANKING_IMPORT
2012-07-06,5710,Bank Fees & Service Charges,Merchant Services Fee,1543.12,0.00,receipts,216357,BANKING_IMPORT
2012-07-06,1000,Cash / Clearing,Merchant Services Fee,0.00,1543.12,receipts,216357,BANKING_IMPORT
2012-07-06,2910,BANKING,Order Cheques gst charged 6.62,138.96,0.00,receipts,217730,BANKING_IMPORT
2012-07-06,1000,Cash / Clearing,Order Cheques gst charged 6.62,0.00,138.96,receipts,217730,BANKING_IMPORT
2012-07-06,5150,Vehicle Operating Leases,LFG BUSINESS PAD,101.14,0.00,receipts,218078,BANKING_IMPORT
2012-07-06,1000,Cash / Clearing,LFG BUSINESS PAD,0.00,101.14,receipts,218078,BANKING_IMPORT
2012-07-06,5110,BANKING,CENTEX,42.00,0.00,receipts,221461,
2012-07-06,1000,Cash / Clearing,CENTEX,0.00,42.00,receipts,221461,
2012-07-07,5116,BANKING,COOP LIQUOR,26.92,0.00,receipts,214093,
2012-07-07,1000,Cash / Clearing,COOP LIQUOR,0.00,26.92,receipts,214093,
2012-07-07,2550,BANKING,WATER,2.99,0.00,receipts,215018,
2012-07-07,1000,Cash / Clearing,WATER,0.00,2.99,receipts,215018,
2012-07-07,5120,BANKING,L8,8.55,0.00,receipts,215129,
2012-07-07,1000,Cash / Clearing,L8,0.00,8.55,receipts,215129,
2012-07-07,5116,BANKING,ice,5.01,0.00,receipts,215532,
2012-07-07,1000,Cash / Clearing,ice,0.00,5.01,receipts,215532,
2012-07-07,5110,BANKING,CENTEX,100.08,0.00,receipts,215613,
2012-07-07,1000,Cash / Clearing,CENTEX,0.00,100.08,receipts,215613,
2012-07-07,5110,BANKING,CENTEX,81.19,0.00,receipts,216944,
2012-07-07,1000,Cash / Clearing,CENTEX,0.00,81.19,receipts,216944,
2012-07-08,5110,BANKING,ESSO,100.03,0.00,receipts,214902,
2012-07-08,1000,Cash / Clearing,ESSO,0.00,100.03,receipts,214902,
2012-07-08,5110,BANKING,ESSO,150.00,0.00,receipts,214903,
2012-07-08,1000,Cash / Clearing,ESSO,0.00,150.00,receipts,214903,
2012-07-08,5110,BANKING,CENTEX,33.00,0.00,receipts,216942,
2012-07-08,1000,Cash / Clearing,CENTEX,0.00,33.00,receipts,216942,
2012-07-08,5116,BANKING,SOBEYS,48.95,0.00,receipts,217145,
2012-07-08,1000,Cash / Clearing,SOBEYS,0.00,48.95,receipts,217145,
2012-07-08,5110,BANKING,CENTEX,40.00,0.00,receipts,221468,
2012-07-08,1000,Cash / Clearing,CENTEX,0.00,40.00,receipts,221468,
2012-07-09,5120,Vehicle Maintenance & Repairs,MID-ALTA MOTORS,300.25,0.00,receipts,140400,BANKING_IMPORT
2012-07-09,1000,Cash / Clearing,MID-ALTA MOTORS,0.00,300.25,receipts,140400,BANKING_IMPORT
2012-07-09,5430,Telephone & Internet,Fire extinguisher inspections,79.39,0.00,receipts,140402,BANKING_IMPORT
2012-07-09,1000,Cash / Clearing,Fire extinguisher inspections,0.00,79.39,receipts,140402,BANKING_IMPORT
2012-07-09,2550,Fuel,fuel,52.65,0.00,receipts,140403,BANKING_IMPORT
2012-07-09,1000,Cash / Clearing,fuel,0.00,52.65,receipts,140403,BANKING_IMPORT
2012-07-09,2550,Vehicle Maintenance & Repairs,CVIP L11,1024.28,0.00,receipts,173546,
2012-07-09,1000,Cash / Clearing,CVIP L11,0.00,1024.28,receipts,173546,
2012-07-09,5420,BANKING,CODE LOCK DOOR,62.50,0.00,receipts,215008,
2012-07-09,1000,Cash / Clearing,CODE LOCK DOOR,0.00,62.50,receipts,215008,
2012-07-09,5110,BANKING,CENTEX,36.00,0.00,receipts,216940,
2012-07-09,1000,Cash / Clearing,CENTEX,0.00,36.00,receipts,216940,
2012-07-09,5116,BANKING,ITUNES CARDS FOR CLIENT MUSIC,25.00,0.00,receipts,217042,
2012-07-09,1000,Cash / Clearing,ITUNES CARDS FOR CLIENT MUSIC,0.00,25.00,receipts,217042,
2012-07-09,5420,BANKING,TONER,205.65,0.00,receipts,217043,
2012-07-09,1000,Cash / Clearing,TONER,0.00,205.65,receipts,217043,
2012-07-09,5420,BANKING,PRAIRIE OFFICE SUPPLIES,27.60,0.00,receipts,217050,
2012-07-09,1000,Cash / Clearing,PRAIRIE OFFICE SUPPLIES,0.00,27.60,receipts,217050,
2012-07-09,2910,BANKING,CHQ 1 ANGEL ESCOBAR,1870.14,0.00,receipts,217731,BANKING_IMPORT
2012-07-09,1000,Cash / Clearing,CHQ 1 ANGEL ESCOBAR,0.00,1870.14,receipts,217731,BANKING_IMPORT
2012-07-09,5150,Vehicle Operating Leases,LFG BUSINESS PAD,202.27,0.00,receipts,218079,BANKING_IMPORT
2012-07-09,1000,Cash / Clearing,LFG BUSINESS PAD,0.00,202.27,receipts,218079,BANKING_IMPORT
2012-07-10,5120,Vehicle Maintenance & Repairs,ERLES AUTO REPAIR,79.89,0.00,receipts,140409,BANKING_IMPORT
2012-07-10,1000,Cash / Clearing,ERLES AUTO REPAIR,0.00,79.89,receipts,140409,BANKING_IMPORT
2012-07-10,5710,Bank Fees & Service Charges,CHQ 276 BARNEY FORSBERG,1050.00,0.00,receipts,150574,BANKING_IMPORT
2012-07-10,1000,Cash / Clearing,CHQ 276 BARNEY FORSBERG,0.00,1050.00,receipts,150574,BANKING_IMPORT
2012-07-10,5300,Administrative Expenses,ERLES AUTO REPAIR,581.49,0.00,receipts,213999,BANKING_IMPORT | PG17_COLLISION_ORIG_ID=173540 | FALLBACK_BT=96054
2012-07-10,1000,Cash / Clearing,ERLES AUTO REPAIR,0.00,581.49,receipts,213999,BANKING_IMPORT | PG17_COLLISION_ORIG_ID=173540 | FALLBACK_BT=96054
2012-07-10,5116,BANKING,LIQUOR BARN,10.63,0.00,receipts,215535,
2012-07-10,1000,Cash / Clearing,LIQUOR BARN,0.00,10.63,receipts,215535,
2012-07-10,5110,BANKING,CENTEX,60.01,0.00,receipts,216939,
2012-07-10,1000,Cash / Clearing,CENTEX,0.00,60.01,receipts,216939,
2012-07-10,5110,Fuel,fuel,50.00,0.00,receipts,217154,BANKING_IMPORT
2012-07-10,1000,Cash / Clearing,fuel,0.00,50.00,receipts,217154,BANKING_IMPORT
2012-07-10,5116,"Client Amenities - Food, Coffee, Supplies",ice,11.96,0.00,receipts,217155,BANKING_IMPORT
2012-07-10,1000,Cash / Clearing,ice,0.00,11.96,receipts,217155,BANKING_IMPORT
2012-07-10,2910,BANKING,CHQ 276 BARNEY FORSBERG,1050.00,0.00,receipts,217732,BANKING_IMPORT
2012-07-10,1000,Cash / Clearing,CHQ 276 BARNEY FORSBERG,0.00,1050.00,receipts,217732,BANKING_IMPORT
2012-07-10,5120,BANKING,ERLES AUTO REPAIR,1024.28,0.00,receipts,218686,BT-99922
2012-07-10,1000,Cash / Clearing,ERLES AUTO REPAIR,0.00,1024.28,receipts,218686,BT-99922
2012-07-10,5440,BANKING,4560A JULY RENT CHQ 276,1050.00,0.00,receipts,221573,78307
2012-07-10,1000,Cash / Clearing,4560A JULY RENT CHQ 276,0.00,1050.00,receipts,221573,78307
2012-07-11,5116,"Client Amenities - Food, Coffee, Supplies",LIQUOR DEPOT,581.49,0.00,receipts,170182,BANKING_IMPORT
2012-07-11,1000,Cash / Clearing,LIQUOR DEPOT,0.00,581.49,receipts,170182,BANKING_IMPORT
2012-07-11,5110,BANKING,MOHAWK,28.00,0.00,receipts,215046,
2012-07-11,1000,Cash / Clearing,MOHAWK,0.00,28.00,receipts,215046,
2012-07-11,5120,BANKING,L8,5.70,0.00,receipts,215116,
2012-07-11,1000,Cash / Clearing,L8,0.00,5.70,receipts,215116,
2012-07-11,5110,BANKING,CENTEX,62.00,0.00,receipts,215614,
2012-07-11,1000,Cash / Clearing,CENTEX,0.00,62.00,receipts,215614,
2012-07-11,2550,BANKING,cleaning supplies,20.22,0.00,receipts,217008,
2012-07-11,1000,Cash / Clearing,cleaning supplies,0.00,20.22,receipts,217008,
2012-07-11,5120,BANKING,FIRE EXTING ANNUAL,9.73,0.00,receipts,217178,
2012-07-11,1000,Cash / Clearing,FIRE EXTING ANNUAL,0.00,9.73,receipts,217178,
2012-07-12,5110,Fuel,CENTEX,160.01,0.00,receipts,140411,BANKING_IMPORT
2012-07-12,1000,Cash / Clearing,CENTEX,0.00,160.01,receipts,140411,BANKING_IMPORT
2012-07-12,5110,Fuel,CENTEX,36.01,0.00,receipts,140412,BANKING_IMPORT
2012-07-12,1000,Cash / Clearing,CENTEX,0.00,36.01,receipts,140412,BANKING_IMPORT
2012-07-12,5110,Fuel,CENTEX,66.50,0.00,receipts,140414,BANKING_IMPORT
2012-07-12,1000,Cash / Clearing,CENTEX,0.00,66.50,receipts,140414,BANKING_IMPORT
2012-07-12,5116,"Client Amenities - Food, Coffee, Supplies",LIQUOR BARN,693.85,0.00,receipts,140415,BANKING_IMPORT
2012-07-12,1000,Cash / Clearing,LIQUOR BARN,0.00,693.85,receipts,140415,BANKING_IMPORT
2012-07-12,5120,BANKING,L8,10.45,0.00,receipts,215115,
2012-07-12,1000,Cash / Clearing,L8,0.00,10.45,receipts,215115,
2012-07-12,5120,BANKING,SUPER CLEAN,22.00,0.00,receipts,215177,
2012-07-12,1000,Cash / Clearing,SUPER CLEAN,0.00,22.00,receipts,215177,
2012-07-12,5110,BANKING,FUEL,20.00,0.00,receipts,215193,BANKING_IMPORT
2012-07-12,1000,Cash / Clearing,FUEL,0.00,20.00,receipts,215193,BANKING_IMPORT
2012-07-12,5116,BANKING,BEVERAGES,5.55,0.00,receipts,215194,BANKING_IMPORT
2012-07-12,1000,Cash / Clearing,BEVERAGES,0.00,5.55,receipts,215194,BANKING_IMPORT
2012-07-12,5116,BANKING,ICE,8.97,0.00,receipts,215217,
2012-07-12,1000,Cash / Clearing,ICE,0.00,8.97,receipts,215217,
2012-07-12,5116,BANKING,CAPRI LIQUOR STORE,13.99,0.00,receipts,215650,
2012-07-12,1000,Cash / Clearing,CAPRI LIQUOR STORE,0.00,13.99,receipts,215650,
2012-07-12,5116,BANKING,LIQUOR DEPOT,96.76,0.00,receipts,215684,
2012-07-12,1000,Cash / Clearing,LIQUOR DEPOT,0.00,96.76,receipts,215684,
2012-07-12,5110,BANKING,CENTEX,92.18,0.00,receipts,216943,
2012-07-12,1000,Cash / Clearing,CENTEX,0.00,92.18,receipts,216943,
2012-07-12,5120,BANKING,SCREWS,12.85,0.00,receipts,217035,
2012-07-12,1000,Cash / Clearing,SCREWS,0.00,12.85,receipts,217035,
2012-07-12,5116,BANKING,SOBEYS,52.01,0.00,receipts,217141,
2012-07-12,1000,Cash / Clearing,SOBEYS,0.00,52.01,receipts,217141,
2012-07-12,5320,BANKING,JOEYS,20.56,0.00,receipts,217324,
2012-07-12,1000,Cash / Clearing,JOEYS,0.00,20.56,receipts,217324,
2012-07-12,5110,Fuel,FUEL,75.01,0.00,receipts,217442,BANKING_IMPORT
2012-07-12,1000,Cash / Clearing,FUEL,0.00,75.01,receipts,217442,BANKING_IMPORT
2012-07-12,5116,BANKING,WATER,3.03,0.00,receipts,217443,BANKING_IMPORT
2012-07-12,1000,Cash / Clearing,WATER,0.00,3.03,receipts,217443,BANKING_IMPORT
2012-07-12,5320,BANKING,HMS HOST RESTAURANT,11.54,0.00,receipts,217533,
2012-07-12,1000,Cash / Clearing,HMS HOST RESTAURANT,0.00,11.54,receipts,217533,
2012-07-12,5110,Fuel,CENTEX,78.04,0.00,receipts,218081,BANKING_IMPORT
2012-07-12,1000,Cash / Clearing,CENTEX,0.00,78.04,receipts,218081,BANKING_IMPORT
2012-07-13,5110,Fuel,L2 AND L14,192.36,0.00,receipts,140416,BANKING_IMPORT
2012-07-13,1000,Cash / Clearing,L2 AND L14,0.00,192.36,receipts,140416,BANKING_IMPORT
2012-07-13,5860,Supplies - General Business,HOME DEPOT,634.44,0.00,receipts,140417,BANKING_IMPORT
2012-07-13,1000,Cash / Clearing,HOME DEPOT,0.00,634.44,receipts,140417,BANKING_IMPORT
2012-07-13,5120,Vehicle Maintenance & Repairs,CVIP on L10,840.95,0.00,receipts,140418,BANKING_IMPORT
2012-07-13,1000,Cash / Clearing,CVIP on L10,0.00,840.95,receipts,140418,BANKING_IMPORT
2012-07-13,5120,Vehicle Maintenance & Repairs,PARRS AUTOMOTIVE,2000.00,0.00,receipts,140419,BANKING_IMPORT
2012-07-13,1000,Cash / Clearing,PARRS AUTOMOTIVE,0.00,2000.00,receipts,140419,BANKING_IMPORT
2012-07-13,2550,BANKING,ice,6.38,0.00,receipts,173641,
2012-07-13,1000,Cash / Clearing,ice,0.00,6.38,receipts,173641,
2012-07-13,5110,BANKING,SHELL,53.13,0.00,receipts,215230,
2012-07-13,1000,Cash / Clearing,SHELL,0.00,53.13,receipts,215230,
2012-07-13,5116,BANKING,LIQUOR BARN,27.97,0.00,receipts,215521,
2012-07-13,1000,Cash / Clearing,LIQUOR BARN,0.00,27.97,receipts,215521,
2012-07-13,5116,BANKING,ICE,6.38,0.00,receipts,215764,
2012-07-13,1000,Cash / Clearing,ICE,0.00,6.38,receipts,215764,
2012-07-13,5110,BANKING,CENTEX,69.75,0.00,receipts,216947,
2012-07-13,1000,Cash / Clearing,CENTEX,0.00,69.75,receipts,216947,
2012-07-13,5110,BANKING,CENTEX,23.01,0.00,receipts,216948,
2012-07-13,1000,Cash / Clearing,CENTEX,0.00,23.01,receipts,216948,
2012-07-13,5116,"Client Amenities - Food, Coffee, Supplies",ice,3.09,0.00,receipts,216949,
2012-07-13,1000,Cash / Clearing,ice,0.00,3.09,receipts,216949,
2012-07-13,5420,BANKING,CLEANER,14.55,0.00,receipts,217078,
2012-07-13,1000,Cash / Clearing,CLEANER,0.00,14.55,receipts,217078,
2012-07-13,5116,BANKING,ICE AND MIX,9.72,0.00,receipts,217282,
2012-07-13,1000,Cash / Clearing,ICE AND MIX,0.00,9.72,receipts,217282,
2012-07-13,1015,Petty Cash,PETTY CASH FUNDING,120.00,0.00,receipts,217662,BANKING_IMPORT
2012-07-13,1000,Cash / Clearing,PETTY CASH FUNDING,0.00,120.00,receipts,217662,BANKING_IMPORT
2012-07-14,5110,BANKING,Fuel L14,40.01,0.00,receipts,214027,
2012-07-14,1000,Cash / Clearing,Fuel L14,0.00,40.01,receipts,214027,
2012-07-14,5110,BANKING,FAS GAS,60.00,0.00,receipts,214033,
2012-07-14,1000,Cash / Clearing,FAS GAS,0.00,60.00,receipts,214033,
2012-07-14,5870,BANKING,Coach washroom dump,10.00,0.00,receipts,214077,
2012-07-14,1000,Cash / Clearing,Coach washroom dump,0.00,10.00,receipts,214077,
2012-07-14,2550,BANKING,LIQUOR BARN,151.55,0.00,receipts,215523,
2012-07-14,1000,Cash / Clearing,LIQUOR BARN,0.00,151.55,receipts,215523,
2012-07-14,5425,BANKING,fence repairs and garage upgrades,33.21,0.00,receipts,215724,
2012-07-14,1000,Cash / Clearing,fence repairs and garage upgrades,0.00,33.21,receipts,215724,
2012-07-14,5120,BANKING,vehicle key for door adn trunk,29.25,0.00,receipts,216936,
2012-07-14,1000,Cash / Clearing,vehicle key for door adn trunk,0.00,29.25,receipts,216936,
2012-07-14,5116,BANKING,7.98 split receipts ice is 30.4 remainder is non business,3.04,0.00,receipts,216945,
2012-07-14,1000,Cash / Clearing,7.98 split receipts ice is 30.4 remainder is non business,0.00,3.04,receipts,216945,
2012-07-14,5110,BANKING,CENTEX,55.62,0.00,receipts,216946,
2012-07-14,1000,Cash / Clearing,CENTEX,0.00,55.62,receipts,216946,
2012-07-14,5425,BANKING,HOOKS MAGNETS AND BRACKETS,18.44,0.00,receipts,217036,
2012-07-14,1000,Cash / Clearing,HOOKS MAGNETS AND BRACKETS,0.00,18.44,receipts,217036,
2012-07-14,5116,BANKING,EXTRA FOODS,17.13,0.00,receipts,217074,
2012-07-14,1000,Cash / Clearing,EXTRA FOODS,0.00,17.13,receipts,217074,
2012-07-14,5320,BANKING,KFC,18.82,0.00,receipts,217527,
2012-07-14,1000,Cash / Clearing,KFC,0.00,18.82,receipts,217527,
2012-07-14,5110,Fuel,Fas Gas Plus,23.86,0.00,receipts,218082,BANKING_IMPORT
2012-07-14,1000,Cash / Clearing,Fas Gas Plus,0.00,23.86,receipts,218082,BANKING_IMPORT
2012-07-15,5320,BANKING,PHIL'S RESTAURA,46.45,0.00,receipts,217529,
2012-07-15,1000,Cash / Clearing,PHIL'S RESTAURA,0.00,46.45,receipts,217529,
2012-07-15,5320,BANKING,MCDONALD'S,14.02,0.00,receipts,217541,
2012-07-15,1000,Cash / Clearing,MCDONALD'S,0.00,14.02,receipts,217541,
2012-07-16,5110,Fuel,FAS GAS,23.86,0.00,receipts,138731,BANKING_IMPORT
2012-07-16,1000,Cash / Clearing,FAS GAS,0.00,23.86,receipts,138731,BANKING_IMPORT
2012-07-16,6900,BANKING,BR BILL PAYMENT - confirm payee,4400.19,0.00,receipts,140422,BANKING_IMPORT
2012-07-16,1000,Cash / Clearing,BR BILL PAYMENT - confirm payee,0.00,4400.19,receipts,140422,BANKING_IMPORT
2012-07-16,5860,Supplies - General Business,zip ties tape socket stuff,35.72,0.00,receipts,140427,BANKING_IMPORT
2012-07-16,1000,Cash / Clearing,zip ties tape socket stuff,0.00,35.72,receipts,140427,BANKING_IMPORT
2012-07-16,5110,Fuel,COOP,33.21,0.00,receipts,140428,BANKING_IMPORT
2012-07-16,1000,Cash / Clearing,COOP,0.00,33.21,receipts,140428,BANKING_IMPORT
2012-07-16,5110,Fuel,CENTEX,58.01,0.00,receipts,140429,BANKING_IMPORT
2012-07-16,1000,Cash / Clearing,CENTEX,0.00,58.01,receipts,140429,BANKING_IMPORT
2012-07-16,5110,Fuel,CENTEX,90.00,0.00,receipts,140430,BANKING_IMPORT
2012-07-16,1000,Cash / Clearing,CENTEX,0.00,90.00,receipts,140430,BANKING_IMPORT
2012-07-16,5130,Insurance,OPTIMUM INSURANCE,91.86,0.00,receipts,142658,BANKING_IMPORT
2012-07-16,1000,Cash / Clearing,OPTIMUM INSURANCE,0.00,91.86,receipts,142658,BANKING_IMPORT
2012-07-16,1099,BANKING,Inter-account transfer paper trail (cheque register),400.00,0.00,receipts,142660,BANKING_IMPORT
2012-07-16,1000,Cash / Clearing,Inter-account transfer paper trail (cheque register),0.00,400.00,receipts,142660,BANKING_IMPORT
2012-07-16,6900,BANKING,DEPOSIT FROM CIBC ACCOUNT,400.00,0.00,receipts,170195,BANKING_IMPORT
2012-07-16,1000,Cash / Clearing,DEPOSIT FROM CIBC ACCOUNT,0.00,400.00,receipts,170195,BANKING_IMPORT
2012-07-16,5110,Fuel,DOMO GAS,40.00,0.00,receipts,214874,
2012-07-16,1000,Cash / Clearing,DOMO GAS,0.00,40.00,receipts,214874,
2012-07-16,5110,BANKING,CENTEX,62.01,0.00,receipts,216934,
2012-07-16,1000,Cash / Clearing,CENTEX,0.00,62.01,receipts,216934,
2012-07-16,5120,BANKING,VEHICLE INTERIOR CARPEST ADN FLOORS,252.00,0.00,receipts,217180,
2012-07-16,1000,Cash / Clearing,VEHICLE INTERIOR CARPEST ADN FLOORS,0.00,252.00,receipts,217180,
2012-07-16,5320,BANKING,BOSTON PIZZA,15.40,0.00,receipts,217514,
2012-07-16,1000,Cash / Clearing,BOSTON PIZZA,0.00,15.40,receipts,217514,
2012-07-16,2910,BANKING,CHQ 277 ARROW LIMOUSINE,400.00,0.00,receipts,217733,BANKING_IMPORT
2012-07-16,1000,Cash / Clearing,CHQ 277 ARROW LIMOUSINE,0.00,400.00,receipts,217733,BANKING_IMPORT
2012-07-16,5300,Insurance,OPTIMUM WEST INSURANCE COMPANY,91.86,0.00,receipts,218083,BANKING_IMPORT
2012-07-16,1000,Cash / Clearing,OPTIMUM WEST INSURANCE COMPANY,0.00,91.86,receipts,218083,BANKING_IMPORT
2012-07-16,5300,Insurance,Optimum West Insurance,521.00,0.00,receipts,218084,BANKING_IMPORT
2012-07-16,1000,Cash / Clearing,Optimum West Insurance,0.00,521.00,receipts,218084,BANKING_IMPORT
2012-07-16,5300,Insurance,Optimum West Insurance,122.00,0.00,receipts,218085,BANKING_IMPORT
2012-07-16,1000,Cash / Clearing,Optimum West Insurance,0.00,122.00,receipts,218085,BANKING_IMPORT
2012-07-16,5150,Vehicle Lease Payments,JACK CARTER,1885.65,0.00,receipts,218086,BANKING_IMPORT
2012-07-16,1000,Cash / Clearing,JACK CARTER,0.00,1885.65,receipts,218086,BANKING_IMPORT
2012-07-17,5110,Fuel,fuel,63.01,0.00,receipts,140433,BANKING_IMPORT
2012-07-17,1000,Cash / Clearing,fuel,0.00,63.01,receipts,140433,BANKING_IMPORT
2012-07-17,5210,Driver Wages & Reimbursements,CHQ 6 DALE MENARD,400.00,0.00,receipts,170209,BANKING_IMPORT
2012-07-17,1000,Cash / Clearing,CHQ 6 DALE MENARD,0.00,400.00,receipts,170209,BANKING_IMPORT
2012-07-17,2550,BANKING,COOP,40.01,0.00,receipts,215006,82434
2012-07-17,1000,Cash / Clearing,COOP,0.00,40.01,receipts,215006,82434
2012-07-17,5120,BANKING,LIMO CARPETS AND DEODORIZE INSIDES,150.00,0.00,receipts,217179,
2012-07-17,1000,Cash / Clearing,LIMO CARPETS AND DEODORIZE INSIDES,0.00,150.00,receipts,217179,
2012-07-17,2910,BANKING,CHQ 7 DALE MENARD,100.00,0.00,receipts,217734,BANKING_IMPORT
2012-07-17,1000,Cash / Clearing,CHQ 7 DALE MENARD,0.00,100.00,receipts,217734,BANKING_IMPORT
2012-07-17,2910,BANKING,CHQ 6 DALE MENARD,400.00,0.00,receipts,217735,BANKING_IMPORT
2012-07-17,1000,Cash / Clearing,CHQ 6 DALE MENARD,0.00,400.00,receipts,217735,BANKING_IMPORT
2012-07-18,5116,"Client Amenities - Food, Coffee, Supplies",LIQUOR BARN,565.03,0.00,receipts,140439,BANKING_IMPORT
2012-07-18,1000,Cash / Clearing,LIQUOR BARN,0.00,565.03,receipts,140439,BANKING_IMPORT
2012-07-18,5116,"Client Amenities - Food, Coffee, Supplies",NON ALCOHOLIC BEVERAGES,238.33,0.00,receipts,140440,BANKING_IMPORT
2012-07-18,1000,Cash / Clearing,NON ALCOHOLIC BEVERAGES,0.00,238.33,receipts,140440,BANKING_IMPORT
2012-07-18,5110,Fuel,fuel,173.00,0.00,receipts,140441,BANKING_IMPORT
2012-07-18,1000,Cash / Clearing,fuel,0.00,173.00,receipts,140441,BANKING_IMPORT
2012-07-18,5110,Fuel,RUN'N ON EMPTY,72.62,0.00,receipts,140442,BANKING_IMPORT
2012-07-18,1000,Cash / Clearing,RUN'N ON EMPTY,0.00,72.62,receipts,140442,BANKING_IMPORT
2012-07-18,5720,BANKING,HABITAT FOR HUMANITY,375.00,0.00,receipts,140443,BANKING_IMPORT
2012-07-18,1000,Cash / Clearing,HABITAT FOR HUMANITY,0.00,375.00,receipts,140443,BANKING_IMPORT
2012-07-18,5120,Vehicle Maintenance & Repairs,Chq 2,489.20,0.00,receipts,140444,BANKING_IMPORT
2012-07-18,1000,Cash / Clearing,Chq 2,0.00,489.20,receipts,140444,BANKING_IMPORT
2012-07-18,5720,Charter Revenue,Mcard WITHDRAWL,175.00,0.00,receipts,170212,BANKING_IMPORT
2012-07-18,1000,Cash / Clearing,Mcard WITHDRAWL,0.00,175.00,receipts,170212,BANKING_IMPORT
2012-07-18,5120,BANKING,L10,19.00,0.00,receipts,215063,
2012-07-18,1000,Cash / Clearing,L10,0.00,19.00,receipts,215063,
2012-07-18,2550,BANKING,supplies for L11 interiour upgrade,41.85,0.00,receipts,217024,
2012-07-18,1000,Cash / Clearing,supplies for L11 interiour upgrade,0.00,41.85,receipts,217024,
2012-07-18,5150,Vehicle Operating Leases,CHQ 228 HEFFNER AUTO,2525.25,0.00,receipts,217314,BANKING_IMPORT
2012-07-18,1000,Cash / Clearing,CHQ 228 HEFFNER AUTO,0.00,2525.25,receipts,217314,BANKING_IMPORT
2012-07-18,5320,BANKING,MCDONALD'S,10.47,0.00,receipts,217537,
2012-07-18,1000,Cash / Clearing,MCDONALD'S,0.00,10.47,receipts,217537,
2012-07-18,2910,BANKING,CHQ 228 HEFFNER AUTO,2525.25,0.00,receipts,217736,BANKING_IMPORT
2012-07-18,1000,Cash / Clearing,CHQ 228 HEFFNER AUTO,0.00,2525.25,receipts,217736,BANKING_IMPORT
2012-07-19,5710,Bank Fees & Service Charges,MONEY MART,200.00,0.00,receipts,140446,BANKING_IMPORT
2012-07-19,1000,Cash / Clearing,MONEY MART,0.00,200.00,receipts,140446,BANKING_IMPORT
2012-07-19,5116,"Client Amenities - Food, Coffee, Supplies",LIQUOR BARN,135.51,0.00,receipts,140447,BANKING_IMPORT
2012-07-19,1000,Cash / Clearing,LIQUOR BARN,0.00,135.51,receipts,140447,BANKING_IMPORT
2012-07-19,6900,BANKING,CHQ 8 ARROW LIMOUSINE,2000.00,0.00,receipts,140448,BANKING_IMPORT
2012-07-19,1000,Cash / Clearing,CHQ 8 ARROW LIMOUSINE,0.00,2000.00,receipts,140448,BANKING_IMPORT
2012-07-19,5110,Fuel,MOHAWK,72.01,0.00,receipts,140450,BANKING_IMPORT
2012-07-19,1000,Cash / Clearing,MOHAWK,0.00,72.01,receipts,140450,BANKING_IMPORT
2012-07-19,5116,"Client Amenities - Food, Coffee, Supplies",LIQUOR BARN,48.41,0.00,receipts,140451,BANKING_IMPORT
2012-07-19,1000,Cash / Clearing,LIQUOR BARN,0.00,48.41,receipts,140451,BANKING_IMPORT
2012-07-19,5250,WCB Premiums,"overdue charge 11.51 06/22/2012,overdue charge 64.29 06/22/2012,installment due 1051.00 07/01/2012",1126.80,0.00,receipts,145310,18512376
2012-07-19,1000,Cash / Clearing,"overdue charge 11.51 06/22/2012,overdue charge 64.29 06/22/2012,installment due 1051.00 07/01/2012",0.00,1126.80,receipts,145310,18512376
2012-07-19,6900,BANKING,E-TRANSFER ?,200.00,0.00,receipts,170226,BANKING_IMPORT
2012-07-19,1000,Cash / Clearing,E-TRANSFER ?,0.00,200.00,receipts,170226,BANKING_IMPORT
2012-07-19,2550,Fuel,PETRO-CANADA,50.01,0.00,receipts,214059,
2012-07-19,1000,Cash / Clearing,PETRO-CANADA,0.00,50.01,receipts,214059,
2012-07-19,2550,BANKING,fuel,53.00,0.00,receipts,215056,BANKING_IMPORT
2012-07-19,1000,Cash / Clearing,fuel,0.00,53.00,receipts,215056,BANKING_IMPORT
2012-07-19,2550,BANKING,snacks,3.78,0.00,receipts,215057,BANKING_IMPORT
2012-07-19,1000,Cash / Clearing,snacks,0.00,3.78,receipts,215057,BANKING_IMPORT
2012-07-19,5110,BANKING,oil,6.48,0.00,receipts,215362,
2012-07-19,1000,Cash / Clearing,oil,0.00,6.48,receipts,215362,
2012-07-19,5110,BANKING,fuel,106.01,0.00,receipts,215363,
2012-07-19,1000,Cash / Clearing,fuel,0.00,106.01,receipts,215363,
2012-07-19,5116,BANKING,ice,15.45,0.00,receipts,215585,
2012-07-19,1000,Cash / Clearing,ice,0.00,15.45,receipts,215585,
2012-07-19,5110,BANKING,CENTEX,122.00,0.00,receipts,215587,
2012-07-19,1000,Cash / Clearing,CENTEX,0.00,122.00,receipts,215587,
2012-07-19,5116,BANKING,COOP LIQUOR,48.02,0.00,receipts,215729,
2012-07-19,1000,Cash / Clearing,COOP LIQUOR,0.00,48.02,receipts,215729,
2012-07-19,5150,Vehicle Operating Leases,CHQ 234 HEFFNER AUTO,1900.50,0.00,receipts,217315,BANKING_IMPORT
2012-07-19,1000,Cash / Clearing,CHQ 234 HEFFNER AUTO,0.00,1900.50,receipts,217315,BANKING_IMPORT
2012-07-19,5150,Vehicle Operating Leases,CHQ 221 HEFFNER AUTO,1475.25,0.00,receipts,217316,BANKING_IMPORT
2012-07-19,1000,Cash / Clearing,CHQ 221 HEFFNER AUTO,0.00,1475.25,receipts,217316,BANKING_IMPORT
2012-07-19,2910,BANKING,CHQ 234 HEFFNER AUTO,1900.50,0.00,receipts,217737,BANKING_IMPORT
2012-07-19,1000,Cash / Clearing,CHQ 234 HEFFNER AUTO,0.00,1900.50,receipts,217737,BANKING_IMPORT
2012-07-19,2910,BANKING,CHQ 221 HEFFNER AUTO,1475.25,0.00,receipts,217738,BANKING_IMPORT
2012-07-19,1000,Cash / Clearing,CHQ 221 HEFFNER AUTO,0.00,1475.25,receipts,217738,BANKING_IMPORT
2012-07-19,5110,Fuel,MOHAWK,56.78,0.00,receipts,218087,BANKING_IMPORT
2012-07-19,1000,Cash / Clearing,MOHAWK,0.00,56.78,receipts,218087,BANKING_IMPORT
2012-07-20,5116,"Client Amenities - Food, Coffee, Supplies",LIQUOR BARN,175.31,0.00,receipts,140456,BANKING_IMPORT
2012-07-20,1000,Cash / Clearing,LIQUOR BARN,0.00,175.31,receipts,140456,BANKING_IMPORT
2012-07-20,5116,"Client Amenities - Food, Coffee, Supplies",LIQUOR BARN,253.17,0.00,receipts,140457,BANKING_IMPORT
2012-07-20,1000,Cash / Clearing,LIQUOR BARN,0.00,253.17,receipts,140457,BANKING_IMPORT
2012-07-20,5860,Supplies - General Business,step liner paint,27.32,0.00,receipts,140458,BANKING_IMPORT
2012-07-20,1000,Cash / Clearing,step liner paint,0.00,27.32,receipts,140458,BANKING_IMPORT
2012-07-20,5116,"Client Amenities - Food, Coffee, Supplies",Client beverages,32.64,0.00,receipts,140459,BANKING_IMPORT
2012-07-20,1000,Cash / Clearing,Client beverages,0.00,32.64,receipts,140459,BANKING_IMPORT
2012-07-20,6300,BANKING,CITY OF RED DEER,62.05,0.00,receipts,140460,BANKING_IMPORT
2012-07-20,1000,Cash / Clearing,CITY OF RED DEER,0.00,62.05,receipts,140460,BANKING_IMPORT
2012-07-20,5860,Supplies - General Business,Tape for vehicle repairs,10.49,0.00,receipts,140461,BANKING_IMPORT
2012-07-20,1000,Cash / Clearing,Tape for vehicle repairs,0.00,10.49,receipts,140461,BANKING_IMPORT
2012-07-20,1015,Petty Cash,PETTY CASH FUNDING,1600.00,0.00,receipts,170229,BANKING_IMPORT
2012-07-20,1000,Cash / Clearing,PETTY CASH FUNDING,0.00,1600.00,receipts,170229,BANKING_IMPORT
2012-07-20,5110,BANKING,ESSO,46.00,0.00,receipts,214901,
2012-07-20,1000,Cash / Clearing,ESSO,0.00,46.00,receipts,214901,
2012-07-20,5110,BANKING,ESSO,36.00,0.00,receipts,214929,
2012-07-20,1000,Cash / Clearing,ESSO,0.00,36.00,receipts,214929,
2012-07-20,5110,BANKING,CENTEX,53.00,0.00,receipts,215580,
2012-07-20,1000,Cash / Clearing,CENTEX,0.00,53.00,receipts,215580,
2012-07-20,5110,BANKING,CENTEX,70.00,0.00,receipts,215581,
2012-07-20,1000,Cash / Clearing,CENTEX,0.00,70.00,receipts,215581,
2012-07-20,5110,BANKING,CENTEX,41.00,0.00,receipts,215591,
2012-07-20,1000,Cash / Clearing,CENTEX,0.00,41.00,receipts,215591,
2012-07-20,5116,BANKING,UPTOWN LIQUOR STORE,12.50,0.00,receipts,215669,
2012-07-20,1000,Cash / Clearing,UPTOWN LIQUOR STORE,0.00,12.50,receipts,215669,
2012-07-20,5710,BANKING,OVER LIMIT FEE,29.00,0.00,receipts,217346,
2012-07-20,1000,Cash / Clearing,OVER LIMIT FEE,0.00,29.00,receipts,217346,
2012-07-20,5710,Bank Fees & Service Charges,INTEREST,45.11,0.00,receipts,217347,
2012-07-20,1000,Cash / Clearing,INTEREST,0.00,45.11,receipts,217347,
2012-07-20,5116,"Client Amenities - Food, Coffee, Supplies",ICE,5.98,0.00,receipts,217359,
2012-07-20,1000,Cash / Clearing,ICE,0.00,5.98,receipts,217359,
2012-07-21,5116,BANKING,beverages,4.04,0.00,receipts,214078,
2012-07-21,1000,Cash / Clearing,beverages,0.00,4.04,receipts,214078,
2012-07-21,5110,BANKING,ESSO,20.50,0.00,receipts,214898,
2012-07-21,1000,Cash / Clearing,ESSO,0.00,20.50,receipts,214898,
2012-07-21,5120,BANKING,L7,14.25,0.00,receipts,215121,
2012-07-21,1000,Cash / Clearing,L7,0.00,14.25,receipts,215121,
2012-07-21,5110,BANKING,SHELL,47.01,0.00,receipts,215231,
2012-07-21,1000,Cash / Clearing,SHELL,0.00,47.01,receipts,215231,
2012-07-21,5110,BANKING,CENTEX,20.02,0.00,receipts,215570,
2012-07-21,1000,Cash / Clearing,CENTEX,0.00,20.02,receipts,215570,
2012-07-21,5110,BANKING,CENTEX,38.03,0.00,receipts,215572,
2012-07-21,1000,Cash / Clearing,CENTEX,0.00,38.03,receipts,215572,
2012-07-21,5120,BANKING,head light bulbs L09,25.18,0.00,receipts,216938,
2012-07-21,1000,Cash / Clearing,head light bulbs L09,0.00,25.18,receipts,216938,
2012-07-21,5116,BANKING,SOBEYS,61.50,0.00,receipts,217144,
2012-07-21,1000,Cash / Clearing,SOBEYS,0.00,61.50,receipts,217144,
2012-07-21,5116,"Client Amenities - Food, Coffee, Supplies",ICE,6.98,0.00,receipts,217363,
2012-07-21,1000,Cash / Clearing,ICE,0.00,6.98,receipts,217363,
2012-07-21,5320,BANKING,GEORGE'S PIZZA,21.46,0.00,receipts,217551,
2012-07-21,1000,Cash / Clearing,GEORGE'S PIZZA,0.00,21.46,receipts,217551,
2012-07-22,5110,BANKING,MOHAWK,37.00,0.00,receipts,215044,
2012-07-22,1000,Cash / Clearing,MOHAWK,0.00,37.00,receipts,215044,
2012-07-22,5120,BANKING,L7,10.45,0.00,receipts,215064,
2012-07-22,1000,Cash / Clearing,L7,0.00,10.45,receipts,215064,
2012-07-22,5110,BANKING,CENTEX,25.00,0.00,receipts,215569,
2012-07-22,1000,Cash / Clearing,CENTEX,0.00,25.00,receipts,215569,
2012-07-22,5116,BANKING,LIQUOR DEPOT,13.95,0.00,receipts,215705,
2012-07-22,1000,Cash / Clearing,LIQUOR DEPOT,0.00,13.95,receipts,215705,
2012-07-23,5110,Fuel,ESSO,45.01,0.00,receipts,140466,BANKING_IMPORT
2012-07-23,1000,Cash / Clearing,ESSO,0.00,45.01,receipts,140466,BANKING_IMPORT
2012-07-23,5120,Vehicle Maintenance & Repairs,KIRKS TIRE,3000.00,0.00,receipts,140468,BANKING_IMPORT
2012-07-23,1000,Cash / Clearing,KIRKS TIRE,0.00,3000.00,receipts,140468,BANKING_IMPORT
2012-07-23,5150,Vehicle Lease Payments,JACK CARTER,1885.65,0.00,receipts,140471,BANKING_IMPORT
2012-07-23,1000,Cash / Clearing,JACK CARTER,0.00,1885.65,receipts,140471,BANKING_IMPORT
2012-07-23,5110,BANKING,SHELL,34.01,0.00,receipts,215221,
2012-07-23,1000,Cash / Clearing,SHELL,0.00,34.01,receipts,215221,
2012-07-23,5110,BANKING,CENTEX,150.02,0.00,receipts,215565,
2012-07-23,1000,Cash / Clearing,CENTEX,0.00,150.02,receipts,215565,
2012-07-23,5110,BANKING,CENTEX,42.00,0.00,receipts,215567,
2012-07-23,1000,Cash / Clearing,CENTEX,0.00,42.00,receipts,215567,
2012-07-23,5116,BANKING,LIQUOR BARN,16.70,0.00,receipts,215568,
2012-07-23,1000,Cash / Clearing,LIQUOR BARN,0.00,16.70,receipts,215568,
2012-07-24,5110,Fuel,Fuel,53.02,0.00,receipts,140473,BANKING_IMPORT
2012-07-24,1000,Cash / Clearing,Fuel,0.00,53.02,receipts,140473,BANKING_IMPORT
2012-07-24,5130,Insurance,JEVCO INSURANCE,268.92,0.00,receipts,142684,BANKING_IMPORT
2012-07-24,1000,Cash / Clearing,JEVCO INSURANCE,0.00,268.92,receipts,142684,BANKING_IMPORT
2012-07-24,5130,Insurance,IFS FINANCIAL,1654.94,0.00,receipts,142685,BANKING_IMPORT
2012-07-24,1000,Cash / Clearing,IFS FINANCIAL,0.00,1654.94,receipts,142685,BANKING_IMPORT
2012-07-24,5110,BANKING,CENTEX,40.01,0.00,receipts,215559,
2012-07-24,1000,Cash / Clearing,CENTEX,0.00,40.01,receipts,215559,
2012-07-24,5116,BANKING,arctic berry,10.39,0.00,receipts,217391,
2012-07-24,1000,Cash / Clearing,arctic berry,0.00,10.39,receipts,217391,
2012-07-24,5130,Insurance,IFS PREMIUM FINANCING,1654.94,0.00,receipts,218088,BANKING_IMPORT
2012-07-24,1000,Cash / Clearing,IFS PREMIUM FINANCING,0.00,1654.94,receipts,218088,BANKING_IMPORT
2012-07-24,5300,Insurance,JEVCO INSURANCE,268.92,0.00,receipts,218089,BANKING_IMPORT
2012-07-24,1000,Cash / Clearing,JEVCO INSURANCE,0.00,268.92,receipts,218089,BANKING_IMPORT
2012-07-24,5300,Insurance,COOP INSURANCE CSI,130.15,0.00,receipts,218090,BANKING_IMPORT
2012-07-24,1000,Cash / Clearing,COOP INSURANCE CSI,0.00,130.15,receipts,218090,BANKING_IMPORT
2012-07-25,5120,BANKING,REFUND - Return of door assembly - did not fit,-863.47,0.00,receipts,173574,
2012-07-25,1000,Cash / Clearing,REFUND - Return of door assembly - did not fit,0.00,-863.47,receipts,173574,
2012-07-25,2550,Administrative Expenses,Client music,370.00,0.00,receipts,173592,
2012-07-25,1000,Cash / Clearing,Client music,0.00,370.00,receipts,173592,
2012-07-25,5420,Office Supplies,Desk hutch file cabinet,795.83,0.00,receipts,214005,BANKING_IMPORT | PG17_COLLISION_ORIG_ID=173578 | FALLBACK_BT=96060
2012-07-25,1000,Cash / Clearing,Desk hutch file cabinet,0.00,795.83,receipts,214005,BANKING_IMPORT | PG17_COLLISION_ORIG_ID=173578 | FALLBACK_BT=96060
2012-07-25,5420,Office Supplies,PAPER,47.21,0.00,receipts,214183,96971
2012-07-25,1000,Cash / Clearing,PAPER,0.00,47.21,receipts,214183,96971
2012-07-26,5425,Building & Property Maintenance,Security lock for file cabinets with CC info,105.00,0.00,receipts,140477,BANKING_IMPORT
2012-07-26,1000,Cash / Clearing,Security lock for file cabinets with CC info,0.00,105.00,receipts,140477,BANKING_IMPORT
2012-07-26,5116,"Client Amenities - Food, Coffee, Supplies",LIQUOR BARN,93.61,0.00,receipts,140478,BANKING_IMPORT
2012-07-26,1000,Cash / Clearing,LIQUOR BARN,0.00,93.61,receipts,140478,BANKING_IMPORT
2012-07-26,1015,Petty Cash,PETTY CASH FUNDING,2200.00,0.00,receipts,170253,BANKING_IMPORT
2012-07-26,1000,Cash / Clearing,PETTY CASH FUNDING,0.00,2200.00,receipts,170253,BANKING_IMPORT
2012-07-26,5420,Office Supplies,STAPLES,47.21,0.00,receipts,214349,99938
2012-07-26,1000,Cash / Clearing,STAPLES,0.00,47.21,receipts,214349,99938
2012-07-26,5110,BANKING,CENTEX,41.00,0.00,receipts,215562,
2012-07-26,1000,Cash / Clearing,CENTEX,0.00,41.00,receipts,215562,
2012-07-26,2550,BANKING,EDMONTON AIRPORT AUTHORITY,5.00,0.00,receipts,217086,
2012-07-26,1000,Cash / Clearing,EDMONTON AIRPORT AUTHORITY,0.00,5.00,receipts,217086,
2012-07-27,5110,Fuel,CENTEX,162.36,0.00,receipts,140482,BANKING_IMPORT
2012-07-27,1000,Cash / Clearing,CENTEX,0.00,162.36,receipts,140482,BANKING_IMPORT
2012-07-27,5110,Fuel,Fuel L-9,57.00,0.00,receipts,140483,BANKING_IMPORT
2012-07-27,1000,Cash / Clearing,Fuel L-9,0.00,57.00,receipts,140483,BANKING_IMPORT
2012-07-27,5420,Office Supplies,chair mats filing boxes chair ect,1021.52,0.00,receipts,140484,BANKING_IMPORT
2012-07-27,1000,Cash / Clearing,chair mats filing boxes chair ect,0.00,1021.52,receipts,140484,BANKING_IMPORT
2012-07-27,5116,BANKING,Coffe and ice,4.55,0.00,receipts,214085,
2012-07-27,1000,Cash / Clearing,Coffe and ice,0.00,4.55,receipts,214085,
2012-07-27,5120,BANKING,THE TRUCK TOWN WASH,18.48,0.00,receipts,215160,
2012-07-27,1000,Cash / Clearing,THE TRUCK TOWN WASH,0.00,18.48,receipts,215160,
2012-07-27,5120,BANKING,L8,10.00,0.00,receipts,215162,
2012-07-27,1000,Cash / Clearing,L8,0.00,10.00,receipts,215162,
2012-07-27,5120,BANKING,MR SUDS INC.,9.00,0.00,receipts,215163,
2012-07-27,1000,Cash / Clearing,MR SUDS INC.,0.00,9.00,receipts,215163,
2012-07-27,2550,BANKING,HANDS FREE DEVICE,104.99,0.00,receipts,217204,
2012-07-27,1000,Cash / Clearing,HANDS FREE DEVICE,0.00,104.99,receipts,217204,
2012-07-28,5116,BANKING,BEVERAGE,35.22,0.00,receipts,214998,
2012-07-28,1000,Cash / Clearing,BEVERAGE,0.00,35.22,receipts,214998,
2012-07-28,5110,BANKING,CENTEX,30.00,0.00,receipts,215595,
2012-07-28,1000,Cash / Clearing,CENTEX,0.00,30.00,receipts,215595,
2012-07-28,5110,BANKING,CENTEX,30.00,0.00,receipts,215597,
2012-07-28,1000,Cash / Clearing,CENTEX,0.00,30.00,receipts,215597,
2012-07-28,2550,BANKING,TRIM BROKEN,84.00,0.00,receipts,217205,
2012-07-28,1000,Cash / Clearing,TRIM BROKEN,0.00,84.00,receipts,217205,
2012-07-28,5110,BANKING,CENTEX,35.00,0.00,receipts,221462,
2012-07-28,1000,Cash / Clearing,CENTEX,0.00,35.00,receipts,221462,
2012-07-30,5300,Administrative Expenses,WALMART,57.71,0.00,receipts,140487,BANKING_IMPORT
2012-07-30,1000,Cash / Clearing,WALMART,0.00,57.71,receipts,140487,BANKING_IMPORT
2012-07-30,5110,Fuel,CENTEX,42.02,0.00,receipts,140489,BANKING_IMPORT
2012-07-30,1000,Cash / Clearing,CENTEX,0.00,42.02,receipts,140489,BANKING_IMPORT
2012-07-30,5116,"Client Amenities - Food, Coffee, Supplies",beverages,44.02,0.00,receipts,140490,BANKING_IMPORT
2012-07-30,1000,Cash / Clearing,beverages,0.00,44.02,receipts,140490,BANKING_IMPORT
2012-07-30,5116,"Client Amenities - Food, Coffee, Supplies",BOTTOMS UP COLD BEER,80.65,0.00,receipts,140492,BANKING_IMPORT
2012-07-30,1000,Cash / Clearing,BOTTOMS UP COLD BEER,0.00,80.65,receipts,140492,BANKING_IMPORT
2012-07-30,5116,"Client Amenities - Food, Coffee, Supplies",LIQUOR BARN,114.86,0.00,receipts,140494,BANKING_IMPORT
2012-07-30,1000,Cash / Clearing,LIQUOR BARN,0.00,114.86,receipts,140494,BANKING_IMPORT
2012-07-30,5300,Administrative Expenses,WALMART,109.86,0.00,receipts,140495,BANKING_IMPORT
2012-07-30,1000,Cash / Clearing,WALMART,0.00,109.86,receipts,140495,BANKING_IMPORT
2012-07-30,5110,Fuel,MOHAWK,65.01,0.00,receipts,142697,BANKING_IMPORT
2012-07-30,1000,Cash / Clearing,MOHAWK,0.00,65.01,receipts,142697,BANKING_IMPORT
2012-07-30,5420,BANKING,NOTEBOOKS BINDERD FOLDERS ECT,105.85,0.00,receipts,214941,
2012-07-30,1000,Cash / Clearing,NOTEBOOKS BINDERD FOLDERS ECT,0.00,105.85,receipts,214941,
2012-07-30,5110,BANKING,CENTEX,42.49,0.00,receipts,215588,
2012-07-30,1000,Cash / Clearing,CENTEX,0.00,42.49,receipts,215588,
2012-07-30,5120,BANKING,dimmer  wiring outlets L-11,61.73,0.00,receipts,216972,69161
2012-07-30,1000,Cash / Clearing,dimmer  wiring outlets L-11,0.00,61.73,receipts,216972,69161
2012-07-30,5110,Fuel,FUEL,42.01,0.00,receipts,217436,BANKING_IMPORT
2012-07-30,1000,Cash / Clearing,FUEL,0.00,42.01,receipts,217436,BANKING_IMPORT
2012-07-30,5116,"Client Amenities - Food, Coffee, Supplies",ICE,9.27,0.00,receipts,217437,BANKING_IMPORT
2012-07-30,1000,Cash / Clearing,ICE,0.00,9.27,receipts,217437,BANKING_IMPORT
2012-07-30,5110,Fuel,CENTEX,51.28,0.00,receipts,218091,BANKING_IMPORT
2012-07-30,1000,Cash / Clearing,CENTEX,0.00,51.28,receipts,218091,BANKING_IMPORT
2012-07-30,5110,Fuel,MOHAWK,65.01,0.00,receipts,218092,BANKING_IMPORT
2012-07-30,1000,Cash / Clearing,MOHAWK,0.00,65.01,receipts,218092,BANKING_IMPORT
2012-07-31,5710,Bank Fees & Service Charges,SERVICE CHARGE,123.70,0.00,receipts,140499,BANKING_IMPORT
2012-07-31,1000,Cash / Clearing,SERVICE CHARGE,0.00,123.70,receipts,140499,BANKING_IMPORT
2012-07-31,5116,"Client Amenities - Food, Coffee, Supplies",LIQUOR BARN,229.32,0.00,receipts,140500,BANKING_IMPORT
2012-07-31,1000,Cash / Clearing,LIQUOR BARN,0.00,229.32,receipts,140500,BANKING_IMPORT
2012-07-31,5420,Office Supplies,surge suppressor keyboard mouse files folders,477.77,0.00,receipts,140501,BANKING_IMPORT
2012-07-31,1000,Cash / Clearing,surge suppressor keyboard mouse files folders,0.00,477.77,receipts,140501,BANKING_IMPORT
2012-07-31,5710,Bank Fees & Service Charges,BANK FEE,35.00,0.00,receipts,214350,99940
2012-07-31,1000,Cash / Clearing,BANK FEE,0.00,35.00,receipts,214350,99940
2012-07-31,5710,Bank Fees & Service Charges,Overdraft Interest,0.48,0.00,receipts,215977,BANKING_IMPORT
2012-07-31,1000,Cash / Clearing,Overdraft Interest,0.00,0.48,receipts,215977,BANKING_IMPORT
2012-07-31,5710,Bank Fees & Service Charges,Bank Charges & Interest,35.48,0.00,receipts,216358,BANKING_IMPORT
2012-07-31,1000,Cash / Clearing,Bank Charges & Interest,0.00,35.48,receipts,216358,BANKING_IMPORT
2012-07-31,5710,Bank Fees & Service Charges,Account Fee,35.00,0.00,receipts,216907,BANKING_IMPORT
2012-07-31,1000,Cash / Clearing,Account Fee,0.00,35.00,receipts,216907,BANKING_IMPORT
2012-07-31,5710,Bank Fees & Service Charges,Bank Charges & Interest,35.48,0.00,receipts,217603,BANKING_IMPORT
2012-07-31,1000,Cash / Clearing,Bank Charges & Interest,0.00,35.48,receipts,217603,BANKING_IMPORT
2012-07-31,2910,BANKING,BILL PAYMENT- CAPITAL ONE MASTERCARD,250.00,0.00,receipts,218093,BANKING_IMPORT
2012-07-31,1000,Cash / Clearing,BILL PAYMENT- CAPITAL ONE MASTERCARD,0.00,250.00,receipts,218093,BANKING_IMPORT
2012-08-01,5420,Office Supplies,Desk pad,23.72,0.00,receipts,142708,BANKING_IMPORT
2012-08-01,1000,Cash / Clearing,Desk pad,0.00,23.72,receipts,142708,BANKING_IMPORT
2012-08-01,6105,BANKING,MEETING CLIENTS,17.73,0.00,receipts,214967,
2012-08-01,1000,Cash / Clearing,MEETING CLIENTS,0.00,17.73,receipts,214967,
2012-08-01,5710,Bank Fees & Service Charges,Merchant Services Fee,392.45,0.00,receipts,216359,BANKING_IMPORT
2012-08-01,1000,Cash / Clearing,Merchant Services Fee,0.00,392.45,receipts,216359,BANKING_IMPORT
2012-08-01,5110,Fuel,fuel,61.77,0.00,receipts,217472,
2012-08-01,1000,Cash / Clearing,fuel,0.00,61.77,receipts,217472,
2012-08-01,5710,Bank Fees & Service Charges,ACARD PAYMENT,4.95,0.00,receipts,217580,
2012-08-01,1000,Cash / Clearing,ACARD PAYMENT,0.00,4.95,receipts,217580,
2012-08-01,2910,BANKING,CHQ 15 DALE MENARD,1511.17,0.00,receipts,217739,BANKING_IMPORT
2012-08-01,1000,Cash / Clearing,CHQ 15 DALE MENARD,0.00,1511.17,receipts,217739,BANKING_IMPORT
2012-08-01,2910,BANKING,CHQ 12 PAUL MANSELL,3071.04,0.00,receipts,217740,BANKING_IMPORT
2012-08-01,1000,Cash / Clearing,CHQ 12 PAUL MANSELL,0.00,3071.04,receipts,217740,BANKING_IMPORT
2012-08-01,2910,BANKING,PRAIRIE OFFICE SUPPLIES,23.72,0.00,receipts,218094,BANKING_IMPORT
2012-08-01,1000,Cash / Clearing,PRAIRIE OFFICE SUPPLIES,0.00,23.72,receipts,218094,BANKING_IMPORT
2012-08-02,5110,Fuel,EASTHILL MEDICA,80.00,0.00,receipts,142714,BANKING_IMPORT
2012-08-02,1000,Cash / Clearing,EASTHILL MEDICA,0.00,80.00,receipts,142714,BANKING_IMPORT
2012-08-02,5710,Bank Fees & Service Charges,EXECUTIVE HOME BUILDERS,20.99,0.00,receipts,150586,BANKING_IMPORT
2012-08-02,1000,Cash / Clearing,EXECUTIVE HOME BUILDERS,0.00,20.99,receipts,150586,BANKING_IMPORT
2012-08-02,5720,Charter Revenue,Mcard Deposit,249.27,0.00,receipts,170285,BANKING_IMPORT
2012-08-02,1000,Cash / Clearing,Mcard Deposit,0.00,249.27,receipts,170285,BANKING_IMPORT
2012-08-02,6400,BANKING,STORAGE DRIVE,172.15,0.00,receipts,217191,
2012-08-02,1000,Cash / Clearing,STORAGE DRIVE,0.00,172.15,receipts,217191,
2012-08-02,2910,BANKING,EASHILL MEDICAL,80.00,0.00,receipts,218095,BANKING_IMPORT
2012-08-02,1000,Cash / Clearing,EASHILL MEDICAL,0.00,80.00,receipts,218095,BANKING_IMPORT
2012-08-02,2910,BANKING,EXECUTIVE HOME BUILDERS,20.99,0.00,receipts,218096,BANKING_IMPORT
2012-08-02,1000,Cash / Clearing,EXECUTIVE HOME BUILDERS,0.00,20.99,receipts,218096,BANKING_IMPORT
2012-08-03,5116,"Client Amenities - Food, Coffee, Supplies",UPTOWN LIQUOR STORE,66.00,0.00,receipts,142727,BANKING_IMPORT
2012-08-03,1000,Cash / Clearing,UPTOWN LIQUOR STORE,0.00,66.00,receipts,142727,BANKING_IMPORT
2012-08-03,6300,BANKING,RED DEER REGISTRIES,413.35,0.00,receipts,142728,BANKING_IMPORT
2012-08-03,1000,Cash / Clearing,RED DEER REGISTRIES,0.00,413.35,receipts,142728,BANKING_IMPORT
2012-08-03,5250,WCB Premiums,overdue charge,14.37,0.00,receipts,145290,18555869
2012-08-03,1000,Cash / Clearing,overdue charge,0.00,14.37,receipts,145290,18555869
2012-08-03,1015,Petty Cash,PETTY CASH FUNDING,400.00,0.00,receipts,170290,BANKING_IMPORT
2012-08-03,1000,Cash / Clearing,PETTY CASH FUNDING,0.00,400.00,receipts,170290,BANKING_IMPORT
2012-08-03,1015,Petty Cash,PETTY CASH FUNDING,1000.00,0.00,receipts,170291,BANKING_IMPORT
2012-08-03,1000,Cash / Clearing,PETTY CASH FUNDING,0.00,1000.00,receipts,170291,BANKING_IMPORT
2012-08-03,5720,Charter Revenue,Vcard Deposit,596.05,0.00,receipts,170292,BANKING_IMPORT
2012-08-03,1000,Cash / Clearing,Vcard Deposit,0.00,596.05,receipts,170292,BANKING_IMPORT
2012-08-03,5116,"Client Amenities - Food, Coffee, Supplies",LIQUOR BARN,128.28,0.00,receipts,214351,99946
2012-08-03,1000,Cash / Clearing,LIQUOR BARN,0.00,128.28,receipts,214351,99946
2012-08-03,1015,Petty Cash,PETTY CASH FUNDING,600.00,0.00,receipts,217663,BANKING_IMPORT
2012-08-03,1000,Cash / Clearing,PETTY CASH FUNDING,0.00,600.00,receipts,217663,BANKING_IMPORT
2012-08-03,5180,BANKING,RED DEER REGISTRIES,413.35,0.00,receipts,218097,BANKING_IMPORT
2012-08-03,1000,Cash / Clearing,RED DEER REGISTRIES,0.00,413.35,receipts,218097,BANKING_IMPORT
2012-08-03,2910,BANKING,UPTOWN LIQUOR STORE,66.00,0.00,receipts,218098,BANKING_IMPORT
2012-08-03,1000,Cash / Clearing,UPTOWN LIQUOR STORE,0.00,66.00,receipts,218098,BANKING_IMPORT
2012-08-03,5116,"Client Amenities - Food, Coffee, Supplies",LIQUOR BARN,128.28,0.00,receipts,218099,BANKING_IMPORT
2012-08-03,1000,Cash / Clearing,LIQUOR BARN,0.00,128.28,receipts,218099,BANKING_IMPORT
2012-08-04,5116,BANKING,LIQUOR BARN,34.70,0.00,receipts,215623,
2012-08-04,1000,Cash / Clearing,LIQUOR BARN,0.00,34.70,receipts,215623,
2012-08-04,5116,BANKING,PLAZA LIQUOR TOWN,69.43,0.00,receipts,215663,
2012-08-04,1000,Cash / Clearing,PLAZA LIQUOR TOWN,0.00,69.43,receipts,215663,
2012-08-04,5116,"Client Amenities - Food, Coffee, Supplies",ice,4.89,0.00,receipts,215687,
2012-08-04,1000,Cash / Clearing,ice,0.00,4.89,receipts,215687,
2012-08-04,5116,BANKING,ALL ABOARD FINE WINE ANS SPIRITS,51.31,0.00,receipts,215688,
2012-08-04,1000,Cash / Clearing,ALL ABOARD FINE WINE ANS SPIRITS,0.00,51.31,receipts,215688,
2012-08-04,5116,BANKING,WATER,7.34,0.00,receipts,217113,
2012-08-04,1000,Cash / Clearing,WATER,0.00,7.34,receipts,217113,
2012-08-04,5116,BANKING,SOBEYS,12.08,0.00,receipts,217136,
2012-08-04,1000,Cash / Clearing,SOBEYS,0.00,12.08,receipts,217136,
2012-08-04,5116,BANKING,LIQUOR DEPOT,87.27,0.00,receipts,217137,
2012-08-04,1000,Cash / Clearing,LIQUOR DEPOT,0.00,87.27,receipts,217137,
2012-08-06,5110,BANKING,fuel,40.00,0.00,receipts,215298,
2012-08-06,1000,Cash / Clearing,fuel,0.00,40.00,receipts,215298,
2012-08-07,5860,Supplies - General Business,A BUCK OR TWO,75.60,0.00,receipts,140515,BANKING_IMPORT
2012-08-07,1000,Cash / Clearing,A BUCK OR TWO,0.00,75.60,receipts,140515,BANKING_IMPORT
2012-08-07,5110,Fuel,RUN'N ON EMPTY,104.00,0.00,receipts,140516,BANKING_IMPORT
2012-08-07,1000,Cash / Clearing,RUN'N ON EMPTY,0.00,104.00,receipts,140516,BANKING_IMPORT
2012-08-07,5110,Fuel,RUN'N ON EMPTY,58.50,0.00,receipts,140517,BANKING_IMPORT
2012-08-07,1000,Cash / Clearing,RUN'N ON EMPTY,0.00,58.50,receipts,140517,BANKING_IMPORT
2012-08-07,5420,BANKING,HABITAT FOR HUMANITY,20.00,0.00,receipts,140518,BANKING_IMPORT
2012-08-07,1000,Cash / Clearing,HABITAT FOR HUMANITY,0.00,20.00,receipts,140518,BANKING_IMPORT
2012-08-07,5210,BANKING,CHQ 14 ZAC KELLER,599.06,0.00,receipts,140519,BANKING_IMPORT
2012-08-07,1000,Cash / Clearing,CHQ 14 ZAC KELLER,0.00,599.06,receipts,140519,BANKING_IMPORT
2012-08-07,1015,Petty Cash,PETTY CASH FUNDING,300.00,0.00,receipts,170304,BANKING_IMPORT
2012-08-07,1000,Cash / Clearing,PETTY CASH FUNDING,0.00,300.00,receipts,170304,BANKING_IMPORT
2012-08-07,5110,BANKING,RUN'N ON EMPTY,31.01,0.00,receipts,215234,
2012-08-07,1000,Cash / Clearing,RUN'N ON EMPTY,0.00,31.01,receipts,215234,
2012-08-07,5715,NSF Fees,NSF Fee,45.00,0.00,receipts,215978,BANKING_IMPORT
2012-08-07,1000,Cash / Clearing,NSF Fee,0.00,45.00,receipts,215978,BANKING_IMPORT
2012-08-07,5150,Vehicle Lease Payments,LFG vehicle operating lease payment,101.14,0.00,receipts,216815,BANKING_IMPORT
2012-08-07,1000,Cash / Clearing,LFG vehicle operating lease payment,0.00,101.14,receipts,216815,BANKING_IMPORT
2012-08-07,5715,BANKING,NSF Fee,45.00,0.00,receipts,216908,BANKING_IMPORT
2012-08-07,1000,Cash / Clearing,NSF Fee,0.00,45.00,receipts,216908,BANKING_IMPORT
2012-08-08,5710,Bank Fees & Service Charges,INTERAC FEE,1.50,0.00,receipts,140522,BANKING_IMPORT
2012-08-08,1000,Cash / Clearing,INTERAC FEE,0.00,1.50,receipts,140522,BANKING_IMPORT
2012-08-08,1015,Petty Cash,PETTY CASH FUNDING,101.50,0.00,receipts,170310,BANKING_IMPORT
2012-08-08,1000,Cash / Clearing,PETTY CASH FUNDING,0.00,101.50,receipts,170310,BANKING_IMPORT
2012-08-08,1015,Petty Cash,PETTY CASH FUNDING,43.75,0.00,receipts,214082,
2012-08-08,1000,Cash / Clearing,PETTY CASH FUNDING,0.00,43.75,receipts,214082,
2012-08-08,5120,BANKING,wash,22.50,0.00,receipts,214889,
2012-08-08,1000,Cash / Clearing,wash,0.00,22.50,receipts,214889,
2012-08-08,5116,BANKING,UPTOWN LIQUOR STORE,110.24,0.00,receipts,215674,
2012-08-08,1000,Cash / Clearing,UPTOWN LIQUOR STORE,0.00,110.24,receipts,215674,
2012-08-08,5116,BANKING,UPTOWN LIQUOR STORE,27.98,0.00,receipts,215675,
2012-08-08,1000,Cash / Clearing,UPTOWN LIQUOR STORE,0.00,27.98,receipts,215675,
2012-08-08,5116,BANKING,LIQUOR DEPOT,60.74,0.00,receipts,215742,
2012-08-08,1000,Cash / Clearing,LIQUOR DEPOT,0.00,60.74,receipts,215742,
2012-08-08,5116,BANKING,LIQUOR DEPOT,29.84,0.00,receipts,215743,
2012-08-08,1000,Cash / Clearing,LIQUOR DEPOT,0.00,29.84,receipts,215743,
2012-08-08,5116,BANKING,LIQUOR DEPOT,93.07,0.00,receipts,215744,
2012-08-08,1000,Cash / Clearing,LIQUOR DEPOT,0.00,93.07,receipts,215744,
2012-08-08,5116,BANKING,LIQUOR DEPOT,61.32,0.00,receipts,215745,
2012-08-08,1000,Cash / Clearing,LIQUOR DEPOT,0.00,61.32,receipts,215745,
2012-08-08,5110,BANKING,CENTEX,40.00,0.00,receipts,216941,
2012-08-08,1000,Cash / Clearing,CENTEX,0.00,40.00,receipts,216941,
2012-08-08,5110,Fuel,fuel,130.02,0.00,receipts,216992,BANKING_IMPORT
2012-08-08,1000,Cash / Clearing,fuel,0.00,130.02,receipts,216992,BANKING_IMPORT
2012-08-08,5116,"Client Amenities - Food, Coffee, Supplies",ice,13.00,0.00,receipts,216993,BANKING_IMPORT
2012-08-08,1000,Cash / Clearing,ice,0.00,13.00,receipts,216993,BANKING_IMPORT
2012-08-08,5320,BANKING,DENNYS,33.03,0.00,receipts,217518,
2012-08-08,1000,Cash / Clearing,DENNYS,0.00,33.03,receipts,217518,
2012-08-08,2910,BANKING,CHQ 16 DOUG REDMOND,2088.59,0.00,receipts,217741,BANKING_IMPORT
2012-08-08,1000,Cash / Clearing,CHQ 16 DOUG REDMOND,0.00,2088.59,receipts,217741,BANKING_IMPORT
2012-08-08,5120,Vehicle Maintenance & Repairs,CANADIAN TIRE,143.02,0.00,receipts,218100,BANKING_IMPORT
2012-08-08,1000,Cash / Clearing,CANADIAN TIRE,0.00,143.02,receipts,218100,BANKING_IMPORT
2012-08-08,5150,Vehicle Operating Leases,LFG BUSINESS PAD,202.27,0.00,receipts,218101,BANKING_IMPORT
2012-08-08,1000,Cash / Clearing,LFG BUSINESS PAD,0.00,202.27,receipts,218101,BANKING_IMPORT
2012-08-09,5110,Fuel,RUN'N ON EMPTY,32.01,0.00,receipts,140528,BANKING_IMPORT
2012-08-09,1000,Cash / Clearing,RUN'N ON EMPTY,0.00,32.01,receipts,140528,BANKING_IMPORT
2012-08-09,5440,Rent & Utilities,CHQ 18 FIBRENEW,1207.50,0.00,receipts,140529,BANKING_IMPORT
2012-08-09,1000,Cash / Clearing,CHQ 18 FIBRENEW,0.00,1207.50,receipts,140529,BANKING_IMPORT
2012-08-09,5120,BANKING,L2,9.00,0.00,receipts,215165,
2012-08-09,1000,Cash / Clearing,L2,0.00,9.00,receipts,215165,
2012-08-09,5116,BANKING,LIQUOR BARN,135.20,0.00,receipts,215496,
2012-08-09,1000,Cash / Clearing,LIQUOR BARN,0.00,135.20,receipts,215496,
2012-08-09,5116,BANKING,LIQUOR BARN,76.30,0.00,receipts,215497,
2012-08-09,1000,Cash / Clearing,LIQUOR BARN,0.00,76.30,receipts,215497,
2012-08-09,2550,BANKING,COSTCO,306.83,0.00,receipts,215677,
2012-08-09,1000,Cash / Clearing,COSTCO,0.00,306.83,receipts,215677,
2012-08-09,5420,BANKING,PENS,18.00,0.00,receipts,217048,
2012-08-09,1000,Cash / Clearing,PENS,0.00,18.00,receipts,217048,
2012-08-10,5120,Vehicle Maintenance & Repairs,PARRS AUTOMOTIVE,1000.00,0.00,receipts,140531,BANKING_IMPORT
2012-08-10,1000,Cash / Clearing,PARRS AUTOMOTIVE,0.00,1000.00,receipts,140531,BANKING_IMPORT
2012-08-10,5120,Vehicle Maintenance & Repairs,PARRS AUTOMOTIVE,300.00,0.00,receipts,142757,BANKING_IMPORT
2012-08-10,1000,Cash / Clearing,PARRS AUTOMOTIVE,0.00,300.00,receipts,142757,BANKING_IMPORT
2012-08-10,5120,BANKING,L11,12.35,0.00,receipts,215099,
2012-08-10,1000,Cash / Clearing,L11,0.00,12.35,receipts,215099,
2012-08-10,5120,Vehicle Maintenance & Repairs,PARRS AUTOMOTIVE cash pymt inv#5981,700.00,0.00,receipts,215488,BANKING_IMPORT
2012-08-10,1000,Cash / Clearing,PARRS AUTOMOTIVE cash pymt inv#5981,0.00,700.00,receipts,215488,BANKING_IMPORT
2012-08-10,5116,BANKING,ice,20.04,0.00,receipts,215498,
2012-08-10,1000,Cash / Clearing,ice,0.00,20.04,receipts,215498,
2012-08-10,1230,BANKING,FILLING CABENET,288.75,0.00,receipts,217193,
2012-08-10,1000,Cash / Clearing,FILLING CABENET,0.00,288.75,receipts,217193,
2012-08-10,2910,BANKING,CHQ 19 ANGEL ESCOBAR,827.48,0.00,receipts,217742,BANKING_IMPORT
2012-08-10,1000,Cash / Clearing,CHQ 19 ANGEL ESCOBAR,0.00,827.48,receipts,217742,BANKING_IMPORT
2012-08-10,2910,BANKING,CHQ 20 ANGEL ESCOBAR,155.00,0.00,receipts,217743,BANKING_IMPORT
2012-08-10,1000,Cash / Clearing,CHQ 20 ANGEL ESCOBAR,0.00,155.00,receipts,217743,BANKING_IMPORT
2012-08-10,2910,BANKING,CHQ 13 JEANNIE SHILLINGTON,3086.58,0.00,receipts,217744,BANKING_IMPORT
2012-08-10,1000,Cash / Clearing,CHQ 13 JEANNIE SHILLINGTON,0.00,3086.58,receipts,217744,BANKING_IMPORT
2012-08-10,2910,BANKING,CHQ 278 PARRS AUTOMOTIVE,300.00,0.00,receipts,217745,BANKING_IMPORT
2012-08-10,1000,Cash / Clearing,CHQ 278 PARRS AUTOMOTIVE,0.00,300.00,receipts,217745,BANKING_IMPORT
2012-08-11,5110,BANKING,SHELL,67.03,0.00,receipts,215203,
2012-08-11,1000,Cash / Clearing,SHELL,0.00,67.03,receipts,215203,
2012-08-11,5110,BANKING,FUEL,39.00,0.00,receipts,215238,
2012-08-11,1000,Cash / Clearing,FUEL,0.00,39.00,receipts,215238,
2012-08-11,5116,BANKING,LIQUOR BARN,42.24,0.00,receipts,215327,
2012-08-11,1000,Cash / Clearing,LIQUOR BARN,0.00,42.24,receipts,215327,
2012-08-11,5116,BANKING,LIQUOR BARN,6.68,0.00,receipts,215340,
2012-08-11,1000,Cash / Clearing,LIQUOR BARN,0.00,6.68,receipts,215340,
2012-08-11,5110,BANKING,fuel,48.00,0.00,receipts,215349,
2012-08-11,1000,Cash / Clearing,fuel,0.00,48.00,receipts,215349,
2012-08-11,2550,BANKING,COOP LIQUOR,89.20,0.00,receipts,217028,
2012-08-11,1000,Cash / Clearing,COOP LIQUOR,0.00,89.20,receipts,217028,
2012-08-12,2550,Advertising,Trade show supplies,184.99,0.00,receipts,173586,
2012-08-12,1000,Cash / Clearing,Trade show supplies,0.00,184.99,receipts,173586,
2012-08-12,5110,BANKING,fuel,62.00,0.00,receipts,215300,
2012-08-12,1000,Cash / Clearing,fuel,0.00,62.00,receipts,215300,
2012-08-12,5110,BANKING,fuel,50.01,0.00,receipts,215302,
2012-08-12,1000,Cash / Clearing,fuel,0.00,50.01,receipts,215302,
2012-08-12,5110,BANKING,CENTEX,52.00,0.00,receipts,215345,
2012-08-12,1000,Cash / Clearing,CENTEX,0.00,52.00,receipts,215345,
2012-08-12,5116,BANKING,UPTOWN LIQUOR STORE,10.39,0.00,receipts,215673,
2012-08-12,1000,Cash / Clearing,UPTOWN LIQUOR STORE,0.00,10.39,receipts,215673,
2012-08-12,5320,BANKING,BOSTON PIZZA,65.52,0.00,receipts,217502,
2012-08-12,1000,Cash / Clearing,BOSTON PIZZA,0.00,65.52,receipts,217502,
2012-08-13,5116,"Client Amenities - Food, Coffee, Supplies",LIQUOR BARN,52.09,0.00,receipts,140538,BANKING_IMPORT
2012-08-13,1000,Cash / Clearing,LIQUOR BARN,0.00,52.09,receipts,140538,BANKING_IMPORT
2012-08-13,5116,"Client Amenities - Food, Coffee, Supplies",LIQUOR BARN,261.95,0.00,receipts,140539,BANKING_IMPORT
2012-08-13,1000,Cash / Clearing,LIQUOR BARN,0.00,261.95,receipts,140539,BANKING_IMPORT
2012-08-13,5110,Fuel,SHELL,131.29,0.00,receipts,140540,BANKING_IMPORT
2012-08-13,1000,Cash / Clearing,SHELL,0.00,131.29,receipts,140540,BANKING_IMPORT
2012-08-13,5120,BANKING,keys to new shop,35.70,0.00,receipts,214936,
2012-08-13,1000,Cash / Clearing,keys to new shop,0.00,35.70,receipts,214936,
2012-08-13,5110,BANKING,RUN'N ON EMPTY,65.01,0.00,receipts,215243,
2012-08-13,1000,Cash / Clearing,RUN'N ON EMPTY,0.00,65.01,receipts,215243,
2012-08-13,2910,BANKING,CHQ 17 MICHAEL RICHARD,1908.11,0.00,receipts,217746,BANKING_IMPORT
2012-08-13,1000,Cash / Clearing,CHQ 17 MICHAEL RICHARD,0.00,1908.11,receipts,217746,BANKING_IMPORT
2012-08-14,5120,BANKING,combined receipts returned wiper blades 99.56 -11.72.,87.84,0.00,receipts,214852,
2012-08-14,1000,Cash / Clearing,combined receipts returned wiper blades 99.56 -11.72.,0.00,87.84,receipts,214852,
2012-08-14,5116,BANKING,UPTOWN LIQUOR STORE,58.50,0.00,receipts,215676,
2012-08-14,1000,Cash / Clearing,UPTOWN LIQUOR STORE,0.00,58.50,receipts,215676,
2012-08-14,5420,BANKING,THE SOURCE,18.89,0.00,receipts,217054,
2012-08-14,1000,Cash / Clearing,THE SOURCE,0.00,18.89,receipts,217054,
2012-08-14,2550,BANKING,PAINT MARKERS TOUCHUP,22.57,0.00,receipts,217187,
2012-08-14,1000,Cash / Clearing,PAINT MARKERS TOUCHUP,0.00,22.57,receipts,217187,
2012-08-15,5110,BANKING,ESSO,67.01,0.00,receipts,214887,
2012-08-15,1000,Cash / Clearing,ESSO,0.00,67.01,receipts,214887,
2012-08-15,5715,NSF Fees,NSF Fee,45.00,0.00,receipts,215979,BANKING_IMPORT
2012-08-15,1000,Cash / Clearing,NSF Fee,0.00,45.00,receipts,215979,BANKING_IMPORT
2012-08-15,5715,BANKING,NSF Fee,45.00,0.00,receipts,216909,BANKING_IMPORT
2012-08-15,1000,Cash / Clearing,NSF Fee,0.00,45.00,receipts,216909,BANKING_IMPORT
2012-08-15,5120,BANKING,flex coupler L10,10.25,0.00,receipts,217413,
2012-08-15,1000,Cash / Clearing,flex coupler L10,0.00,10.25,receipts,217413,
2012-08-16,5116,"Client Amenities - Food, Coffee, Supplies",LIQUOR BARN,151.95,0.00,receipts,140548,BANKING_IMPORT
2012-08-16,1000,Cash / Clearing,LIQUOR BARN,0.00,151.95,receipts,140548,BANKING_IMPORT
2012-08-16,5116,"Client Amenities - Food, Coffee, Supplies",LIQUOR BARN,55.92,0.00,receipts,140549,BANKING_IMPORT
2012-08-16,1000,Cash / Clearing,LIQUOR BARN,0.00,55.92,receipts,140549,BANKING_IMPORT
2012-08-16,5116,"Client Amenities - Food, Coffee, Supplies",LIQUOR BARN,40.19,0.00,receipts,140550,BANKING_IMPORT
2012-08-16,1000,Cash / Clearing,LIQUOR BARN,0.00,40.19,receipts,140550,BANKING_IMPORT
2012-08-16,5116,"Client Amenities - Food, Coffee, Supplies",LIQUOR BARN,96.67,0.00,receipts,140551,BANKING_IMPORT
2012-08-16,1000,Cash / Clearing,LIQUOR BARN,0.00,96.67,receipts,140551,BANKING_IMPORT
2012-08-16,5116,"Client Amenities - Food, Coffee, Supplies",LIQUOR BARN,99.43,0.00,receipts,140552,BANKING_IMPORT
2012-08-16,1000,Cash / Clearing,LIQUOR BARN,0.00,99.43,receipts,140552,BANKING_IMPORT
2012-08-16,5130,Insurance,OPTIMUM INSURANCE,91.86,0.00,receipts,142770,BANKING_IMPORT
2012-08-16,1000,Cash / Clearing,OPTIMUM INSURANCE,0.00,91.86,receipts,142770,BANKING_IMPORT
2012-08-16,1015,Petty Cash,PETTY CASH FUNDING,300.00,0.00,receipts,170339,BANKING_IMPORT
2012-08-16,1000,Cash / Clearing,PETTY CASH FUNDING,0.00,300.00,receipts,170339,BANKING_IMPORT
2012-08-16,1015,Petty Cash,PETTY CASH FUNDING,100.00,0.00,receipts,170340,BANKING_IMPORT
2012-08-16,1000,Cash / Clearing,PETTY CASH FUNDING,0.00,100.00,receipts,170340,BANKING_IMPORT
2012-08-16,6400,BANKING,VIDEO CARD REPAIR,212.00,0.00,receipts,217192,
2012-08-16,1000,Cash / Clearing,VIDEO CARD REPAIR,0.00,212.00,receipts,217192,
2012-08-16,5300,Insurance,OPTIMUM WEST INSURANCE COMPANY,91.86,0.00,receipts,218102,BANKING_IMPORT
2012-08-16,1000,Cash / Clearing,OPTIMUM WEST INSURANCE COMPANY,0.00,91.86,receipts,218102,BANKING_IMPORT
2012-08-17,5116,"Client Amenities - Food, Coffee, Supplies",LIQUOR BARN,34.29,0.00,receipts,140558,BANKING_IMPORT
2012-08-17,1000,Cash / Clearing,LIQUOR BARN,0.00,34.29,receipts,140558,BANKING_IMPORT
2012-08-17,5116,"Client Amenities - Food, Coffee, Supplies",LIQUOR BARN,123.58,0.00,receipts,140559,BANKING_IMPORT
2012-08-17,1000,Cash / Clearing,LIQUOR BARN,0.00,123.58,receipts,140559,BANKING_IMPORT
2012-08-17,5880,Owner Personal (Non-Deductible),MACS CONVENIENCE,6.91,0.00,receipts,140561,BANKING_IMPORT
2012-08-17,1000,Cash / Clearing,MACS CONVENIENCE,0.00,6.91,receipts,140561,BANKING_IMPORT
2012-08-17,5120,Vehicle Maintenance & Repairs,MR SUDS INC.,7.60,0.00,receipts,140562,BANKING_IMPORT
2012-08-17,1000,Cash / Clearing,MR SUDS INC.,0.00,7.60,receipts,140562,BANKING_IMPORT
2012-08-17,6105,Client Entertainment - Meals,CINEPLEX,22.50,0.00,receipts,142772,BANKING_IMPORT
2012-08-17,1000,Cash / Clearing,CINEPLEX,0.00,22.50,receipts,142772,BANKING_IMPORT
2012-08-17,5110,BANKING,ESSO,48.00,0.00,receipts,214888,
2012-08-17,1000,Cash / Clearing,ESSO,0.00,48.00,receipts,214888,
2012-08-17,5320,BANKING,PHOENIX BUFFET,30.08,0.00,receipts,217573,
2012-08-17,1000,Cash / Clearing,PHOENIX BUFFET,0.00,30.08,receipts,217573,
2012-08-17,2910,BANKING,CHQ 42 DALE MENARD,500.00,0.00,receipts,217747,BANKING_IMPORT
2012-08-17,1000,Cash / Clearing,CHQ 42 DALE MENARD,0.00,500.00,receipts,217747,BANKING_IMPORT
2012-08-17,2910,BANKING,CINEPLEX,22.50,0.00,receipts,218103,BANKING_IMPORT
2012-08-17,1000,Cash / Clearing,CINEPLEX,0.00,22.50,receipts,218103,BANKING_IMPORT
2012-08-18,5110,Fuel,HUSKY,83.82,0.00,receipts,214185,96999
2012-08-18,1000,Cash / Clearing,HUSKY,0.00,83.82,receipts,214185,96999
2012-08-18,5110,BANKING,fuel,60.01,0.00,receipts,215296,
2012-08-18,1000,Cash / Clearing,fuel,0.00,60.01,receipts,215296,
2012-08-18,5116,BANKING,PLAZA LIQUOR TOWN,140.93,0.00,receipts,215666,
2012-08-18,1000,Cash / Clearing,PLAZA LIQUOR TOWN,0.00,140.93,receipts,215666,
2012-08-18,5420,BANKING,THE SOURCE,62.99,0.00,receipts,217053,
2012-08-18,1000,Cash / Clearing,THE SOURCE,0.00,62.99,receipts,217053,
2012-08-18,5116,"Client Amenities - Food, Coffee, Supplies",ice,6.18,0.00,receipts,217392,
2012-08-18,1000,Cash / Clearing,ice,0.00,6.18,receipts,217392,
2012-08-18,2910,BANKING,Husky,83.82,0.00,receipts,218104,BANKING_IMPORT
2012-08-18,1000,Cash / Clearing,Husky,0.00,83.82,receipts,218104,BANKING_IMPORT
2012-08-18,5110,BANKING,L8 fuel,50.01,0.00,receipts,221460,
2012-08-18,1000,Cash / Clearing,L8 fuel,0.00,50.01,receipts,221460,
2012-08-19,5110,BANKING,fuel,46.00,0.00,receipts,215297,
2012-08-19,1000,Cash / Clearing,fuel,0.00,46.00,receipts,215297,
2012-08-19,5110,BANKING,fuel,50.02,0.00,receipts,215299,
2012-08-19,1000,Cash / Clearing,fuel,0.00,50.02,receipts,215299,
2012-08-19,2550,Fuel,fuel,52.02,0.00,receipts,217493,
2012-08-19,1000,Cash / Clearing,fuel,0.00,52.02,receipts,217493,
2012-08-20,5300,Administrative Expenses,REAL CANADIAN SUPERSTORE,75.85,0.00,receipts,140567,BANKING_IMPORT
2012-08-20,1000,Cash / Clearing,REAL CANADIAN SUPERSTORE,0.00,75.85,receipts,140567,BANKING_IMPORT
2012-08-20,5120,Vehicle Maintenance & Repairs,MR SUDS INC.,8.80,0.00,receipts,140568,BANKING_IMPORT
2012-08-20,1000,Cash / Clearing,MR SUDS INC.,0.00,8.80,receipts,140568,BANKING_IMPORT
2012-08-20,2550,BANKING,FUEL,80.02,0.00,receipts,215013,BANKING_IMPORT
2012-08-20,1000,Cash / Clearing,FUEL,0.00,80.02,receipts,215013,BANKING_IMPORT
2012-08-20,2550,BANKING,WATER,3.80,0.00,receipts,215014,BANKING_IMPORT
2012-08-20,1000,Cash / Clearing,WATER,0.00,3.80,receipts,215014,BANKING_IMPORT
2012-08-20,5710,Bank Fees & Service Charges,INTEREST,43.34,0.00,receipts,217348,
2012-08-20,1000,Cash / Clearing,INTEREST,0.00,43.34,receipts,217348,
2012-08-20,5110,Fuel,MOHAWK,83.82,0.00,receipts,218105,BANKING_IMPORT
2012-08-20,1000,Cash / Clearing,MOHAWK,0.00,83.82,receipts,218105,BANKING_IMPORT
2012-08-21,5116,"Client Amenities - Food, Coffee, Supplies",Liquor Barn,57.98,0.00,receipts,185780,BANKING_IMPORT
2012-08-21,1000,Cash / Clearing,Liquor Barn,0.00,57.98,receipts,185780,BANKING_IMPORT
2012-08-21,5116,BANKING,BEVERAGES AND SNACKS CANDY,53.53,0.00,receipts,217080,
2012-08-21,1000,Cash / Clearing,BEVERAGES AND SNACKS CANDY,0.00,53.53,receipts,217080,
2012-08-21,2550,Fuel,fuel,63.76,0.00,receipts,217492,
2012-08-21,1000,Cash / Clearing,fuel,0.00,63.76,receipts,217492,
2012-08-21,5116,"Client Amenities - Food, Coffee, Supplies",Liquor Barn,57.98,0.00,receipts,218106,BANKING_IMPORT
2012-08-21,1000,Cash / Clearing,Liquor Barn,0.00,57.98,receipts,218106,BANKING_IMPORT
2012-08-22,5110,Fuel,CENTEX,63.79,0.00,receipts,140575,BANKING_IMPORT
2012-08-22,1000,Cash / Clearing,CENTEX,0.00,63.79,receipts,140575,BANKING_IMPORT
2012-08-22,5116,"Client Amenities - Food, Coffee, Supplies",LIQUOR BARN,25.48,0.00,receipts,140576,BANKING_IMPORT
2012-08-22,1000,Cash / Clearing,LIQUOR BARN,0.00,25.48,receipts,140576,BANKING_IMPORT
2012-08-22,5116,"Client Amenities - Food, Coffee, Supplies",LIQUOR BARN,116.78,0.00,receipts,140577,BANKING_IMPORT
2012-08-22,1000,Cash / Clearing,LIQUOR BARN,0.00,116.78,receipts,140577,BANKING_IMPORT
2012-08-22,5110,Fuel,CENTEX,52.02,0.00,receipts,140578,BANKING_IMPORT
2012-08-22,1000,Cash / Clearing,CENTEX,0.00,52.02,receipts,140578,BANKING_IMPORT
2012-08-22,1015,Petty Cash,PETTY CASH FUNDING,3000.00,0.00,receipts,170363,BANKING_IMPORT
2012-08-22,1000,Cash / Clearing,PETTY CASH FUNDING,0.00,3000.00,receipts,170363,BANKING_IMPORT
2012-08-22,2550,Supplies - General Business,Send document to Heffner,5.77,0.00,receipts,173580,
2012-08-22,1000,Cash / Clearing,Send document to Heffner,0.00,5.77,receipts,173580,
2012-08-22,5150,Vehicle Operating Leases,CHQ 227 HEFFNER AUTO,2525.25,0.00,receipts,217317,BANKING_IMPORT
2012-08-22,1000,Cash / Clearing,CHQ 227 HEFFNER AUTO,0.00,2525.25,receipts,217317,BANKING_IMPORT
2012-08-22,1015,Petty Cash,PETTY CASH FUNDING,80.00,0.00,receipts,217664,BANKING_IMPORT
2012-08-22,1000,Cash / Clearing,PETTY CASH FUNDING,0.00,80.00,receipts,217664,BANKING_IMPORT
2012-08-22,2910,BANKING,CHQ 227 HEFFNER AUTO,2525.25,0.00,receipts,217748,BANKING_IMPORT
2012-08-22,1000,Cash / Clearing,CHQ 227 HEFFNER AUTO,0.00,2525.25,receipts,217748,BANKING_IMPORT
2012-08-22,5150,Vehicle Lease Payments,JACK CARTER,1885.65,0.00,receipts,218107,BANKING_IMPORT
2012-08-22,1000,Cash / Clearing,JACK CARTER,0.00,1885.65,receipts,218107,BANKING_IMPORT
2012-08-23,5150,Vehicle Lease Payments,HEFFNER AUTO FINANCE,1900.50,0.00,receipts,140579,BANKING_IMPORT
2012-08-23,1000,Cash / Clearing,HEFFNER AUTO FINANCE,0.00,1900.50,receipts,140579,BANKING_IMPORT
2012-08-23,5150,Vehicle Lease Payments,ACE TRUCK RENTALS,2695.41,0.00,receipts,140580,BANKING_IMPORT
2012-08-23,1000,Cash / Clearing,ACE TRUCK RENTALS,0.00,2695.41,receipts,140580,BANKING_IMPORT
2012-08-23,1015,Petty Cash,PETTY CASH FUNDING,100.00,0.00,receipts,170374,BANKING_IMPORT
2012-08-23,1000,Cash / Clearing,PETTY CASH FUNDING,0.00,100.00,receipts,170374,BANKING_IMPORT
2012-08-23,5150,Vehicle Operating Leases,CHQ 222 HEFFNER AUTO,1475.25,0.00,receipts,217318,BANKING_IMPORT
2012-08-23,1000,Cash / Clearing,CHQ 222 HEFFNER AUTO,0.00,1475.25,receipts,217318,BANKING_IMPORT
2012-08-23,2910,BANKING,CHQ 222 HEFFNER AUTO,1475.25,0.00,receipts,217749,BANKING_IMPORT
2012-08-23,1000,Cash / Clearing,CHQ 222 HEFFNER AUTO,0.00,1475.25,receipts,217749,BANKING_IMPORT
2012-08-24,5110,Fuel,CENTEX,35.00,0.00,receipts,140584,BANKING_IMPORT
2012-08-24,1000,Cash / Clearing,CENTEX,0.00,35.00,receipts,140584,BANKING_IMPORT
2012-08-24,5110,Fuel,CENTEX,126.48,0.00,receipts,140585,BANKING_IMPORT
2012-08-24,1000,Cash / Clearing,CENTEX,0.00,126.48,receipts,140585,BANKING_IMPORT
2012-08-24,5110,Fuel,CENTEX,125.01,0.00,receipts,140586,BANKING_IMPORT
2012-08-24,1000,Cash / Clearing,CENTEX,0.00,125.01,receipts,140586,BANKING_IMPORT
2012-08-24,5110,Fuel,RUN'N ON EMPTY,123.01,0.00,receipts,140587,BANKING_IMPORT
2012-08-24,1000,Cash / Clearing,RUN'N ON EMPTY,0.00,123.01,receipts,140587,BANKING_IMPORT
2012-08-24,5120,Vehicle Maintenance & Repairs,MR SUDS INC.,7.60,0.00,receipts,140588,BANKING_IMPORT
2012-08-24,1000,Cash / Clearing,MR SUDS INC.,0.00,7.60,receipts,140588,BANKING_IMPORT
2012-08-24,5116,"Client Amenities - Food, Coffee, Supplies",LIQUOR BARN,25.05,0.00,receipts,140589,BANKING_IMPORT
2012-08-24,1000,Cash / Clearing,LIQUOR BARN,0.00,25.05,receipts,140589,BANKING_IMPORT
2012-08-24,5116,"Client Amenities - Food, Coffee, Supplies",LIQUOR BARN,95.37,0.00,receipts,140590,BANKING_IMPORT
2012-08-24,1000,Cash / Clearing,LIQUOR BARN,0.00,95.37,receipts,140590,BANKING_IMPORT
2012-08-24,5116,"Client Amenities - Food, Coffee, Supplies",LIQUOR BARN,169.77,0.00,receipts,140591,BANKING_IMPORT
2012-08-24,1000,Cash / Clearing,LIQUOR BARN,0.00,169.77,receipts,140591,BANKING_IMPORT
2012-08-24,5116,"Client Amenities - Food, Coffee, Supplies",LIQUOR BARN,73.55,0.00,receipts,140592,BANKING_IMPORT
2012-08-24,1000,Cash / Clearing,LIQUOR BARN,0.00,73.55,receipts,140592,BANKING_IMPORT
2012-08-24,5116,"Client Amenities - Food, Coffee, Supplies",LIQUOR BARN,52.43,0.00,receipts,140593,BANKING_IMPORT
2012-08-24,1000,Cash / Clearing,LIQUOR BARN,0.00,52.43,receipts,140593,BANKING_IMPORT
2012-08-24,5116,"Client Amenities - Food, Coffee, Supplies",LIQUOR BARN,50.65,0.00,receipts,140594,BANKING_IMPORT
2012-08-24,1000,Cash / Clearing,LIQUOR BARN,0.00,50.65,receipts,140594,BANKING_IMPORT
2012-08-24,5116,"Client Amenities - Food, Coffee, Supplies",LIQUOR BARN,38.45,0.00,receipts,140595,BANKING_IMPORT
2012-08-24,1000,Cash / Clearing,LIQUOR BARN,0.00,38.45,receipts,140595,BANKING_IMPORT
2012-08-24,6900,BANKING,CHQ 44 ARROW LIMOUSINE,2000.00,0.00,receipts,140597,BANKING_IMPORT
2012-08-24,1000,Cash / Clearing,CHQ 44 ARROW LIMOUSINE,0.00,2000.00,receipts,140597,BANKING_IMPORT
2012-08-24,5130,Insurance,JEVCO INSURANCE,268.92,0.00,receipts,142788,BANKING_IMPORT
2012-08-24,1000,Cash / Clearing,JEVCO INSURANCE,0.00,268.92,receipts,142788,BANKING_IMPORT
2012-08-24,5130,Insurance,IFS FINANCIAL,1654.94,0.00,receipts,142789,BANKING_IMPORT
2012-08-24,1000,Cash / Clearing,IFS FINANCIAL,0.00,1654.94,receipts,142789,BANKING_IMPORT
2012-08-24,5110,Fuel,PETRO CANADA,65.02,0.00,receipts,170390,BANKING_IMPORT
2012-08-24,1000,Cash / Clearing,PETRO CANADA,0.00,65.02,receipts,170390,BANKING_IMPORT
2012-08-24,2550,BANKING,MOHAWK,50.00,0.00,receipts,215030,
2012-08-24,1000,Cash / Clearing,MOHAWK,0.00,50.00,receipts,215030,
2012-08-24,5120,BANKING,L9,7.60,0.00,receipts,215076,
2012-08-24,1000,Cash / Clearing,L9,0.00,7.60,receipts,215076,
2012-08-24,5120,BANKING,L8,22.80,0.00,receipts,215100,
2012-08-24,1000,Cash / Clearing,L8,0.00,22.80,receipts,215100,
2012-08-24,5120,BANKING,L7,12.35,0.00,receipts,215101,
2012-08-24,1000,Cash / Clearing,L7,0.00,12.35,receipts,215101,
2012-08-24,5110,BANKING,FUEL,37.09,0.00,receipts,215240,
2012-08-24,1000,Cash / Clearing,FUEL,0.00,37.09,receipts,215240,
2012-08-24,5110,BANKING,CENTEX,228.00,0.00,receipts,215293,
2012-08-24,1000,Cash / Clearing,CENTEX,0.00,228.00,receipts,215293,
2012-08-24,5116,BANKING,LIQUOR DEPOT,5.98,0.00,receipts,215739,
2012-08-24,1000,Cash / Clearing,LIQUOR DEPOT,0.00,5.98,receipts,215739,
2012-08-24,5116,BANKING,LIQUOR DEPOT,73.68,0.00,receipts,215740,
2012-08-24,1000,Cash / Clearing,LIQUOR DEPOT,0.00,73.68,receipts,215740,
2012-08-24,5116,BANKING,NON ALCOHOLIC DRINKS,22.24,0.00,receipts,215767,
2012-08-24,1000,Cash / Clearing,NON ALCOHOLIC DRINKS,0.00,22.24,receipts,215767,
2012-08-24,2550,BANKING,RADIOS,63.00,0.00,receipts,217184,
2012-08-24,1000,Cash / Clearing,RADIOS,0.00,63.00,receipts,217184,
2012-08-24,5420,BANKING,SAVE ON FOODS,26.09,0.00,receipts,217246,
2012-08-24,1000,Cash / Clearing,SAVE ON FOODS,0.00,26.09,receipts,217246,
2012-08-24,5110,BANKING,RUN'N ON EMPTY,123.01,0.00,receipts,218108,BANKING_IMPORT
2012-08-24,1000,Cash / Clearing,RUN'N ON EMPTY,0.00,123.01,receipts,218108,BANKING_IMPORT
2012-08-24,5130,Insurance,IFS PREMIUM FINANCING,1654.94,0.00,receipts,218109,BANKING_IMPORT
2012-08-24,1000,Cash / Clearing,IFS PREMIUM FINANCING,0.00,1654.94,receipts,218109,BANKING_IMPORT
2012-08-24,5300,Insurance,JEVCO INSURANCE,268.92,0.00,receipts,218110,BANKING_IMPORT
2012-08-24,1000,Cash / Clearing,JEVCO INSURANCE,0.00,268.92,receipts,218110,BANKING_IMPORT
2012-08-24,5300,Insurance,COOP INSURANCE CSI,105.15,0.00,receipts,218111,BANKING_IMPORT
2012-08-24,1000,Cash / Clearing,COOP INSURANCE CSI,0.00,105.15,receipts,218111,BANKING_IMPORT
2012-08-25,5120,BANKING,L2,9.00,0.00,receipts,215171,
2012-08-25,1000,Cash / Clearing,L2,0.00,9.00,receipts,215171,
2012-08-25,5116,BANKING,ICE,3.19,0.00,receipts,215763,
2012-08-25,1000,Cash / Clearing,ICE,0.00,3.19,receipts,215763,
2012-08-25,5120,BANKING,vehicle blck wax and towels,17.30,0.00,receipts,216979,BANKING_IMPORT
2012-08-25,1000,Cash / Clearing,vehicle blck wax and towels,0.00,17.30,receipts,216979,BANKING_IMPORT
2012-08-25,5116,BANKING,vehicle blck wax and towels,2.49,0.00,receipts,216980,BANKING_IMPORT
2012-08-25,1000,Cash / Clearing,vehicle blck wax and towels,0.00,2.49,receipts,216980,BANKING_IMPORT
2012-08-26,5110,BANKING,ESSO,75.01,0.00,receipts,214925,
2012-08-26,1000,Cash / Clearing,ESSO,0.00,75.01,receipts,214925,
2012-08-26,2550,BANKING,CAPRI LIQUOR STORE,56.98,0.00,receipts,215643,
2012-08-26,1000,Cash / Clearing,CAPRI LIQUOR STORE,0.00,56.98,receipts,215643,
2012-08-27,1135,BANKING,MONEY MART,700.00,0.00,receipts,140600,BANKING_IMPORT
2012-08-27,1000,Cash / Clearing,MONEY MART,0.00,700.00,receipts,140600,BANKING_IMPORT
2012-08-27,5116,"Client Amenities - Food, Coffee, Supplies",BEVERAGES,18.45,0.00,receipts,140603,BANKING_IMPORT
2012-08-27,1000,Cash / Clearing,BEVERAGES,0.00,18.45,receipts,140603,BANKING_IMPORT
2012-08-27,5880,Owner Personal (Non-Deductible),TONY ROMAS,84.35,0.00,receipts,140604,BANKING_IMPORT
2012-08-27,1000,Cash / Clearing,TONY ROMAS,0.00,84.35,receipts,140604,BANKING_IMPORT
2012-08-27,5110,Fuel,ESSO,75.01,0.00,receipts,140605,BANKING_IMPORT
2012-08-27,1000,Cash / Clearing,ESSO,0.00,75.01,receipts,140605,BANKING_IMPORT
2012-08-27,5300,Administrative Expenses,CITIES GASTRO PUB,42.84,0.00,receipts,140606,BANKING_IMPORT
2012-08-27,1000,Cash / Clearing,CITIES GASTRO PUB,0.00,42.84,receipts,140606,BANKING_IMPORT
2012-08-28,5110,Fuel,CENTEX,55.00,0.00,receipts,140610,BANKING_IMPORT
2012-08-28,1000,Cash / Clearing,CENTEX,0.00,55.00,receipts,140610,BANKING_IMPORT
2012-08-28,5110,Fuel,MOHAWK,57.00,0.00,receipts,140611,BANKING_IMPORT
2012-08-28,1000,Cash / Clearing,MOHAWK,0.00,57.00,receipts,140611,BANKING_IMPORT
2012-08-28,2550,WCB Premiums,WCB payment,3446.02,0.00,receipts,145312,18604318
2012-08-28,1000,Cash / Clearing,WCB payment,0.00,3446.02,receipts,145312,18604318
2012-08-28,2550,Fuel,fuel,55.00,0.00,receipts,217491,
2012-08-28,1000,Cash / Clearing,fuel,0.00,55.00,receipts,217491,
2012-08-29,5120,BANKING,L9,20.65,0.00,receipts,215098,
2012-08-29,1000,Cash / Clearing,L9,0.00,20.65,receipts,215098,
2012-08-29,5120,BANKING,L7,8.00,0.00,receipts,215166,
2012-08-29,1000,Cash / Clearing,L7,0.00,8.00,receipts,215166,
2012-08-29,5110,BANKING,RUN'N ON EMPTY,70.00,0.00,receipts,215235,
2012-08-29,1000,Cash / Clearing,RUN'N ON EMPTY,0.00,70.00,receipts,215235,
2012-08-29,5110,BANKING,FUEL,51.00,0.00,receipts,215236,
2012-08-29,1000,Cash / Clearing,FUEL,0.00,51.00,receipts,215236,
2012-08-29,5110,BANKING,FUEL,35.50,0.00,receipts,215237,
2012-08-29,1000,Cash / Clearing,FUEL,0.00,35.50,receipts,215237,
2012-08-29,5110,BANKING,RUN'N ON EMPTY,43.01,0.00,receipts,215292,
2012-08-29,1000,Cash / Clearing,RUN'N ON EMPTY,0.00,43.01,receipts,215292,
2012-08-29,5710,Bank Fees & Service Charges,Overdraft Interest,0.01,0.00,receipts,215980,BANKING_IMPORT
2012-08-29,1000,Cash / Clearing,Overdraft Interest,0.00,0.01,receipts,215980,BANKING_IMPORT
2012-08-29,5710,Bank Fees & Service Charges,Account Fee,35.00,0.00,receipts,215981,BANKING_IMPORT
2012-08-29,1000,Cash / Clearing,Account Fee,0.00,35.00,receipts,215981,BANKING_IMPORT
2012-08-29,5710,Bank Fees & Service Charges,Account Fee,35.00,0.00,receipts,216910,BANKING_IMPORT
2012-08-29,1000,Cash / Clearing,Account Fee,0.00,35.00,receipts,216910,BANKING_IMPORT
2012-08-29,2550,BANKING,towels cleaning supplies and fly swatters,25.78,0.00,receipts,217032,
2012-08-29,1000,Cash / Clearing,towels cleaning supplies and fly swatters,0.00,25.78,receipts,217032,
2012-08-29,5710,BANKING,Overdraft Interest,0.01,0.00,receipts,217606,BANKING_IMPORT
2012-08-29,1000,Cash / Clearing,Overdraft Interest,0.00,0.01,receipts,217606,BANKING_IMPORT
2012-08-30,5116,BANKING,LIQUOR BARN,60.25,0.00,receipts,215622,
2012-08-30,1000,Cash / Clearing,LIQUOR BARN,0.00,60.25,receipts,215622,
2012-08-31,5710,Bank Service Charges,BANK FEE,35.00,0.00,receipts,138795,BANKING_IMPORT
2012-08-31,1000,Cash / Clearing,BANK FEE,0.00,35.00,receipts,138795,BANKING_IMPORT
2012-08-31,5720,Credit Card Processing Fees,OD FEE,0.01,0.00,receipts,138799,BANKING_IMPORT
2012-08-31,1000,Cash / Clearing,OD FEE,0.00,0.01,receipts,138799,BANKING_IMPORT
2012-08-31,5710,Bank Fees & Service Charges,SERVICE CHARGE,120.30,0.00,receipts,140615,BANKING_IMPORT
2012-08-31,1000,Cash / Clearing,SERVICE CHARGE,0.00,120.30,receipts,140615,BANKING_IMPORT
2012-08-31,5110,Fuel,L-8,71.25,0.00,receipts,140617,BANKING_IMPORT
2012-08-31,1000,Cash / Clearing,L-8,0.00,71.25,receipts,140617,BANKING_IMPORT
2012-08-31,5110,Fuel,MOHAWK,55.01,0.00,receipts,140619,BANKING_IMPORT
2012-08-31,1000,Cash / Clearing,MOHAWK,0.00,55.01,receipts,140619,BANKING_IMPORT
2012-08-31,5116,"Client Amenities - Food, Coffee, Supplies",LIQUOR BARN,204.20,0.00,receipts,142806,BANKING_IMPORT
2012-08-31,1000,Cash / Clearing,LIQUOR BARN,0.00,204.20,receipts,142806,BANKING_IMPORT
2012-08-31,5116,"Client Amenities - Food, Coffee, Supplies",LIQUOR BARN,44.18,0.00,receipts,142807,BANKING_IMPORT
2012-08-31,1000,Cash / Clearing,LIQUOR BARN,0.00,44.18,receipts,142807,BANKING_IMPORT
2012-08-31,5710,Bank Fees & Service Charges,ACARD PAYMENT,4.95,0.00,receipts,150598,BANKING_IMPORT
2012-08-31,1000,Cash / Clearing,ACARD PAYMENT,0.00,4.95,receipts,150598,BANKING_IMPORT
2012-08-31,5710,Bank Fees & Service Charges,MONEYMART,750.00,0.00,receipts,150600,BANKING_IMPORT
2012-08-31,1000,Cash / Clearing,MONEYMART,0.00,750.00,receipts,150600,BANKING_IMPORT
2012-08-31,1015,Petty Cash,PETTY CASH FUNDING,2200.00,0.00,receipts,170412,BANKING_IMPORT
2012-08-31,1000,Cash / Clearing,PETTY CASH FUNDING,0.00,2200.00,receipts,170412,BANKING_IMPORT
2012-08-31,5116,BANKING,ICE,7.20,0.00,receipts,214877,
2012-08-31,1000,Cash / Clearing,ICE,0.00,7.20,receipts,214877,
2012-08-31,2550,BANKING,LIQUOR BARN,204.20,0.00,receipts,215494,
2012-08-31,1000,Cash / Clearing,LIQUOR BARN,0.00,204.20,receipts,215494,
2012-08-31,5710,Bank Fees & Service Charges,Bank Charges & Interest,35.01,0.00,receipts,216361,BANKING_IMPORT
2012-08-31,1000,Cash / Clearing,Bank Charges & Interest,0.00,35.01,receipts,216361,BANKING_IMPORT
2012-08-31,5116,BANKING,RED BULL,44.18,0.00,receipts,217112,
2012-08-31,1000,Cash / Clearing,RED BULL,0.00,44.18,receipts,217112,
2012-08-31,5710,Bank Fees & Service Charges,Bank Charges & Interest,35.01,0.00,receipts,217607,BANKING_IMPORT
2012-08-31,1000,Cash / Clearing,Bank Charges & Interest,0.00,35.01,receipts,217607,BANKING_IMPORT
2012-08-31,5110,BANKING,RUN'N ON EMPTY,71.25,0.00,receipts,218112,BANKING_IMPORT
2012-08-31,1000,Cash / Clearing,RUN'N ON EMPTY,0.00,71.25,receipts,218112,BANKING_IMPORT
2012-08-31,5710,Bank Fees & Service Charges,ACARD PAYMENT,4.95,0.00,receipts,218113,BANKING_IMPORT
2012-08-31,1000,Cash / Clearing,ACARD PAYMENT,0.00,4.95,receipts,218113,BANKING_IMPORT
2012-08-31,5710,Bank Fees & Service Charges,MONEYMART,750.00,0.00,receipts,218114,BANKING_IMPORT
2012-08-31,1000,Cash / Clearing,MONEYMART,0.00,750.00,receipts,218114,BANKING_IMPORT
2012-09-01,6000,BANKING,ACARD PAYMENT 7839,4.95,0.00,receipts,217583,
2012-09-01,1000,Cash / Clearing,ACARD PAYMENT 7839,0.00,4.95,receipts,217583,
2012-09-01,5260,Driver Salaries,CHQ 87 JEANNIE SHILLINGTON,1500.00,0.00,receipts,221554,CHQ87-REG294
2012-09-01,1000,Cash / Clearing,CHQ 87 JEANNIE SHILLINGTON,0.00,1500.00,receipts,221554,CHQ87-REG294
2012-09-02,5110,Fuel,CENTEX,115.18,0.00,receipts,214186,97020
2012-09-02,1000,Cash / Clearing,CENTEX,0.00,115.18,receipts,214186,97020
2012-09-02,5110,Fuel,Centex,115.18,0.00,receipts,218115,BANKING_IMPORT
2012-09-02,1000,Cash / Clearing,Centex,0.00,115.18,receipts,218115,BANKING_IMPORT
2012-09-04,5720,Credit Card Processing Fees,OVERDRAFT FEE,20.00,0.00,receipts,140621,BANKING_IMPORT
2012-09-04,1000,Cash / Clearing,OVERDRAFT FEE,0.00,20.00,receipts,140621,BANKING_IMPORT
2012-09-04,6100,Business Meals & Entertainment,"STAFF MEETING MIKE PAUL JEANNIE PRIOR TO WEDDING SEASON, LAST YEARS ISSUES POLICIES ECT",89.19,0.00,receipts,140624,BANKING_IMPORT
2012-09-04,1000,Cash / Clearing,"STAFF MEETING MIKE PAUL JEANNIE PRIOR TO WEDDING SEASON, LAST YEARS ISSUES POLICIES ECT",0.00,89.19,receipts,140624,BANKING_IMPORT
2012-09-04,5116,"Client Amenities - Food, Coffee, Supplies",LIQUOR BARN,165.13,0.00,receipts,140625,BANKING_IMPORT
2012-09-04,1000,Cash / Clearing,LIQUOR BARN,0.00,165.13,receipts,140625,BANKING_IMPORT
2012-09-04,5150,Vehicle Lease Payments,ACE TRUCK RENTALS,2695.40,0.00,receipts,140628,BANKING_IMPORT
2012-09-04,1000,Cash / Clearing,ACE TRUCK RENTALS,0.00,2695.40,receipts,140628,BANKING_IMPORT
2012-09-04,5720,Charter Revenue,Vcard Deposit,600.54,0.00,receipts,170422,BANKING_IMPORT
2012-09-04,1000,Cash / Clearing,Vcard Deposit,0.00,600.54,receipts,170422,BANKING_IMPORT
2012-09-04,5720,Charter Revenue,Mcard Deposit,217.23,0.00,receipts,170423,BANKING_IMPORT
2012-09-04,1000,Cash / Clearing,Mcard Deposit,0.00,217.23,receipts,170423,BANKING_IMPORT
2012-09-04,5710,Bank Fees & Service Charges,Merchant Services Fee,288.62,0.00,receipts,216362,BANKING_IMPORT
2012-09-04,1000,Cash / Clearing,Merchant Services Fee,0.00,288.62,receipts,216362,BANKING_IMPORT
2012-09-04,5110,Fuel,FUEL,66.01,0.00,receipts,217289,
2012-09-04,1000,Cash / Clearing,FUEL,0.00,66.01,receipts,217289,
2012-09-04,2910,BANKING,CHQ 45 DALE MENARD,1295.42,0.00,receipts,217750,BANKING_IMPORT
2012-09-04,1000,Cash / Clearing,CHQ 45 DALE MENARD,0.00,1295.42,receipts,217750,BANKING_IMPORT
2012-09-04,2910,BANKING,CHQ 46 PAUL MANSELL,1848.93,0.00,receipts,217751,BANKING_IMPORT
2012-09-04,1000,Cash / Clearing,CHQ 46 PAUL MANSELL,0.00,1848.93,receipts,217751,BANKING_IMPORT
2012-09-04,2910,BANKING,MONGOLIE GRILL,89.19,0.00,receipts,218116,BANKING_IMPORT
2012-09-04,1000,Cash / Clearing,MONGOLIE GRILL,0.00,89.19,receipts,218116,BANKING_IMPORT
2012-09-05,5110,BANKING,fuel,93.01,0.00,receipts,215350,
2012-09-05,1000,Cash / Clearing,fuel,0.00,93.01,receipts,215350,
2012-09-05,1015,Petty Cash,PETTY CASH FUNDING,160.00,0.00,receipts,217665,BANKING_IMPORT
2012-09-05,1000,Cash / Clearing,PETTY CASH FUNDING,0.00,160.00,receipts,217665,BANKING_IMPORT
2012-09-06,5720,Credit Card Processing Fees,OVERDRAFT FEE,5.00,0.00,receipts,140635,BANKING_IMPORT
2012-09-06,1000,Cash / Clearing,OVERDRAFT FEE,0.00,5.00,receipts,140635,BANKING_IMPORT
2012-09-06,5600,Advertising,ADVERTISING,2236.92,0.00,receipts,140636,BANKING_IMPORT
2012-09-06,1000,Cash / Clearing,ADVERTISING,0.00,2236.92,receipts,140636,BANKING_IMPORT
2012-09-06,5110,Fuel,COOP,15.74,0.00,receipts,142831,BANKING_IMPORT
2012-09-06,1000,Cash / Clearing,COOP,0.00,15.74,receipts,142831,BANKING_IMPORT
2012-09-06,5116,Client Hospitality - Charter Supplies,TACO TIME,17.17,0.00,receipts,142832,BANKING_IMPORT
2012-09-06,1000,Cash / Clearing,TACO TIME,0.00,17.17,receipts,142832,BANKING_IMPORT
2012-09-06,5710,Bank Fees & Service Charges,MASTERCARD MERCHANT FEE,367.50,0.00,receipts,142833,BANKING_IMPORT
2012-09-06,1000,Cash / Clearing,MASTERCARD MERCHANT FEE,0.00,367.50,receipts,142833,BANKING_IMPORT
2012-09-06,5116,BANKING,UPTOWN LIQUOR STORE,33.10,0.00,receipts,215686,
2012-09-06,1000,Cash / Clearing,UPTOWN LIQUOR STORE,0.00,33.10,receipts,215686,
2012-09-06,2550,BANKING,Fence screws,15.74,0.00,receipts,215723,
2012-09-06,1000,Cash / Clearing,Fence screws,0.00,15.74,receipts,215723,
2012-09-06,5715,NSF Fees,NSF Fee,45.00,0.00,receipts,215982,BANKING_IMPORT
2012-09-06,1000,Cash / Clearing,NSF Fee,0.00,45.00,receipts,215982,BANKING_IMPORT
2012-09-06,5150,Vehicle Lease Payments,LFG vehicle operating lease payment,101.14,0.00,receipts,216817,BANKING_IMPORT
2012-09-06,1000,Cash / Clearing,LFG vehicle operating lease payment,0.00,101.14,receipts,216817,BANKING_IMPORT
2012-09-06,5715,BANKING,NSF Fee,45.00,0.00,receipts,216911,BANKING_IMPORT
2012-09-06,1000,Cash / Clearing,NSF Fee,0.00,45.00,receipts,216911,BANKING_IMPORT
2012-09-06,6400,BANKING,ELECTRONICS,316.25,0.00,receipts,217059,
2012-09-06,1000,Cash / Clearing,ELECTRONICS,0.00,316.25,receipts,217059,
2012-09-06,5116,"Client Amenities - Food, Coffee, Supplies",BEVERAGES,35.58,0.00,receipts,217062,
2012-09-06,1000,Cash / Clearing,BEVERAGES,0.00,35.58,receipts,217062,
2012-09-06,2910,BANKING,CHQ 5 ACTION PAGES,2236.92,0.00,receipts,217752,BANKING_IMPORT
2012-09-06,1000,Cash / Clearing,CHQ 5 ACTION PAGES,0.00,2236.92,receipts,217752,BANKING_IMPORT
2012-09-06,5720,BANKING,MCARD PAYMENT,367.50,0.00,receipts,218117,BANKING_IMPORT
2012-09-06,1000,Cash / Clearing,MCARD PAYMENT,0.00,367.50,receipts,218117,BANKING_IMPORT
2012-09-06,2910,BANKING,TACO TIME,17.17,0.00,receipts,218118,BANKING_IMPORT
2012-09-06,1000,Cash / Clearing,TACO TIME,0.00,17.17,receipts,218118,BANKING_IMPORT
2012-09-06,5715,NSF Fees,NSF CHARGE,45.00,0.00,receipts,218119,BANKING_IMPORT
2012-09-06,1000,Cash / Clearing,NSF CHARGE,0.00,45.00,receipts,218119,BANKING_IMPORT
2012-09-07,5860,Supplies - General Business,SHOPPERS DRUG MART,23.07,0.00,receipts,142845,BANKING_IMPORT
2012-09-07,1000,Cash / Clearing,SHOPPERS DRUG MART,0.00,23.07,receipts,142845,BANKING_IMPORT
2012-09-07,5710,Bank Fees & Service Charges,MASTERCARD MERCHANT FEE,41.42,0.00,receipts,142847,BANKING_IMPORT
2012-09-07,1000,Cash / Clearing,MASTERCARD MERCHANT FEE,0.00,41.42,receipts,142847,BANKING_IMPORT
2012-09-07,5210,BANKING,CHQ 279 DUSTEN TOWNSEND,279.78,0.00,receipts,142849,BANKING_IMPORT
2012-09-07,1000,Cash / Clearing,CHQ 279 DUSTEN TOWNSEND,0.00,279.78,receipts,142849,BANKING_IMPORT
2012-09-07,5710,Bank Fees & Service Charges,VCARD PAYMENT 00339,212.50,0.00,receipts,150608,BANKING_IMPORT
2012-09-07,1000,Cash / Clearing,VCARD PAYMENT 00339,0.00,212.50,receipts,150608,BANKING_IMPORT
2012-09-07,5120,BANKING,MR SUDS INC.,8.55,0.00,receipts,215109,
2012-09-07,1000,Cash / Clearing,MR SUDS INC.,0.00,8.55,receipts,215109,
2012-09-07,5110,BANKING,SHELL,51.00,0.00,receipts,215228,
2012-09-07,1000,Cash / Clearing,SHELL,0.00,51.00,receipts,215228,
2012-09-07,5110,BANKING,fuel,40.01,0.00,receipts,215355,
2012-09-07,1000,Cash / Clearing,fuel,0.00,40.01,receipts,215355,
2012-09-07,5116,BANKING,LIQUOR BARN,222.71,0.00,receipts,215604,
2012-09-07,1000,Cash / Clearing,LIQUOR BARN,0.00,222.71,receipts,215604,
2012-09-07,5116,BANKING,UPTOWN LIQUOR STORE,32.25,0.00,receipts,215667,
2012-09-07,1000,Cash / Clearing,UPTOWN LIQUOR STORE,0.00,32.25,receipts,215667,
2012-09-07,5715,NSF Fees,NSF Fee,135.00,0.00,receipts,215983,BANKING_IMPORT
2012-09-07,1000,Cash / Clearing,NSF Fee,0.00,135.00,receipts,215983,BANKING_IMPORT
2012-09-07,5715,BANKING,NSF Fee,135.00,0.00,receipts,216912,BANKING_IMPORT
2012-09-07,1000,Cash / Clearing,NSF Fee,0.00,135.00,receipts,216912,BANKING_IMPORT
2012-09-07,5116,"Client Amenities - Food, Coffee, Supplies",beverages,25.20,0.00,receipts,217140,
2012-09-07,1000,Cash / Clearing,beverages,0.00,25.20,receipts,217140,
2012-09-07,5116,"Client Amenities - Food, Coffee, Supplies",ice,6.18,0.00,receipts,217388,
2012-09-07,1000,Cash / Clearing,ice,0.00,6.18,receipts,217388,
2012-09-07,2910,BANKING,CHQ 279 DUSTEN TOWNSEND,279.78,0.00,receipts,217753,BANKING_IMPORT
2012-09-07,1000,Cash / Clearing,CHQ 279 DUSTEN TOWNSEND,0.00,279.78,receipts,217753,BANKING_IMPORT
2012-09-07,5720,BANKING,MCARD PAYMENT 00339,41.42,0.00,receipts,218120,BANKING_IMPORT
2012-09-07,1000,Cash / Clearing,MCARD PAYMENT 00339,0.00,41.42,receipts,218120,BANKING_IMPORT
2012-09-07,2910,BANKING,SHOPPERS DRUG MART,23.07,0.00,receipts,218121,BANKING_IMPORT
2012-09-07,1000,Cash / Clearing,SHOPPERS DRUG MART,0.00,23.07,receipts,218121,BANKING_IMPORT
2012-09-07,5720,BANKING,VCARD PAYMENT 00339,212.50,0.00,receipts,218122,BANKING_IMPORT
2012-09-07,1000,Cash / Clearing,VCARD PAYMENT 00339,0.00,212.50,receipts,218122,BANKING_IMPORT
2012-09-07,5110,BANKING,CENTEX,60.01,0.00,receipts,218123,BANKING_IMPORT
2012-09-07,1000,Cash / Clearing,CENTEX,0.00,60.01,receipts,218123,BANKING_IMPORT
2012-09-08,5110,BANKING,PETRO-CANADA,50.03,0.00,receipts,214063,
2012-09-08,1000,Cash / Clearing,PETRO-CANADA,0.00,50.03,receipts,214063,
2012-09-08,5110,BANKING,RUN'N ON EMPTY,35.00,0.00,receipts,215256,
2012-09-08,1000,Cash / Clearing,RUN'N ON EMPTY,0.00,35.00,receipts,215256,
2012-09-08,5110,BANKING,RUN'N ON EMPTY,20.00,0.00,receipts,215290,
2012-09-08,1000,Cash / Clearing,RUN'N ON EMPTY,0.00,20.00,receipts,215290,
2012-09-08,5110,BANKING,fuel,20.01,0.00,receipts,215354,
2012-09-08,1000,Cash / Clearing,fuel,0.00,20.01,receipts,215354,
2012-09-09,5110,BANKING,fuel,93.50,0.00,receipts,215353,
2012-09-09,1000,Cash / Clearing,fuel,0.00,93.50,receipts,215353,
2012-09-09,2550,BANKING,LIQUOR BARN,83.19,0.00,receipts,215596,
2012-09-09,1000,Cash / Clearing,LIQUOR BARN,0.00,83.19,receipts,215596,
2012-09-09,5116,BANKING,LIQUOR BARN,265.95,0.00,receipts,215598,
2012-09-09,1000,Cash / Clearing,LIQUOR BARN,0.00,265.95,receipts,215598,
2012-09-09,5320,BANKING,BOSTON PIZZA,24.00,0.00,receipts,217548,
2012-09-09,1000,Cash / Clearing,BOSTON PIZZA,0.00,24.00,receipts,217548,
2012-09-10,5110,Fuel,DOMO GAS,30.00,0.00,receipts,214870,
2012-09-10,1000,Cash / Clearing,DOMO GAS,0.00,30.00,receipts,214870,
2012-09-10,5116,BANKING,BEVERAGES,21.80,0.00,receipts,214999,
2012-09-10,1000,Cash / Clearing,BEVERAGES,0.00,21.80,receipts,214999,
2012-09-10,5110,BANKING,FUEL,86.00,0.00,receipts,215239,
2012-09-10,1000,Cash / Clearing,FUEL,0.00,86.00,receipts,215239,
2012-09-10,5110,BANKING,FUEL,75.50,0.00,receipts,215242,
2012-09-10,1000,Cash / Clearing,FUEL,0.00,75.50,receipts,215242,
2012-09-10,5110,BANKING,fuel,33.68,0.00,receipts,215352,
2012-09-10,1000,Cash / Clearing,fuel,0.00,33.68,receipts,215352,
2012-09-10,5116,BANKING,CAPRI LIQUOR STORE,72.23,0.00,receipts,215651,
2012-09-10,1000,Cash / Clearing,CAPRI LIQUOR STORE,0.00,72.23,receipts,215651,
2012-09-10,5116,BANKING,UPTOWN LIQUOR STORE,35.93,0.00,receipts,215670,
2012-09-10,1000,Cash / Clearing,UPTOWN LIQUOR STORE,0.00,35.93,receipts,215670,
2012-09-10,5116,BANKING,COOP LIQUOR,108.49,0.00,receipts,215694,
2012-09-10,1000,Cash / Clearing,COOP LIQUOR,0.00,108.49,receipts,215694,
2012-09-10,5715,NSF Fees,NSF Fee,45.00,0.00,receipts,215984,BANKING_IMPORT
2012-09-10,1000,Cash / Clearing,NSF Fee,0.00,45.00,receipts,215984,BANKING_IMPORT
2012-09-10,5150,Vehicle Lease Payments,LFG vehicle operating lease payment,202.27,0.00,receipts,216818,BANKING_IMPORT
2012-09-10,1000,Cash / Clearing,LFG vehicle operating lease payment,0.00,202.27,receipts,216818,BANKING_IMPORT
2012-09-10,5715,BANKING,NSF Fee,45.00,0.00,receipts,216913,BANKING_IMPORT
2012-09-10,1000,Cash / Clearing,NSF Fee,0.00,45.00,receipts,216913,BANKING_IMPORT
2012-09-10,5116,"Client Amenities - Food, Coffee, Supplies",ice,19.93,0.00,receipts,217389,
2012-09-10,1000,Cash / Clearing,ice,0.00,19.93,receipts,217389,
2012-09-10,5320,BANKING,BOSTON PIZZA,16.07,0.00,receipts,217535,
2012-09-10,1000,Cash / Clearing,BOSTON PIZZA,0.00,16.07,receipts,217535,
2012-09-10,2910,BANKING,CHQ 47 JEANNIE SHILLINGTON,600.00,0.00,receipts,217754,BANKING_IMPORT
2012-09-10,1000,Cash / Clearing,CHQ 47 JEANNIE SHILLINGTON,0.00,600.00,receipts,217754,BANKING_IMPORT
2012-09-10,2550,BANKING,CENTEX,38.68,0.00,receipts,221467,
2012-09-10,1000,Cash / Clearing,CENTEX,0.00,38.68,receipts,221467,
2012-09-11,5110,BANKING,PETRO-CANADA,43.31,0.00,receipts,214064,
2012-09-11,1000,Cash / Clearing,PETRO-CANADA,0.00,43.31,receipts,214064,
2012-09-11,5110,BANKING,fuel,57.00,0.00,receipts,215351,
2012-09-11,1000,Cash / Clearing,fuel,0.00,57.00,receipts,215351,
2012-09-11,5420,BANKING,BATTERIES ADN A FILE CABINET,95.34,0.00,receipts,217041,
2012-09-11,1000,Cash / Clearing,BATTERIES ADN A FILE CABINET,0.00,95.34,receipts,217041,
2012-09-11,2550,BANKING,CALGARY AIRPORT AUTHORITY,20.42,0.00,receipts,217100,
2012-09-11,1000,Cash / Clearing,CALGARY AIRPORT AUTHORITY,0.00,20.42,receipts,217100,
2012-09-11,2910,BANKING,CHQ 49 ANGEL ESCOBAR,1314.52,0.00,receipts,217755,BANKING_IMPORT
2012-09-11,1000,Cash / Clearing,CHQ 49 ANGEL ESCOBAR,0.00,1314.52,receipts,217755,BANKING_IMPORT
2012-09-12,5710,Bank Fees & Service Charges,PREPAID VISA LOAD 900 BANKING 650 CASH,900.00,0.00,receipts,140650,BANKING_IMPORT
2012-09-12,1000,Cash / Clearing,PREPAID VISA LOAD 900 BANKING 650 CASH,0.00,900.00,receipts,140650,BANKING_IMPORT
2012-09-12,5710,Bank Fees & Service Charges,PRELOAD CREDIT CARD CASH TRANSFER,750.00,0.00,receipts,145315,
2012-09-12,1000,Cash / Clearing,PRELOAD CREDIT CARD CASH TRANSFER,0.00,750.00,receipts,145315,
2012-09-12,1015,Petty Cash,PETTY CASH FUNDING,500.00,0.00,receipts,217666,BANKING_IMPORT
2012-09-12,1000,Cash / Clearing,PETTY CASH FUNDING,0.00,500.00,receipts,217666,BANKING_IMPORT
2012-09-12,2910,BANKING,MONEY MART PAYMENT,900.00,0.00,receipts,218124,BANKING_IMPORT
2012-09-12,1000,Cash / Clearing,MONEY MART PAYMENT,0.00,900.00,receipts,218124,BANKING_IMPORT
2012-09-13,5420,BANKING,GARBAGE BAGS,15.74,0.00,receipts,215762,
2012-09-13,1000,Cash / Clearing,GARBAGE BAGS,0.00,15.74,receipts,215762,
2012-09-13,2550,BANKING,vinyl coating clips snow brush,31.34,0.00,receipts,216966,
2012-09-13,1000,Cash / Clearing,vinyl coating clips snow brush,0.00,31.34,receipts,216966,
2012-09-13,5150,Vehicle Operating Leases,LFG BUSINESS PAD,101.14,0.00,receipts,218125,BANKING_IMPORT
2012-09-13,1000,Cash / Clearing,LFG BUSINESS PAD,0.00,101.14,receipts,218125,BANKING_IMPORT
2012-09-14,5110,BANKING,fuel,44.99,0.00,receipts,215348,
2012-09-14,1000,Cash / Clearing,fuel,0.00,44.99,receipts,215348,
2012-09-14,5116,BANKING,LIQUOR BARN,81.10,0.00,receipts,215600,
2012-09-14,1000,Cash / Clearing,LIQUOR BARN,0.00,81.10,receipts,215600,
2012-09-14,5116,BANKING,LIQUOR BARN,89.07,0.00,receipts,215601,
2012-09-14,1000,Cash / Clearing,LIQUOR BARN,0.00,89.07,receipts,215601,
2012-09-14,5116,BANKING,LIQUOR BARN,19.07,0.00,receipts,215602,
2012-09-14,1000,Cash / Clearing,LIQUOR BARN,0.00,19.07,receipts,215602,
2012-09-14,5116,BANKING,ice,16.70,0.00,receipts,215606,
2012-09-14,1000,Cash / Clearing,ice,0.00,16.70,receipts,215606,
2012-09-14,5116,BANKING,VARCITY LIQUOR,11.64,0.00,receipts,215707,
2012-09-14,1000,Cash / Clearing,VARCITY LIQUOR,0.00,11.64,receipts,215707,
2012-09-15,5116,"Client Amenities - Food, Coffee, Supplies",client beverages,64.38,0.00,receipts,140656,RECEIPT
2012-09-15,1000,Cash / Clearing,client beverages,0.00,64.38,receipts,140656,RECEIPT
2012-09-15,5420,Office Supplies,USB,126.01,0.00,receipts,140660,receipt
2012-09-15,1000,Cash / Clearing,USB,0.00,126.01,receipts,140660,receipt
2012-09-15,5110,Fuel,40.08 gas ice 8.97,40.08,0.00,receipts,140661,BANKING_IMPORT
2012-09-15,1000,Cash / Clearing,40.08 gas ice 8.97,0.00,40.08,receipts,140661,BANKING_IMPORT
2012-09-15,5120,BANKING,L8,12.35,0.00,receipts,215106,
2012-09-15,1000,Cash / Clearing,L8,0.00,12.35,receipts,215106,
2012-09-15,5120,BANKING,L7,10.45,0.00,receipts,215107,
2012-09-15,1000,Cash / Clearing,L7,0.00,10.45,receipts,215107,
2012-09-15,5110,BANKING,RUN'N ON EMPTY,78.00,0.00,receipts,215246,
2012-09-15,1000,Cash / Clearing,RUN'N ON EMPTY,0.00,78.00,receipts,215246,
2012-09-15,2550,BANKING,Fuel | fuel,40.08,0.00,receipts,215273,BANKING_IMPORT
2012-09-15,1000,Cash / Clearing,Fuel | fuel,0.00,40.08,receipts,215273,BANKING_IMPORT
2012-09-15,2550,BANKING,Fuel | ice,8.97,0.00,receipts,215274,BANKING_IMPORT
2012-09-15,1000,Cash / Clearing,Fuel | ice,0.00,8.97,receipts,215274,BANKING_IMPORT
2012-09-15,5110,BANKING,fuel,100.00,0.00,receipts,215281,
2012-09-15,1000,Cash / Clearing,fuel,0.00,100.00,receipts,215281,
2012-09-15,5116,BANKING,LIQUOR BARN,13.71,0.00,receipts,215608,
2012-09-15,1000,Cash / Clearing,LIQUOR BARN,0.00,13.71,receipts,215608,
2012-09-15,5116,"Client Amenities - Food, Coffee, Supplies",ICE,5.98,0.00,receipts,215772,
2012-09-15,1000,Cash / Clearing,ICE,0.00,5.98,receipts,215772,
2012-09-15,5116,BANKING,WATER,3.67,0.00,receipts,217116,
2012-09-15,1000,Cash / Clearing,WATER,0.00,3.67,receipts,217116,
2012-09-15,5116,BANKING,ICE BULK,16.84,0.00,receipts,217121,
2012-09-15,1000,Cash / Clearing,ICE BULK,0.00,16.84,receipts,217121,
2012-09-15,2550,BANKING,deisel L12,126.01,0.00,receipts,217400,
2012-09-15,1000,Cash / Clearing,deisel L12,0.00,126.01,receipts,217400,
2012-09-15,5320,BANKING,WOK BOX,16.09,0.00,receipts,217558,
2012-09-15,1000,Cash / Clearing,WOK BOX,0.00,16.09,receipts,217558,
2012-09-15,5110,BANKING,FAS GAS,49.05,0.00,receipts,218126,BANKING_IMPORT
2012-09-15,1000,Cash / Clearing,FAS GAS,0.00,49.05,receipts,218126,BANKING_IMPORT
2012-09-16,5110,BANKING,FUEL,50.00,0.00,receipts,215245,
2012-09-16,1000,Cash / Clearing,FUEL,0.00,50.00,receipts,215245,
2012-09-16,5110,BANKING,fuel,75.00,0.00,receipts,215284,
2012-09-16,1000,Cash / Clearing,fuel,0.00,75.00,receipts,215284,
2012-09-16,2550,BANKING,pick up new vehicle return to red deer,405.43,0.00,receipts,217217,
2012-09-16,1000,Cash / Clearing,pick up new vehicle return to red deer,0.00,405.43,receipts,217217,
2012-09-16,5320,BANKING,AIRPORT,10.59,0.00,receipts,217326,
2012-09-16,1000,Cash / Clearing,AIRPORT,0.00,10.59,receipts,217326,
2012-09-17,5110,Fuel,SPLIT RECEIPT,94.99,0.00,receipts,140662,BANKING_IMPORT
2012-09-17,1000,Cash / Clearing,SPLIT RECEIPT,0.00,94.99,receipts,140662,BANKING_IMPORT
2012-09-17,5430,Telephone & Internet,CHQ 54 TELUS,3007.97,0.00,receipts,140666,BANKING_IMPORT
2012-09-17,1000,Cash / Clearing,CHQ 54 TELUS,0.00,3007.97,receipts,140666,BANKING_IMPORT
2012-09-17,1100,BANKING,Arrow Limo check bounced - insufficient funds,91.86,0.00,receipts,142868,BANKING_IMPORT
2012-09-17,1000,Cash / Clearing,Arrow Limo check bounced - insufficient funds,0.00,91.86,receipts,142868,BANKING_IMPORT
2012-09-17,6900,BANKING,DEPOSIT FROM CAMBRIDE ON,3500.00,0.00,receipts,170471,BANKING_IMPORT
2012-09-17,1000,Cash / Clearing,DEPOSIT FROM CAMBRIDE ON,0.00,3500.00,receipts,170471,BANKING_IMPORT
2012-09-17,1015,Petty Cash,PETTY CASH FUNDING,460.00,0.00,receipts,170476,BANKING_IMPORT
2012-09-17,1000,Cash / Clearing,PETTY CASH FUNDING,0.00,460.00,receipts,170476,BANKING_IMPORT
2012-09-17,5110,Fuel,pickup new purchased vehicle,135.00,0.00,receipts,212707,BANKING_IMPORT | PG17_COLLISION_ORIG_ID=140659 | FALLBACK_BT=94800
2012-09-17,1000,Cash / Clearing,pickup new purchased vehicle,0.00,135.00,receipts,212707,BANKING_IMPORT | PG17_COLLISION_ORIG_ID=140659 | FALLBACK_BT=94800
2012-09-17,5600,Marketing & Advertising,CLIENT BEVERAGES,313.56,0.00,receipts,214353,94799
2012-09-17,1000,Cash / Clearing,CLIENT BEVERAGES,0.00,313.56,receipts,214353,94799
2012-09-17,5120,BANKING,L2,10.00,0.00,receipts,215169,
2012-09-17,1000,Cash / Clearing,L2,0.00,10.00,receipts,215169,
2012-09-17,5110,BANKING,CENTEX,33.02,0.00,receipts,215603,
2012-09-17,1000,Cash / Clearing,CENTEX,0.00,33.02,receipts,215603,
2012-09-17,5150,Vehicle Lease Payments,LFG vehicle operating lease payment,202.27,0.00,receipts,216819,BANKING_IMPORT
2012-09-17,1000,Cash / Clearing,LFG vehicle operating lease payment,0.00,202.27,receipts,216819,BANKING_IMPORT
2012-09-17,5120,BANKING,black duct tape  seat repair,18.06,0.00,receipts,216974,
2012-09-17,1000,Cash / Clearing,black duct tape  seat repair,0.00,18.06,receipts,216974,
2012-09-17,5116,BANKING,WATER,21.52,0.00,receipts,217072,
2012-09-17,1000,Cash / Clearing,WATER,0.00,21.52,receipts,217072,
2012-09-17,5320,BANKING,picking up vehicle on ontario,44.03,0.00,receipts,217168,
2012-09-17,1000,Cash / Clearing,picking up vehicle on ontario,0.00,44.03,receipts,217168,
2012-09-17,2910,BANKING,CHQ 48 DOUG REDMOND,2101.00,0.00,receipts,217756,BANKING_IMPORT
2012-09-17,1000,Cash / Clearing,CHQ 48 DOUG REDMOND,0.00,2101.00,receipts,217756,BANKING_IMPORT
2012-09-17,5300,Insurance,OPTIMUM WEST INSURANCE COMPANY,91.86,0.00,receipts,218127,BANKING_IMPORT
2012-09-17,1000,Cash / Clearing,OPTIMUM WEST INSURANCE COMPANY,0.00,91.86,receipts,218127,BANKING_IMPORT
2012-09-17,2910,BANKING,LIQUOR BARN,313.56,0.00,receipts,218128,BANKING_IMPORT
2012-09-17,1000,Cash / Clearing,LIQUOR BARN,0.00,313.56,receipts,218128,BANKING_IMPORT
2012-09-17,5110,BANKING,RUN'N ON EMPTY,135.00,0.00,receipts,218129,BANKING_IMPORT
2012-09-17,1000,Cash / Clearing,RUN'N ON EMPTY,0.00,135.00,receipts,218129,BANKING_IMPORT
2012-09-18,5110,Fuel,PELLETIER'S GAS BAR      NIPIG,166.90,0.00,receipts,85973,RECEIPT
2012-09-18,1000,Cash / Clearing,PELLETIER'S GAS BAR      NIPIG,0.00,166.90,receipts,85973,RECEIPT
2012-09-18,6100,BANKING,TIM HORTONS,13.29,0.00,receipts,140670,BANKING_IMPORT
2012-09-18,1000,Cash / Clearing,TIM HORTONS,0.00,13.29,receipts,140670,BANKING_IMPORT
2012-09-18,6300,Government Fees & Licenses,CHQ 52 REVENUE CANADA,2998.78,0.00,receipts,140672,BANKING_IMPORT
2012-09-18,1000,Cash / Clearing,CHQ 52 REVENUE CANADA,0.00,2998.78,receipts,140672,BANKING_IMPORT
2012-09-18,5430,Telephone & Internet,CHQ 55 TELUS,166.19,0.00,receipts,140673,BANKING_IMPORT
2012-09-18,1000,Cash / Clearing,CHQ 55 TELUS,0.00,166.19,receipts,140673,BANKING_IMPORT
2012-09-18,5110,Fuel,fuel,145.00,0.00,receipts,214867,
2012-09-18,1000,Cash / Clearing,fuel,0.00,145.00,receipts,214867,
2012-09-18,5120,BANKING,wash L7,21.85,0.00,receipts,217568,
2012-09-18,1000,Cash / Clearing,wash L7,0.00,21.85,receipts,217568,
2012-09-18,2910,BANKING,PELLETIERS GAS STATION ON,166.90,0.00,receipts,218130,BANKING_IMPORT
2012-09-18,1000,Cash / Clearing,PELLETIERS GAS STATION ON,0.00,166.90,receipts,218130,BANKING_IMPORT
2012-09-19,5320,Driver Meals - On Duty,FOOD AND DRINK ON THE ROAD,21.66,0.00,receipts,140674,RECEIPT
2012-09-19,1000,Cash / Clearing,FOOD AND DRINK ON THE ROAD,0.00,21.66,receipts,140674,RECEIPT
2012-09-19,6400,BANKING,BRINING L-15 BACK FROM ON,15.04,0.00,receipts,140676,RECEIPT
2012-09-19,1000,Cash / Clearing,BRINING L-15 BACK FROM ON,0.00,15.04,receipts,140676,RECEIPT
2012-09-19,5110,Fuel,112.85 LTS,147.72,0.00,receipts,140677,RECEIPT
2012-09-19,1000,Cash / Clearing,112.85 LTS,0.00,147.72,receipts,140677,RECEIPT
2012-09-19,5300,Administrative Expenses,On the road cleaning supplies,58.24,0.00,receipts,140678,RECEIPT
2012-09-19,1000,Cash / Clearing,On the road cleaning supplies,0.00,58.24,receipts,140678,RECEIPT
2012-09-19,5710,Bank Fees & Service Charges,ONE LOMBARD PLACE,200.00,0.00,receipts,150610,BANKING_IMPORT
2012-09-19,1000,Cash / Clearing,ONE LOMBARD PLACE,0.00,200.00,receipts,150610,BANKING_IMPORT
2012-09-19,5110,BANKING,PETRO CANADA -SK,123.02,0.00,receipts,170488,BANKING_IMPORT
2012-09-19,1000,Cash / Clearing,PETRO CANADA -SK,0.00,123.02,receipts,170488,BANKING_IMPORT
2012-09-19,6900,Uncategorized / Unknown,Vehicle Maintenance,28.05,0.00,receipts,185192,BANKING_IMPORT
2012-09-19,1000,Cash / Clearing,Vehicle Maintenance,0.00,28.05,receipts,185192,BANKING_IMPORT
2012-09-19,5720,Square Processing Fees,Driver Meal on Duty,30.19,0.00,receipts,185193,BANKING_IMPORT
2012-09-19,1000,Cash / Clearing,Driver Meal on Duty,0.00,30.19,receipts,185193,BANKING_IMPORT
2012-09-19,5110,BANKING,Ceptic dump,10.00,0.00,receipts,214081,
2012-09-19,1000,Cash / Clearing,Ceptic dump,0.00,10.00,receipts,214081,
2012-09-19,5110,BANKING,RETURNING VEHICLE FROM ON | Fuel,102.00,0.00,receipts,214116,BANKING_IMPORT
2012-09-19,1000,Cash / Clearing,RETURNING VEHICLE FROM ON | Fuel,0.00,102.00,receipts,214116,BANKING_IMPORT
2012-09-19,5880,BANKING,RETURNING VEHICLE FROM ON | Snacks,8.95,0.00,receipts,214117,BANKING_IMPORT
2012-09-19,1000,Cash / Clearing,RETURNING VEHICLE FROM ON | Snacks,0.00,8.95,receipts,214117,BANKING_IMPORT
2012-09-19,5110,Fuel,PETRO-CANADA,110.95,0.00,receipts,214386,69349
2012-09-19,1000,Cash / Clearing,PETRO-CANADA,0.00,110.95,receipts,214386,69349
2012-09-19,5120,BANKING,L10,16.15,0.00,receipts,215105,
2012-09-19,1000,Cash / Clearing,L10,0.00,16.15,receipts,215105,
2012-09-19,5116,BANKING,LIQUOR CROSSING,8.99,0.00,receipts,215713,
2012-09-19,1000,Cash / Clearing,LIQUOR CROSSING,0.00,8.99,receipts,215713,
2012-09-19,5110,Fuel,fuel,120.50,0.00,receipts,217159,BANKING_IMPORT
2012-09-19,1000,Cash / Clearing,fuel,0.00,120.50,receipts,217159,BANKING_IMPORT
2012-09-19,5320,BANKING,food,21.66,0.00,receipts,217160,BANKING_IMPORT
2012-09-19,1000,Cash / Clearing,food,0.00,21.66,receipts,217160,BANKING_IMPORT
2012-09-19,5320,BANKING,ASIAN KITCHEN,10.80,0.00,receipts,217560,
2012-09-19,1000,Cash / Clearing,ASIAN KITCHEN,0.00,10.80,receipts,217560,
2012-09-19,5110,BANKING,PETRO-CANADA,110.95,0.00,receipts,218131,BANKING_IMPORT
2012-09-19,1000,Cash / Clearing,PETRO-CANADA,0.00,110.95,receipts,218131,BANKING_IMPORT
2012-09-19,2910,BANKING,PATRICIA INN ON,15.04,0.00,receipts,218132,BANKING_IMPORT
2012-09-19,1000,Cash / Clearing,PATRICIA INN ON,0.00,15.04,receipts,218132,BANKING_IMPORT
2012-09-19,2910,BANKING,ONE LOMBARD PLACE,200.00,0.00,receipts,218133,BANKING_IMPORT
2012-09-19,1000,Cash / Clearing,ONE LOMBARD PLACE,0.00,200.00,receipts,218133,BANKING_IMPORT
2012-09-20,5120,Vehicle Maintenance & Repairs,KINGSWAY AUTO VILLAGE,136.42,0.00,receipts,142880,BANKING_IMPORT
2012-09-20,1000,Cash / Clearing,KINGSWAY AUTO VILLAGE,0.00,136.42,receipts,142880,BANKING_IMPORT
2012-09-20,5110,BANKING,HUSKY,124.00,0.00,receipts,214940,
2012-09-20,1000,Cash / Clearing,HUSKY,0.00,124.00,receipts,214940,
2012-09-20,5110,BANKING,fuel,66.10,0.00,receipts,215287,
2012-09-20,1000,Cash / Clearing,fuel,0.00,66.10,receipts,215287,
2012-09-20,5710,BANKING,OVERLIMIT FEE,29.00,0.00,receipts,217349,
2012-09-20,1000,Cash / Clearing,OVERLIMIT FEE,0.00,29.00,receipts,217349,
2012-09-20,5710,Bank Fees & Service Charges,INTEREST,42.84,0.00,receipts,217350,
2012-09-20,1000,Cash / Clearing,INTEREST,0.00,42.84,receipts,217350,
2012-09-20,5110,BANKING,CENTEX,30.00,0.00,receipts,217357,
2012-09-20,1000,Cash / Clearing,CENTEX,0.00,30.00,receipts,217357,
2012-09-20,2910,BANKING,KINGSWAY AUTO VALUE,136.42,0.00,receipts,218134,BANKING_IMPORT
2012-09-20,1000,Cash / Clearing,KINGSWAY AUTO VALUE,0.00,136.42,receipts,218134,BANKING_IMPORT
2012-09-21,5110,Fuel,FAS GAS,61.00,0.00,receipts,140683,BANKING_IMPORT
2012-09-21,1000,Cash / Clearing,FAS GAS,0.00,61.00,receipts,140683,BANKING_IMPORT
2012-09-21,5150,BANKING,CHQ 53 VIC PFIEFER,1925.00,0.00,receipts,140684,BANKING_IMPORT
2012-09-21,1000,Cash / Clearing,CHQ 53 VIC PFIEFER,0.00,1925.00,receipts,140684,BANKING_IMPORT
2012-09-21,5150,Vehicle Lease Payments,HEFFNER AUTO FINANCE,682.50,0.00,receipts,140685,BANKING_IMPORT
2012-09-21,1000,Cash / Clearing,HEFFNER AUTO FINANCE,0.00,682.50,receipts,140685,BANKING_IMPORT
2012-09-21,5110,BANKING,fuel,58.99,0.00,receipts,215291,
2012-09-21,1000,Cash / Clearing,fuel,0.00,58.99,receipts,215291,
2012-09-21,5116,BANKING,LIQUOR BARN,69.67,0.00,receipts,215609,
2012-09-21,1000,Cash / Clearing,LIQUOR BARN,0.00,69.67,receipts,215609,
2012-09-21,5116,BANKING,LIQUOR BARN,126.39,0.00,receipts,215610,
2012-09-21,1000,Cash / Clearing,LIQUOR BARN,0.00,126.39,receipts,215610,
2012-09-21,5116,BANKING,LIQUOR BARN,77.50,0.00,receipts,215611,
2012-09-21,1000,Cash / Clearing,LIQUOR BARN,0.00,77.50,receipts,215611,
2012-09-21,2550,BANKING,COOP LIQUOR,50.69,0.00,receipts,217033,
2012-09-21,1000,Cash / Clearing,COOP LIQUOR,0.00,50.69,receipts,217033,
2012-09-21,2550,BANKING,RADIO RENTAL,63.00,0.00,receipts,217188,
2012-09-21,1000,Cash / Clearing,RADIO RENTAL,0.00,63.00,receipts,217188,
2012-09-21,5320,BANKING,pacini calgary,15.63,0.00,receipts,217412,
2012-09-21,1000,Cash / Clearing,pacini calgary,0.00,15.63,receipts,217412,
2012-09-21,5320,BANKING,DENNYS,50.21,0.00,receipts,217554,
2012-09-21,1000,Cash / Clearing,DENNYS,0.00,50.21,receipts,217554,
2012-09-22,5120,BANKING,L9,14.25,0.00,receipts,215103,
2012-09-22,1000,Cash / Clearing,L9,0.00,14.25,receipts,215103,
2012-09-22,5120,BANKING,L14,6.65,0.00,receipts,215104,
2012-09-22,1000,Cash / Clearing,L14,0.00,6.65,receipts,215104,
2012-09-22,5120,BANKING,L6,8.55,0.00,receipts,215108,
2012-09-22,1000,Cash / Clearing,L6,0.00,8.55,receipts,215108,
2012-09-22,5110,BANKING,FUEL,200.00,0.00,receipts,215241,
2012-09-22,1000,Cash / Clearing,FUEL,0.00,200.00,receipts,215241,
2012-09-22,5116,BANKING,LIQUOR BARN,147.72,0.00,receipts,215612,
2012-09-22,1000,Cash / Clearing,LIQUOR BARN,0.00,147.72,receipts,215612,
2012-09-22,5116,BANKING,LIQUOR BARN,36.53,0.00,receipts,215619,
2012-09-22,1000,Cash / Clearing,LIQUOR BARN,0.00,36.53,receipts,215619,
2012-09-22,5420,BANKING,lighting usb adapter,69.27,0.00,receipts,217052,
2012-09-22,1000,Cash / Clearing,lighting usb adapter,0.00,69.27,receipts,217052,
2012-09-22,5116,BANKING,non alcoholic champagen,41.15,0.00,receipts,217147,
2012-09-22,1000,Cash / Clearing,non alcoholic champagen,0.00,41.15,receipts,217147,
2012-09-22,5110,BANKING,7-ELEVEN,62.00,0.00,receipts,217151,
2012-09-22,1000,Cash / Clearing,7-ELEVEN,0.00,62.00,receipts,217151,
2012-09-22,2550,BANKING,FUEL L-07,70.00,0.00,receipts,217327,
2012-09-22,1000,Cash / Clearing,FUEL L-07,0.00,70.00,receipts,217327,
2012-09-22,5320,BANKING,Provost out of town meal,14.49,0.00,receipts,217508,
2012-09-22,1000,Cash / Clearing,Provost out of town meal,0.00,14.49,receipts,217508,
2012-09-22,5320,BANKING,ASIAN KITCHEN,10.80,0.00,receipts,217559,
2012-09-22,1000,Cash / Clearing,ASIAN KITCHEN,0.00,10.80,receipts,217559,
2012-09-23,5110,BANKING,FUEL,60.00,0.00,receipts,215248,
2012-09-23,1000,Cash / Clearing,FUEL,0.00,60.00,receipts,215248,
2012-09-24,5120,Vehicle Maintenance & Repairs,SUPER CLEAN,9.00,0.00,receipts,140687,BANKING_IMPORT
2012-09-24,1000,Cash / Clearing,SUPER CLEAN,0.00,9.00,receipts,140687,BANKING_IMPORT
2012-09-24,5110,Fuel,fuel L14,196.00,0.00,receipts,140688,BANKING_IMPORT
2012-09-24,1000,Cash / Clearing,fuel L14,0.00,196.00,receipts,140688,BANKING_IMPORT
2012-09-24,6100,BANKING,TIM HORTONS,4.08,0.00,receipts,140689,BANKING_IMPORT
2012-09-24,1000,Cash / Clearing,TIM HORTONS,0.00,4.08,receipts,140689,BANKING_IMPORT
2012-09-24,5110,Fuel,[SPLIT WITH #145329],120.00,0.00,receipts,140690,RECEIPT
2012-09-24,1000,Cash / Clearing,[SPLIT WITH #145329],0.00,120.00,receipts,140690,RECEIPT
2012-09-24,6100,Business Meals & Entertainment,MEETING WITH CLIENT,31.50,0.00,receipts,140691,BANKING_IMPORT
2012-09-24,1000,Cash / Clearing,MEETING WITH CLIENT,0.00,31.50,receipts,140691,BANKING_IMPORT
2012-09-24,5116,"Client Amenities - Food, Coffee, Supplies",SOBEYS,35.72,0.00,receipts,140692,BANKING_IMPORT
2012-09-24,1000,Cash / Clearing,SOBEYS,0.00,35.72,receipts,140692,BANKING_IMPORT
2012-09-24,5440,Rent & Utilities,CHQ 56 MIKE WOODROW,500.00,0.00,receipts,140693,BANKING_IMPORT
2012-09-24,1000,Cash / Clearing,CHQ 56 MIKE WOODROW,0.00,500.00,receipts,140693,BANKING_IMPORT
2012-09-24,5130,Insurance,JEVCO INSURANCE,268.92,0.00,receipts,142884,BANKING_IMPORT
2012-09-24,1000,Cash / Clearing,JEVCO INSURANCE,0.00,268.92,receipts,142884,BANKING_IMPORT
2012-09-24,5130,Insurance,IFS FINANCIAL,1654.94,0.00,receipts,142886,BANKING_IMPORT
2012-09-24,1000,Cash / Clearing,IFS FINANCIAL,0.00,1654.94,receipts,142886,BANKING_IMPORT
2012-09-24,2550,Fuel,Centex | Fuel | SPLIT/170.01,102.54,0.00,receipts,145330,
2012-09-24,1000,Cash / Clearing,Centex | Fuel | SPLIT/170.01,0.00,102.54,receipts,145330,
2012-09-24,2550,Fuel,Centex | Oil | SPLIT/170.01,67.47,0.00,receipts,145331,
2012-09-24,1000,Cash / Clearing,Centex | Oil | SPLIT/170.01,0.00,67.47,receipts,145331,
2012-09-24,2550,Fuel,CENTEX,170.01,0.00,receipts,170503,BANKING_IMPORT
2012-09-24,1000,Cash / Clearing,CENTEX,0.00,170.01,receipts,170503,BANKING_IMPORT
2012-09-24,1015,Petty Cash,PETTY CASH FUNDING,100.00,0.00,receipts,170507,BANKING_IMPORT
2012-09-24,1000,Cash / Clearing,PETTY CASH FUNDING,0.00,100.00,receipts,170507,BANKING_IMPORT
2012-09-24,5110,Fuel,[SPLIT WITH #140690] - Fuel for L-2,50.01,0.00,receipts,212720,SCOTIABANK_SPLIT_MANUAL | PG17_COLLISION_ORIG_ID=145329 | FALLBACK_BT=94813
2012-09-24,1000,Cash / Clearing,[SPLIT WITH #140690] - Fuel for L-2,0.00,50.01,receipts,212720,SCOTIABANK_SPLIT_MANUAL | PG17_COLLISION_ORIG_ID=145329 | FALLBACK_BT=94813
2012-09-24,5130,Insurance,COOP INSURANCE CSI,105.15,0.00,receipts,214356,99994
2012-09-24,1000,Cash / Clearing,COOP INSURANCE CSI,0.00,105.15,receipts,214356,99994
2012-09-24,5715,NSF Fees,NSF Fee,45.00,0.00,receipts,215986,BANKING_IMPORT
2012-09-24,1000,Cash / Clearing,NSF Fee,0.00,45.00,receipts,215986,BANKING_IMPORT
2012-09-24,5715,BANKING,NSF Fee,45.00,0.00,receipts,216915,BANKING_IMPORT
2012-09-24,1000,Cash / Clearing,NSF Fee,0.00,45.00,receipts,216915,BANKING_IMPORT
2012-09-24,2910,BANKING,CORA,31.50,0.00,receipts,218135,BANKING_IMPORT
2012-09-24,1000,Cash / Clearing,CORA,0.00,31.50,receipts,218135,BANKING_IMPORT
2012-09-24,5130,Insurance,IFS PREMIUM FINANCING,1654.94,0.00,receipts,218136,BANKING_IMPORT
2012-09-24,1000,Cash / Clearing,IFS PREMIUM FINANCING,0.00,1654.94,receipts,218136,BANKING_IMPORT
2012-09-24,5300,Insurance,JEVCO INSURANCE,268.92,0.00,receipts,218137,BANKING_IMPORT
2012-09-24,1000,Cash / Clearing,JEVCO INSURANCE,0.00,268.92,receipts,218137,BANKING_IMPORT
2012-09-24,5130,Insurance,IFS Premium Finance,30.00,0.00,receipts,218138,BANKING_IMPORT
2012-09-24,1000,Cash / Clearing,IFS Premium Finance,0.00,30.00,receipts,218138,BANKING_IMPORT
2012-09-25,5150,Vehicle Lease Payments,HEFFNER AUTO FINANCE,1475.25,0.00,receipts,140696,BANKING_IMPORT
2012-09-25,1000,Cash / Clearing,HEFFNER AUTO FINANCE,0.00,1475.25,receipts,140696,BANKING_IMPORT
2012-09-25,5150,Vehicle Lease Payments,HEFFNER AUTO FINANCE,1900.50,0.00,receipts,140697,BANKING_IMPORT
2012-09-25,1000,Cash / Clearing,HEFFNER AUTO FINANCE,0.00,1900.50,receipts,140697,BANKING_IMPORT
2012-09-25,1015,Petty Cash,PETTY CASH FUNDING,1500.00,0.00,receipts,150614,BANKING_IMPORT
2012-09-25,1000,Cash / Clearing,PETTY CASH FUNDING,0.00,1500.00,receipts,150614,BANKING_IMPORT
2012-09-26,5116,"Client Amenities - Food, Coffee, Supplies",non alcoholic beverages,4.81,0.00,receipts,170515,BANKING_IMPORT
2012-09-26,1000,Cash / Clearing,non alcoholic beverages,0.00,4.81,receipts,170515,BANKING_IMPORT
2012-09-26,5110,Fuel,PETRO CANADA,66.00,0.00,receipts,170516,BANKING_IMPORT
2012-09-26,1000,Cash / Clearing,PETRO CANADA,0.00,66.00,receipts,170516,BANKING_IMPORT
2012-09-26,5110,BANKING,PETRO-CANADA,80.00,0.00,receipts,214061,
2012-09-26,1000,Cash / Clearing,PETRO-CANADA,0.00,80.00,receipts,214061,
2012-09-26,5180,Vehicle Registration,CVIP CDA32525 E250,330.75,0.00,receipts,214357,94802
2012-09-26,1000,Cash / Clearing,CVIP CDA32525 E250,0.00,330.75,receipts,214357,94802
2012-09-26,1220,BANKING,STERIO CABLES,37.30,0.00,receipts,217057,
2012-09-26,1000,Cash / Clearing,STERIO CABLES,0.00,37.30,receipts,217057,
2012-09-26,5900,BANKING,DRIVER OVERNIGHT REST STOP,119.52,0.00,receipts,217190,
2012-09-26,1000,Cash / Clearing,DRIVER OVERNIGHT REST STOP,0.00,119.52,receipts,217190,
2012-09-26,5320,BANKING,SUSHI SUSHI,33.78,0.00,receipts,217569,
2012-09-26,1000,Cash / Clearing,SUSHI SUSHI,0.00,33.78,receipts,217569,
2012-09-26,2910,BANKING,ERLES AUTO REPAIR,330.75,0.00,receipts,218139,BANKING_IMPORT
2012-09-26,1000,Cash / Clearing,ERLES AUTO REPAIR,0.00,330.75,receipts,218139,BANKING_IMPORT
2012-09-27,5150,Vehicle Lease Payments,HEFFNER AUTO FINANCE,2525.25,0.00,receipts,140706,BANKING_IMPORT
2012-09-27,1000,Cash / Clearing,HEFFNER AUTO FINANCE,0.00,2525.25,receipts,140706,BANKING_IMPORT
2012-09-27,2550,BANKING,ESSO,49.01,0.00,receipts,214930,BANKING_IMPORT
2012-09-27,1000,Cash / Clearing,ESSO,0.00,49.01,receipts,214930,BANKING_IMPORT
2012-09-27,2550,BANKING,ESSO,4.40,0.00,receipts,214931,BANKING_IMPORT
2012-09-27,1000,Cash / Clearing,ESSO,0.00,4.40,receipts,214931,BANKING_IMPORT
2012-09-27,5740,BANKING,BANFF NATIONAL PARK,19.60,0.00,receipts,214938,
2012-09-27,1000,Cash / Clearing,BANFF NATIONAL PARK,0.00,19.60,receipts,214938,
2012-09-27,5120,BANKING,bathroom light for L-10,11.09,0.00,receipts,216973,
2012-09-27,1000,Cash / Clearing,bathroom light for L-10,0.00,11.09,receipts,216973,
2012-09-27,5900,BANKING,MAIL DOCUMENTS TO HEFFNER,5.79,0.00,receipts,217194,
2012-09-27,1000,Cash / Clearing,MAIL DOCUMENTS TO HEFFNER,0.00,5.79,receipts,217194,
2012-09-27,2910,BANKING,CHQ 58 JEANNIE SHILLINGTON,1044.52,0.00,receipts,217757,BANKING_IMPORT
2012-09-27,1000,Cash / Clearing,CHQ 58 JEANNIE SHILLINGTON,0.00,1044.52,receipts,217757,BANKING_IMPORT
2012-09-27,2910,BANKING,ESSO,53.41,0.00,receipts,218140,BANKING_IMPORT
2012-09-27,1000,Cash / Clearing,ESSO,0.00,53.41,receipts,218140,BANKING_IMPORT
2012-09-28,5720,Credit Card Processing Fees,OVERDRAFT FEE,4.65,0.00,receipts,140707,BANKING_IMPORT
2012-09-28,1000,Cash / Clearing,OVERDRAFT FEE,0.00,4.65,receipts,140707,BANKING_IMPORT
2012-09-28,5710,Bank Fees & Service Charges,SERVICE CHARGE,112.50,0.00,receipts,140708,BANKING_IMPORT
2012-09-28,1000,Cash / Clearing,SERVICE CHARGE,0.00,112.50,receipts,140708,BANKING_IMPORT
2012-09-28,5420,Office Supplies,BROCHURES FOR CLIENTS,592.20,0.00,receipts,140709,RECEIPT
2012-09-28,1000,Cash / Clearing,BROCHURES FOR CLIENTS,0.00,592.20,receipts,140709,RECEIPT
2012-09-28,5110,Fuel,[SPLIT WITH #14539],60.00,0.00,receipts,140710,RECEIPT
2012-09-28,1000,Cash / Clearing,[SPLIT WITH #14539],0.00,60.00,receipts,140710,RECEIPT
2012-09-28,5180,Vehicle Registration,FLEET REGISTRATION CHQ 060,908.15,0.00,receipts,140711,CHQ 60
2012-09-28,1000,Cash / Clearing,FLEET REGISTRATION CHQ 060,0.00,908.15,receipts,140711,CHQ 60
2012-09-28,2550,Fuel,SHELL,64.93,0.00,receipts,170525,BANKING_IMPORT
2012-09-28,1000,Cash / Clearing,SHELL,0.00,64.93,receipts,170525,BANKING_IMPORT
2012-09-28,5110,BANKING,COOP,22.30,0.00,receipts,214066,
2012-09-28,1000,Cash / Clearing,COOP,0.00,22.30,receipts,214066,
2012-09-28,2550,BANKING,MOHAWK,75.01,0.00,receipts,215029,
2012-09-28,1000,Cash / Clearing,MOHAWK,0.00,75.01,receipts,215029,
2012-09-28,5120,BANKING,L2,7.60,0.00,receipts,215102,
2012-09-28,1000,Cash / Clearing,L2,0.00,7.60,receipts,215102,
2012-09-28,5116,BANKING,LIQUOR BARN,151.77,0.00,receipts,215615,
2012-09-28,1000,Cash / Clearing,LIQUOR BARN,0.00,151.77,receipts,215615,
2012-09-28,5116,BANKING,LIQUOR BARN,50.34,0.00,receipts,215616,
2012-09-28,1000,Cash / Clearing,LIQUOR BARN,0.00,50.34,receipts,215616,
2012-09-28,5116,BANKING,LIQUOR BARN,146.78,0.00,receipts,215617,
2012-09-28,1000,Cash / Clearing,LIQUOR BARN,0.00,146.78,receipts,215617,
2012-09-28,5116,BANKING,LIQUOR BARN,109.19,0.00,receipts,215618,
2012-09-28,1000,Cash / Clearing,LIQUOR BARN,0.00,109.19,receipts,215618,
2012-09-28,5116,BANKING,LIQUOR BARN,44.24,0.00,receipts,215620,
2012-09-28,1000,Cash / Clearing,LIQUOR BARN,0.00,44.24,receipts,215620,
2012-09-28,5116,BANKING,LIQUOR BARN,80.61,0.00,receipts,215621,
2012-09-28,1000,Cash / Clearing,LIQUOR BARN,0.00,80.61,receipts,215621,
2012-09-28,5116,BANKING,HIGHLANDER WINE AND SPRIRITS,27.45,0.00,receipts,215698,
2012-09-28,1000,Cash / Clearing,HIGHLANDER WINE AND SPRIRITS,0.00,27.45,receipts,215698,
2012-09-28,5116,BANKING,LIQUOR DEPOT,71.25,0.00,receipts,215738,
2012-09-28,1000,Cash / Clearing,LIQUOR DEPOT,0.00,71.25,receipts,215738,
2012-09-28,5710,Bank Fees & Service Charges,Account Fee,35.00,0.00,receipts,215987,BANKING_IMPORT
2012-09-28,1000,Cash / Clearing,Account Fee,0.00,35.00,receipts,215987,BANKING_IMPORT
2012-09-28,5710,Bank Fees & Service Charges,Overdraft Interest,0.45,0.00,receipts,215988,BANKING_IMPORT
2012-09-28,1000,Cash / Clearing,Overdraft Interest,0.00,0.45,receipts,215988,BANKING_IMPORT
2012-09-28,5710,Bank Fees & Service Charges,Overdraft Service Charge,5.00,0.00,receipts,215989,BANKING_IMPORT
2012-09-28,1000,Cash / Clearing,Overdraft Service Charge,0.00,5.00,receipts,215989,BANKING_IMPORT
2012-09-28,5710,Bank Fees & Service Charges,Account Fee,35.00,0.00,receipts,216916,BANKING_IMPORT
2012-09-28,1000,Cash / Clearing,Account Fee,0.00,35.00,receipts,216916,BANKING_IMPORT
2012-09-28,5710,Bank Fees & Service Charges,Overdraft Service Charge,5.00,0.00,receipts,216917,BANKING_IMPORT
2012-09-28,1000,Cash / Clearing,Overdraft Service Charge,0.00,5.00,receipts,216917,BANKING_IMPORT
2012-09-28,5710,Bank Fees & Service Charges,BANK FEE,35.00,0.00,receipts,217611,BANKING_IMPORT
2012-09-28,1000,Cash / Clearing,BANK FEE,0.00,35.00,receipts,217611,BANKING_IMPORT
2012-09-28,2910,BANKING,CHQ 60 (UNKNOWN),908.15,0.00,receipts,217758,BANKING_IMPORT
2012-09-28,1000,Cash / Clearing,CHQ 60 (UNKNOWN),0.00,908.15,receipts,217758,BANKING_IMPORT
2012-09-28,2910,BANKING,COPIES NOW,592.20,0.00,receipts,218141,BANKING_IMPORT
2012-09-28,1000,Cash / Clearing,COPIES NOW,0.00,592.20,receipts,218141,BANKING_IMPORT
2012-09-28,5710,Bank Fees & Service Charges,OD FEE,5.00,0.00,receipts,218142,BANKING_IMPORT
2012-09-28,1000,Cash / Clearing,OD FEE,0.00,5.00,receipts,218142,BANKING_IMPORT
2012-09-29,5420,BANKING,COLORED NAPKINS,75.60,0.00,receipts,215770,
2012-09-29,1000,Cash / Clearing,COLORED NAPKINS,0.00,75.60,receipts,215770,
2012-09-29,5116,"Client Amenities - Food, Coffee, Supplies",BEVERAGES,31.12,0.00,receipts,217023,
2012-09-29,1000,Cash / Clearing,BEVERAGES,0.00,31.12,receipts,217023,
2012-09-29,5116,BANKING,COOP LIQUOR,11.86,0.00,receipts,217031,
2012-09-29,1000,Cash / Clearing,COOP LIQUOR,0.00,11.86,receipts,217031,
2012-09-29,2550,Fuel,fuel,53.84,0.00,receipts,217496,
2012-09-29,1000,Cash / Clearing,fuel,0.00,53.84,receipts,217496,
2012-09-30,5110,BANKING,fuel,57.51,0.00,receipts,215346,
2012-09-30,1000,Cash / Clearing,fuel,0.00,57.51,receipts,215346,
2012-09-30,5710,Bank Fees & Service Charges,Bank Charges & Interest,40.45,0.00,receipts,216367,BANKING_IMPORT
2012-09-30,1000,Cash / Clearing,Bank Charges & Interest,0.00,40.45,receipts,216367,BANKING_IMPORT
2012-09-30,2550,Fuel,fuel,70.01,0.00,receipts,217498,
2012-09-30,1000,Cash / Clearing,fuel,0.00,70.01,receipts,217498,
2012-09-30,5710,Bank Fees & Service Charges,Bank Charges & Interest,40.45,0.00,receipts,217612,BANKING_IMPORT
2012-09-30,1000,Cash / Clearing,Bank Charges & Interest,0.00,40.45,receipts,217612,BANKING_IMPORT
2012-10-01,5110,Fuel,CENTEX,54.06,0.00,receipts,139334,BANKING_IMPORT
2012-10-01,1000,Cash / Clearing,CENTEX,0.00,54.06,receipts,139334,BANKING_IMPORT
2012-10-01,5116,"Client Amenities - Food, Coffee, Supplies",LIQUOR BARN,173.02,0.00,receipts,139335,BANKING_IMPORT
2012-10-01,1000,Cash / Clearing,LIQUOR BARN,0.00,173.02,receipts,139335,BANKING_IMPORT
2012-10-01,5110,Fuel,CENTEX,70.86,0.00,receipts,139336,BANKING_IMPORT
2012-10-01,1000,Cash / Clearing,CENTEX,0.00,70.86,receipts,139336,BANKING_IMPORT
2012-10-01,5860,Supplies - General Business,GNC SUPPLEMNETS,70.01,0.00,receipts,139337,BANKING_IMPORT
2012-10-01,1000,Cash / Clearing,GNC SUPPLEMNETS,0.00,70.01,receipts,139337,BANKING_IMPORT
2012-10-01,5110,Fuel,CENTEX,154.50,0.00,receipts,139339,BANKING_IMPORT
2012-10-01,1000,Cash / Clearing,CENTEX,0.00,154.50,receipts,139339,BANKING_IMPORT
2012-10-01,5440,Rent & Utilities,CHQ 51 FIBRENEW,170.43,0.00,receipts,139341,BANKING_IMPORT
2012-10-01,1000,Cash / Clearing,CHQ 51 FIBRENEW,0.00,170.43,receipts,139341,BANKING_IMPORT
2012-10-01,5440,Rent & Utilities,CHQ 50 FIBRENEW,1163.75,0.00,receipts,139342,BANKING_IMPORT
2012-10-01,1000,Cash / Clearing,CHQ 50 FIBRENEW,0.00,1163.75,receipts,139342,BANKING_IMPORT
2012-10-01,6300,Government Fees & Licenses,LICENSE RENEWAL,200.00,0.00,receipts,139343,BANKING_IMPORT
2012-10-01,1000,Cash / Clearing,LICENSE RENEWAL,0.00,200.00,receipts,139343,BANKING_IMPORT
2012-10-01,5210,BANKING,CHQ 57 CHANTEL THOMAS,287.11,0.00,receipts,139344,BANKING_IMPORT
2012-10-01,1000,Cash / Clearing,CHQ 57 CHANTEL THOMAS,0.00,287.11,receipts,139344,BANKING_IMPORT
2012-10-01,5150,Vehicle Lease Payments,ACE TRUCK RENTALS,2695.40,0.00,receipts,139345,BANKING_IMPORT
2012-10-01,1000,Cash / Clearing,ACE TRUCK RENTALS,0.00,2695.40,receipts,139345,BANKING_IMPORT
2012-10-01,5110,BANKING,PETRO CANADA | fuel,93.00,0.00,receipts,214105,BANKING_IMPORT
2012-10-01,1000,Cash / Clearing,PETRO CANADA | fuel,0.00,93.00,receipts,214105,BANKING_IMPORT
2012-10-01,5120,BANKING,SUPER CLEAN,10.00,0.00,receipts,215179,
2012-10-01,1000,Cash / Clearing,SUPER CLEAN,0.00,10.00,receipts,215179,
2012-10-01,5110,BANKING,RUN'N ON EMPTY,50.00,0.00,receipts,215289,
2012-10-01,1000,Cash / Clearing,RUN'N ON EMPTY,0.00,50.00,receipts,215289,
2012-10-01,5710,Bank Fees & Service Charges,OD FEE,5.00,0.00,receipts,215990,BANKING_IMPORT
2012-10-01,1000,Cash / Clearing,OD FEE,0.00,5.00,receipts,215990,BANKING_IMPORT
2012-10-01,5710,Bank Fees & Service Charges,Merchant Services Fee,341.83,0.00,receipts,216368,BANKING_IMPORT
2012-10-01,1000,Cash / Clearing,Merchant Services Fee,0.00,341.83,receipts,216368,BANKING_IMPORT
2012-10-01,5420,BANKING,DRINK CUPS,5.82,0.00,receipts,217083,
2012-10-01,1000,Cash / Clearing,DRINK CUPS,0.00,5.82,receipts,217083,
2012-10-01,2910,BANKING,CHQ 61 PAUL RICHARD - BANK TRANSFER,2200.00,0.00,receipts,217759,BANKING_IMPORT
2012-10-01,1000,Cash / Clearing,CHQ 61 PAUL RICHARD - BANK TRANSFER,0.00,2200.00,receipts,217759,BANKING_IMPORT
2012-10-01,5710,Bank Fees & Service Charges,OD FEE,5.00,0.00,receipts,218143,BANKING_IMPORT
2012-10-01,1000,Cash / Clearing,OD FEE,0.00,5.00,receipts,218143,BANKING_IMPORT
2012-10-01,5110,BANKING,PETRO-CANADA,110.20,0.00,receipts,218144,BANKING_IMPORT
2012-10-01,1000,Cash / Clearing,PETRO-CANADA,0.00,110.20,receipts,218144,BANKING_IMPORT
2012-10-02,5720,Charter Revenue,Mcard Deposit,238.59,0.00,receipts,170545,BANKING_IMPORT
2012-10-02,1000,Cash / Clearing,Mcard Deposit,0.00,238.59,receipts,170545,BANKING_IMPORT
2012-10-02,5720,Charter Revenue,Vcard Deposit,454.01,0.00,receipts,170546,BANKING_IMPORT
2012-10-02,1000,Cash / Clearing,Vcard Deposit,0.00,454.01,receipts,170546,BANKING_IMPORT
2012-10-02,5420,BANKING,PRAIRIE OFFICE SUPPLIES,9.63,0.00,receipts,217051,
2012-10-02,1000,Cash / Clearing,PRAIRIE OFFICE SUPPLIES,0.00,9.63,receipts,217051,
2012-10-02,5360,BANKING,BYLAW PERMIT,40.00,0.00,receipts,217226,
2012-10-02,1000,Cash / Clearing,BYLAW PERMIT,0.00,40.00,receipts,217226,
2012-10-02,6000,BANKING,ACARD PAYMENT 7839,4.95,0.00,receipts,217584,
2012-10-02,1000,Cash / Clearing,ACARD PAYMENT 7839,0.00,4.95,receipts,217584,
2012-10-02,1015,Petty Cash,PETTY CASH FUNDING,500.00,0.00,receipts,217667,BANKING_IMPORT
2012-10-02,1000,Cash / Clearing,PETTY CASH FUNDING,0.00,500.00,receipts,217667,BANKING_IMPORT
2012-10-02,2910,BANKING,CHQ 63 JESSY GORDON,505.01,0.00,receipts,217760,BANKING_IMPORT
2012-10-02,1000,Cash / Clearing,CHQ 63 JESSY GORDON,0.00,505.01,receipts,217760,BANKING_IMPORT
2012-10-02,2910,BANKING,CHQ 62 JESSE GORDON,95.72,0.00,receipts,217761,BANKING_IMPORT
2012-10-02,1000,Cash / Clearing,CHQ 62 JESSE GORDON,0.00,95.72,receipts,217761,BANKING_IMPORT
2012-10-03,5720,Credit Card Processing Fees,OVERDRAFT FEE,5.00,0.00,receipts,139356,BANKING_IMPORT
2012-10-03,1000,Cash / Clearing,OVERDRAFT FEE,0.00,5.00,receipts,139356,BANKING_IMPORT
2012-10-03,5710,Bank Fees & Service Charges,MASTERCARD MERCHANT FEE,90.00,0.00,receipts,142918,BANKING_IMPORT
2012-10-03,1000,Cash / Clearing,MASTERCARD MERCHANT FEE,0.00,90.00,receipts,142918,BANKING_IMPORT
2012-10-03,5120,BANKING,MR SUDS INC.,11.40,0.00,receipts,215066,
2012-10-03,1000,Cash / Clearing,MR SUDS INC.,0.00,11.40,receipts,215066,
2012-10-03,5110,BANKING,RUN'N ON EMPTY,60.00,0.00,receipts,215288,
2012-10-03,1000,Cash / Clearing,RUN'N ON EMPTY,0.00,60.00,receipts,215288,
2012-10-03,2910,BANKING,CHQ 64 PAUL MANSELL,650.00,0.00,receipts,217762,BANKING_IMPORT
2012-10-03,1000,Cash / Clearing,CHQ 64 PAUL MANSELL,0.00,650.00,receipts,217762,BANKING_IMPORT
2012-10-03,5720,BANKING,MCARD PAYMENT,90.00,0.00,receipts,218145,BANKING_IMPORT
2012-10-03,1000,Cash / Clearing,MCARD PAYMENT,0.00,90.00,receipts,218145,BANKING_IMPORT
2012-10-04,5116,"Client Amenities - Food, Coffee, Supplies",LIQUOR BARN,103.45,0.00,receipts,139359,BANKING_IMPORT
2012-10-04,1000,Cash / Clearing,LIQUOR BARN,0.00,103.45,receipts,139359,BANKING_IMPORT
2012-10-04,5130,Insurance,OPTIMUM INSURANCE,116.86,0.00,receipts,142920,BANKING_IMPORT
2012-10-04,1000,Cash / Clearing,OPTIMUM INSURANCE,0.00,116.86,receipts,142920,BANKING_IMPORT
2012-10-04,5120,BANKING,MR SUDS INC.,18.05,0.00,receipts,215071,
2012-10-04,1000,Cash / Clearing,MR SUDS INC.,0.00,18.05,receipts,215071,
2012-10-04,5120,BANKING,SUPER CLEAN,8.00,0.00,receipts,215167,
2012-10-04,1000,Cash / Clearing,SUPER CLEAN,0.00,8.00,receipts,215167,
2012-10-04,5715,NSF Fees,NSF Fee,45.00,0.00,receipts,215991,BANKING_IMPORT
2012-10-04,1000,Cash / Clearing,NSF Fee,0.00,45.00,receipts,215991,BANKING_IMPORT
2012-10-04,5715,BANKING,NSF Fee,45.00,0.00,receipts,216918,BANKING_IMPORT
2012-10-04,1000,Cash / Clearing,NSF Fee,0.00,45.00,receipts,216918,BANKING_IMPORT
2012-10-04,5420,BANKING,LAMP,10.49,0.00,receipts,217011,
2012-10-04,1000,Cash / Clearing,LAMP,0.00,10.49,receipts,217011,
2012-10-04,5120,BANKING,PARTS,9.84,0.00,receipts,217014,
2012-10-04,1000,Cash / Clearing,PARTS,0.00,9.84,receipts,217014,
2012-10-04,5300,Insurance,OPTIMUM WEST INSURANCE COMPANY,116.86,0.00,receipts,218146,BANKING_IMPORT
2012-10-04,1000,Cash / Clearing,OPTIMUM WEST INSURANCE COMPANY,0.00,116.86,receipts,218146,BANKING_IMPORT
2012-10-05,5860,Supplies - General Business,SHOPPERS DRUG MART,79.01,0.00,receipts,139362,BANKING_IMPORT
2012-10-05,1000,Cash / Clearing,SHOPPERS DRUG MART,0.00,79.01,receipts,139362,BANKING_IMPORT
2012-10-05,5110,Fuel,MOHAWK,53.00,0.00,receipts,139363,BANKING_IMPORT
2012-10-05,1000,Cash / Clearing,MOHAWK,0.00,53.00,receipts,139363,BANKING_IMPORT
2012-10-05,5110,BANKING,ESSO,30.00,0.00,receipts,214922,
2012-10-05,1000,Cash / Clearing,ESSO,0.00,30.00,receipts,214922,
2012-10-05,5110,BANKING,RUN'N ON EMPTY,35.00,0.00,receipts,215285,
2012-10-05,1000,Cash / Clearing,RUN'N ON EMPTY,0.00,35.00,receipts,215285,
2012-10-05,5116,BANKING,LIQUOR BARN,55.80,0.00,receipts,215301,
2012-10-05,1000,Cash / Clearing,LIQUOR BARN,0.00,55.80,receipts,215301,
2012-10-05,5116,BANKING,LIQUOR BARN,118.96,0.00,receipts,215304,
2012-10-05,1000,Cash / Clearing,LIQUOR BARN,0.00,118.96,receipts,215304,
2012-10-05,5116,BANKING,LIQUOR BARN,33.96,0.00,receipts,215305,
2012-10-05,1000,Cash / Clearing,LIQUOR BARN,0.00,33.96,receipts,215305,
2012-10-05,5116,BANKING,LIQUOR BARN,20.04,0.00,receipts,215308,
2012-10-05,1000,Cash / Clearing,LIQUOR BARN,0.00,20.04,receipts,215308,
2012-10-05,5116,BANKING,LIQUOR BARN,137.15,0.00,receipts,215309,
2012-10-05,1000,Cash / Clearing,LIQUOR BARN,0.00,137.15,receipts,215309,
2012-10-05,5116,BANKING,LIQUOR BARN,115.00,0.00,receipts,215310,
2012-10-05,1000,Cash / Clearing,LIQUOR BARN,0.00,115.00,receipts,215310,
2012-10-05,5116,BANKING,CAPRI LIQUOR STORE,7.49,0.00,receipts,215722,
2012-10-05,1000,Cash / Clearing,CAPRI LIQUOR STORE,0.00,7.49,receipts,215722,
2012-10-05,5420,BANKING,LAMP AND DRILL BITS,86.97,0.00,receipts,217012,
2012-10-05,1000,Cash / Clearing,LAMP AND DRILL BITS,0.00,86.97,receipts,217012,
2012-10-05,2550,BANKING,CENTEX,50.00,0.00,receipts,217266,
2012-10-05,1000,Cash / Clearing,CENTEX,0.00,50.00,receipts,217266,
2012-10-05,2910,BANKING,CHQ 67 DALE MENARD,473.05,0.00,receipts,217763,BANKING_IMPORT
2012-10-05,1000,Cash / Clearing,CHQ 67 DALE MENARD,0.00,473.05,receipts,217763,BANKING_IMPORT
2012-10-06,2550,BANKING,FAS GAS,50.00,0.00,receipts,214037,
2012-10-06,1000,Cash / Clearing,FAS GAS,0.00,50.00,receipts,214037,
2012-10-06,5110,BANKING,fuel,80.00,0.00,receipts,214825,BANKING_IMPORT
2012-10-06,1000,Cash / Clearing,fuel,0.00,80.00,receipts,214825,BANKING_IMPORT
2012-10-06,5116,BANKING,ice,7.20,0.00,receipts,214826,BANKING_IMPORT
2012-10-06,1000,Cash / Clearing,ice,0.00,7.20,receipts,214826,BANKING_IMPORT
2012-10-06,5120,BANKING,MR SUDS INC.,4.80,0.00,receipts,215065,
2012-10-06,1000,Cash / Clearing,MR SUDS INC.,0.00,4.80,receipts,215065,
2012-10-06,5110,BANKING,RUN'N ON EMPTY,100.57,0.00,receipts,215283,
2012-10-06,1000,Cash / Clearing,RUN'N ON EMPTY,0.00,100.57,receipts,215283,
2012-10-06,5116,BANKING,LIQUOR BARN,25.43,0.00,receipts,215303,
2012-10-06,1000,Cash / Clearing,LIQUOR BARN,0.00,25.43,receipts,215303,
2012-10-06,5116,BANKING,ice,3.34,0.00,receipts,215306,
2012-10-06,1000,Cash / Clearing,ice,0.00,3.34,receipts,215306,
2012-10-06,5116,BANKING,LIQUOR BARN,14.52,0.00,receipts,215406,
2012-10-06,1000,Cash / Clearing,LIQUOR BARN,0.00,14.52,receipts,215406,
2012-10-06,2550,BANKING,WIFI ROUTER ECT,588.12,0.00,receipts,217046,
2012-10-06,1000,Cash / Clearing,WIFI ROUTER ECT,0.00,588.12,receipts,217046,
2012-10-06,5110,BANKING,CENTEX,45.00,0.00,receipts,217267,
2012-10-06,1000,Cash / Clearing,CENTEX,0.00,45.00,receipts,217267,
2012-10-06,2550,BANKING,CENTEX,61.80,0.00,receipts,217268,
2012-10-06,1000,Cash / Clearing,CENTEX,0.00,61.80,receipts,217268,
2012-10-06,5110,Fuel,fuel,58.00,0.00,receipts,217495,
2012-10-06,1000,Cash / Clearing,fuel,0.00,58.00,receipts,217495,
2012-10-07,5110,BANKING,MOHAWK,72.01,0.00,receipts,215010,
2012-10-07,1000,Cash / Clearing,MOHAWK,0.00,72.01,receipts,215010,
2012-10-07,5420,BANKING,TUBE,5.24,0.00,receipts,217013,
2012-10-07,1000,Cash / Clearing,TUBE,0.00,5.24,receipts,217013,
2012-10-08,5120,BANKING,L2,6.00,0.00,receipts,215168,
2012-10-08,1000,Cash / Clearing,L2,0.00,6.00,receipts,215168,
2012-10-08,5110,BANKING,fuel,80.00,0.00,receipts,215347,
2012-10-08,1000,Cash / Clearing,fuel,0.00,80.00,receipts,215347,
2012-10-08,5110,BANKING,L2 fuel,32.00,0.00,receipts,217395,
2012-10-08,1000,Cash / Clearing,L2 fuel,0.00,32.00,receipts,217395,
2012-10-08,5110,BANKING,fuel L2 43.63 lt,51.00,0.00,receipts,217417,BANKING_IMPORT
2012-10-08,1000,Cash / Clearing,fuel L2 43.63 lt,0.00,51.00,receipts,217417,BANKING_IMPORT
2012-10-08,5116,BANKING,water,3.86,0.00,receipts,217418,BANKING_IMPORT
2012-10-08,1000,Cash / Clearing,water,0.00,3.86,receipts,217418,BANKING_IMPORT
2012-10-09,5420,Office Supplies,STAPLES,65.80,0.00,receipts,139366,BANKING_IMPORT
2012-10-09,1000,Cash / Clearing,STAPLES,0.00,65.80,receipts,139366,BANKING_IMPORT
2012-10-09,5120,Vehicle Maintenance & Repairs,fuses,78.69,0.00,receipts,139367,BANKING_IMPORT
2012-10-09,1000,Cash / Clearing,fuses,0.00,78.69,receipts,139367,BANKING_IMPORT
2012-10-09,5110,Fuel,HUSKY,112.00,0.00,receipts,139368,BANKING_IMPORT
2012-10-09,1000,Cash / Clearing,HUSKY,0.00,112.00,receipts,139368,BANKING_IMPORT
2012-10-09,5110,Fuel,CENTEX,58.00,0.00,receipts,139370,BANKING_IMPORT
2012-10-09,1000,Cash / Clearing,CENTEX,0.00,58.00,receipts,139370,BANKING_IMPORT
2012-10-09,5116,"Client Amenities - Food, Coffee, Supplies",LIQUOR BARN,53.86,0.00,receipts,139371,BANKING_IMPORT
2012-10-09,1000,Cash / Clearing,LIQUOR BARN,0.00,53.86,receipts,139371,BANKING_IMPORT
2012-10-09,2550,BANKING,fuel,53.60,0.00,receipts,214879,BANKING_IMPORT
2012-10-09,1000,Cash / Clearing,fuel,0.00,53.60,receipts,214879,BANKING_IMPORT
2012-10-09,5880,BANKING,snacks,4.81,0.00,receipts,214880,BANKING_IMPORT
2012-10-09,1000,Cash / Clearing,snacks,0.00,4.81,receipts,214880,BANKING_IMPORT
2012-10-09,5110,BANKING,RUN'N ON EMPTY,58.00,0.00,receipts,215282,
2012-10-09,1000,Cash / Clearing,RUN'N ON EMPTY,0.00,58.00,receipts,215282,
2012-10-09,5116,BANKING,ice,3.34,0.00,receipts,215403,
2012-10-09,1000,Cash / Clearing,ice,0.00,3.34,receipts,215403,
2012-10-09,5116,BANKING,LIQUOR BARN,61.46,0.00,receipts,215405,
2012-10-09,1000,Cash / Clearing,LIQUOR BARN,0.00,61.46,receipts,215405,
2012-10-09,5715,NSF Fees,NSF Fee,90.00,0.00,receipts,215992,BANKING_IMPORT
2012-10-09,1000,Cash / Clearing,NSF Fee,0.00,90.00,receipts,215992,BANKING_IMPORT
2012-10-09,5150,Vehicle Lease Payments,LFG vehicle operating lease payment,101.14,0.00,receipts,216821,BANKING_IMPORT
2012-10-09,1000,Cash / Clearing,LFG vehicle operating lease payment,0.00,101.14,receipts,216821,BANKING_IMPORT
2012-10-09,5715,BANKING,NSF Fee,90.00,0.00,receipts,216919,BANKING_IMPORT
2012-10-09,1000,Cash / Clearing,NSF Fee,0.00,90.00,receipts,216919,BANKING_IMPORT
2012-10-09,2550,BANKING,TINTING,105.00,0.00,receipts,217203,
2012-10-09,1000,Cash / Clearing,TINTING,0.00,105.00,receipts,217203,
2012-10-09,2910,BANKING,CHQ 65 DUSTEN TOWNSEND,1088.31,0.00,receipts,217764,BANKING_IMPORT
2012-10-09,1000,Cash / Clearing,CHQ 65 DUSTEN TOWNSEND,0.00,1088.31,receipts,217764,BANKING_IMPORT
2012-10-09,2910,BANKING,CHQ 68 PAUL MANSELL,1578.95,0.00,receipts,217765,BANKING_IMPORT
2012-10-09,1000,Cash / Clearing,CHQ 68 PAUL MANSELL,0.00,1578.95,receipts,217765,BANKING_IMPORT
2012-10-09,2910,BANKING,ESSO,58.41,0.00,receipts,218147,BANKING_IMPORT
2012-10-09,1000,Cash / Clearing,ESSO,0.00,58.41,receipts,218147,BANKING_IMPORT
2012-10-09,5150,Vehicle Operating Leases,LFG Business PAD,202.27,0.00,receipts,218148,BANKING_IMPORT
2012-10-09,1000,Cash / Clearing,LFG Business PAD,0.00,202.27,receipts,218148,BANKING_IMPORT
2012-10-10,5420,Office Supplies,STAPLES,238.31,0.00,receipts,139377,BANKING_IMPORT
2012-10-10,1000,Cash / Clearing,STAPLES,0.00,238.31,receipts,139377,BANKING_IMPORT
2012-10-10,5420,BANKING,LOCKED SOLID,43.47,0.00,receipts,217049,
2012-10-10,1000,Cash / Clearing,LOCKED SOLID,0.00,43.47,receipts,217049,
2012-10-11,5420,Office Supplies,STAPLES,61.80,0.00,receipts,139379,BANKING_IMPORT
2012-10-11,1000,Cash / Clearing,STAPLES,0.00,61.80,receipts,139379,BANKING_IMPORT
2012-10-11,5116,BANKING,LIQUOR BARN,343.66,0.00,receipts,215402,
2012-10-11,1000,Cash / Clearing,LIQUOR BARN,0.00,343.66,receipts,215402,
2012-10-11,5116,BANKING,COOP LIQUOR,101.37,0.00,receipts,215732,
2012-10-11,1000,Cash / Clearing,COOP LIQUOR,0.00,101.37,receipts,215732,
2012-10-11,5110,BANKING,CENTEX,25.66,0.00,receipts,217269,
2012-10-11,1000,Cash / Clearing,CENTEX,0.00,25.66,receipts,217269,
2012-10-11,2910,BANKING,CHQ 71 DOUG REDMOND,1820.98,0.00,receipts,217766,BANKING_IMPORT
2012-10-11,1000,Cash / Clearing,CHQ 71 DOUG REDMOND,0.00,1820.98,receipts,217766,BANKING_IMPORT
2012-10-11,2910,BANKING,CHQ 73 ANGEL ESCOBAR,871.99,0.00,receipts,217767,BANKING_IMPORT
2012-10-11,1000,Cash / Clearing,CHQ 73 ANGEL ESCOBAR,0.00,871.99,receipts,217767,BANKING_IMPORT
2012-10-11,5110,Fuel,fuel,30.00,0.00,receipts,221471,
2012-10-11,1000,Cash / Clearing,fuel,0.00,30.00,receipts,221471,
2012-10-12,5720,Credit Card Processing Fees,OVERDRAFT FEE,10.00,0.00,receipts,139384,BANKING_IMPORT
2012-10-12,1000,Cash / Clearing,OVERDRAFT FEE,0.00,10.00,receipts,139384,BANKING_IMPORT
2012-10-12,5110,Fuel,fuel,73.00,0.00,receipts,139385,BANKING_IMPORT
2012-10-12,1000,Cash / Clearing,fuel,0.00,73.00,receipts,139385,BANKING_IMPORT
2012-10-12,5120,Vehicle Maintenance & Repairs,PARRS AUTOMOTIVE,2000.00,0.00,receipts,139388,BANKING_IMPORT
2012-10-12,1000,Cash / Clearing,PARRS AUTOMOTIVE,0.00,2000.00,receipts,139388,BANKING_IMPORT
2012-10-12,5116,"Client Amenities - Food, Coffee, Supplies",ice,5.98,0.00,receipts,214039,
2012-10-12,1000,Cash / Clearing,ice,0.00,5.98,receipts,214039,
2012-10-12,5110,BANKING,PETRO-CANADA,50.00,0.00,receipts,214827,
2012-10-12,1000,Cash / Clearing,PETRO-CANADA,0.00,50.00,receipts,214827,
2012-10-12,5110,BANKING,UNREADABLE,20.01,0.00,receipts,214996,
2012-10-12,1000,Cash / Clearing,UNREADABLE,0.00,20.01,receipts,214996,
2012-10-12,5120,BANKING,L2,9.60,0.00,receipts,215072,
2012-10-12,1000,Cash / Clearing,L2,0.00,9.60,receipts,215072,
2012-10-12,5110,BANKING,RUN'N ON EMPTY,40.00,0.00,receipts,215280,
2012-10-12,1000,Cash / Clearing,RUN'N ON EMPTY,0.00,40.00,receipts,215280,
2012-10-12,5116,BANKING,LIQUOR BARN,113.64,0.00,receipts,215399,
2012-10-12,1000,Cash / Clearing,LIQUOR BARN,0.00,113.64,receipts,215399,
2012-10-12,5116,BANKING,LIQUOR BARN,222.68,0.00,receipts,215400,
2012-10-12,1000,Cash / Clearing,LIQUOR BARN,0.00,222.68,receipts,215400,
2012-10-12,5116,BANKING,LIQUOR BARN,74.73,0.00,receipts,215401,
2012-10-12,1000,Cash / Clearing,LIQUOR BARN,0.00,74.73,receipts,215401,
2012-10-12,6105,BANKING,MONGOLIE GRILL,56.63,0.00,receipts,217373,
2012-10-12,1000,Cash / Clearing,MONGOLIE GRILL,0.00,56.63,receipts,217373,
2012-10-12,5116,BANKING,fuel L2,33.00,0.00,receipts,217397,
2012-10-12,1000,Cash / Clearing,fuel L2,0.00,33.00,receipts,217397,
2012-10-12,2910,BANKING,CHQ 70 LOGAN MOSINSKY,206.16,0.00,receipts,217768,BANKING_IMPORT
2012-10-12,1000,Cash / Clearing,CHQ 70 LOGAN MOSINSKY,0.00,206.16,receipts,217768,BANKING_IMPORT
2012-10-12,2910,BANKING,CHQ 72 JEANNIE SHILLINGTON,1891.81,0.00,receipts,217769,BANKING_IMPORT
2012-10-12,1000,Cash / Clearing,CHQ 72 JEANNIE SHILLINGTON,0.00,1891.81,receipts,217769,BANKING_IMPORT
2012-10-13,5110,BANKING,fuel,182.92,0.00,receipts,215278,BANKING_IMPORT
2012-10-13,1000,Cash / Clearing,fuel,0.00,182.92,receipts,215278,BANKING_IMPORT
2012-10-13,5116,BANKING,ice,6.00,0.00,receipts,215279,BANKING_IMPORT
2012-10-13,1000,Cash / Clearing,ice,0.00,6.00,receipts,215279,BANKING_IMPORT
2012-10-13,5116,BANKING,LIQUOR BARN,21.81,0.00,receipts,215396,
2012-10-13,1000,Cash / Clearing,LIQUOR BARN,0.00,21.81,receipts,215396,
2012-10-13,5116,BANKING,LIQUOR BARN,20.04,0.00,receipts,215397,
2012-10-13,1000,Cash / Clearing,LIQUOR BARN,0.00,20.04,receipts,215397,
2012-10-13,5116,BANKING,LIQUOR BARN,171.83,0.00,receipts,215398,
2012-10-13,1000,Cash / Clearing,LIQUOR BARN,0.00,171.83,receipts,215398,
2012-10-13,5116,BANKING,COOP LIQUOR,39.78,0.00,receipts,215725,
2012-10-13,1000,Cash / Clearing,COOP LIQUOR,0.00,39.78,receipts,215725,
2012-10-13,5116,BANKING,COOP LIQUOR,32.89,0.00,receipts,215726,
2012-10-13,1000,Cash / Clearing,COOP LIQUOR,0.00,32.89,receipts,215726,
2012-10-13,5110,BANKING,83.405 LTS,95.00,0.00,receipts,217067,
2012-10-13,1000,Cash / Clearing,83.405 LTS,0.00,95.00,receipts,217067,
2012-10-13,5320,BANKING,MR MIKES,47.71,0.00,receipts,217370,
2012-10-13,1000,Cash / Clearing,MR MIKES,0.00,47.71,receipts,217370,
2012-10-14,5110,BANKING,L7 fuel,20.00,0.00,receipts,217396,
2012-10-14,1000,Cash / Clearing,L7 fuel,0.00,20.00,receipts,217396,
2012-10-15,5150,Vehicle Operating Leases,HEFFNER AUTO FINANCE,67.56,0.00,receipts,78453,
2012-10-15,1000,Cash / Clearing,HEFFNER AUTO FINANCE,0.00,67.56,receipts,78453,
2012-10-15,5110,Fuel,fuel,58.05,0.00,receipts,139392,BANKING_IMPORT
2012-10-15,1000,Cash / Clearing,fuel,0.00,58.05,receipts,139392,BANKING_IMPORT
2012-10-15,5210,BANKING,CHQ 66 CHANTEL THOMAS,506.35,0.00,receipts,139393,BANKING_IMPORT
2012-10-15,1000,Cash / Clearing,CHQ 66 CHANTEL THOMAS,0.00,506.35,receipts,139393,BANKING_IMPORT
2012-10-15,5150,Vehicle Lease Payments,HEFFNER AUTO,889.88,0.00,receipts,150617,BANKING_IMPORT
2012-10-15,1000,Cash / Clearing,HEFFNER AUTO,0.00,889.88,receipts,150617,BANKING_IMPORT
2012-10-15,2550,Vehicle Operating Leases,HEFFNER AUTO,67.56,0.00,receipts,150618,BANKING_IMPORT
2012-10-15,1000,Cash / Clearing,HEFFNER AUTO,0.00,67.56,receipts,150618,BANKING_IMPORT
2012-10-15,5150,Vehicle Lease Payments,HEFFNER AUTO,1475.25,0.00,receipts,150619,BANKING_IMPORT
2012-10-15,1000,Cash / Clearing,HEFFNER AUTO,0.00,1475.25,receipts,150619,BANKING_IMPORT
2012-10-15,5710,Bank Fees & Service Charges,GEORGES PIZZA,30.04,0.00,receipts,150620,BANKING_IMPORT
2012-10-15,1000,Cash / Clearing,GEORGES PIZZA,0.00,30.04,receipts,150620,BANKING_IMPORT
2012-10-15,2550,BANKING,FAS GAS,20.00,0.00,receipts,214036,
2012-10-15,1000,Cash / Clearing,FAS GAS,0.00,20.00,receipts,214036,
2012-10-15,5110,BANKING,PETRO-CANADA,156.84,0.00,receipts,214823,
2012-10-15,1000,Cash / Clearing,PETRO-CANADA,0.00,156.84,receipts,214823,
2012-10-15,5440,Rent & Utilities,vinyl repair,105.00,0.00,receipts,215490,
2012-10-15,1000,Cash / Clearing,vinyl repair,0.00,105.00,receipts,215490,
2012-10-15,5715,NSF Fees,NSF Fee,45.00,0.00,receipts,215993,BANKING_IMPORT
2012-10-15,1000,Cash / Clearing,NSF Fee,0.00,45.00,receipts,215993,BANKING_IMPORT
2012-10-15,5715,BANKING,NSF Fee,45.00,0.00,receipts,216920,BANKING_IMPORT
2012-10-15,1000,Cash / Clearing,NSF Fee,0.00,45.00,receipts,216920,BANKING_IMPORT
2012-10-15,5320,BANKING,MR MIKES,23.07,0.00,receipts,217367,
2012-10-15,1000,Cash / Clearing,MR MIKES,0.00,23.07,receipts,217367,
2012-10-15,5320,BANKING,GEORGE'S PIZZA,26.12,0.00,receipts,217374,
2012-10-15,1000,Cash / Clearing,GEORGE'S PIZZA,0.00,26.12,receipts,217374,
2012-10-15,5150,Vehicle Lease Payments,HEFFNER AUTO,889.88,0.00,receipts,218149,BANKING_IMPORT
2012-10-15,1000,Cash / Clearing,HEFFNER AUTO,0.00,889.88,receipts,218149,BANKING_IMPORT
2012-10-15,5150,Vehicle Lease Payments,HEFFNER AUTO,1475.25,0.00,receipts,218150,BANKING_IMPORT
2012-10-15,1000,Cash / Clearing,HEFFNER AUTO,0.00,1475.25,receipts,218150,BANKING_IMPORT
2012-10-15,2910,BANKING,GEORGES PIZZA,30.04,0.00,receipts,218151,BANKING_IMPORT
2012-10-15,1000,Cash / Clearing,GEORGES PIZZA,0.00,30.04,receipts,218151,BANKING_IMPORT
2012-10-16,5120,Vehicle Maintenance & Repairs,PARRS AUTOMOTIVE,1500.00,0.00,receipts,139403,BANKING_IMPORT
2012-10-16,1000,Cash / Clearing,PARRS AUTOMOTIVE,0.00,1500.00,receipts,139403,BANKING_IMPORT
2012-10-16,5110,Fuel,fuel,206.93,0.00,receipts,139404,BANKING_IMPORT
2012-10-16,1000,Cash / Clearing,fuel,0.00,206.93,receipts,139404,BANKING_IMPORT
2012-10-16,5130,Insurance,OPTIMUM INSURANCE,91.86,0.00,receipts,142951,BANKING_IMPORT
2012-10-16,1000,Cash / Clearing,OPTIMUM INSURANCE,0.00,91.86,receipts,142951,BANKING_IMPORT
2012-10-16,5110,BANKING,FAS GAS,43.00,0.00,receipts,214035,
2012-10-16,1000,Cash / Clearing,FAS GAS,0.00,43.00,receipts,214035,
2012-10-16,5120,BANKING,MR SUDS INC.,2.50,0.00,receipts,215070,
2012-10-16,1000,Cash / Clearing,MR SUDS INC.,0.00,2.50,receipts,215070,
2012-10-16,5150,Vehicle Lease Payments,LFG vehicle operating lease payment,202.27,0.00,receipts,216822,BANKING_IMPORT
2012-10-16,1000,Cash / Clearing,LFG vehicle operating lease payment,0.00,202.27,receipts,216822,BANKING_IMPORT
2012-10-16,5300,Insurance,OPTIMUM WEST INSURANCE COMPANY,91.86,0.00,receipts,218152,BANKING_IMPORT
2012-10-16,1000,Cash / Clearing,OPTIMUM WEST INSURANCE COMPANY,0.00,91.86,receipts,218152,BANKING_IMPORT
2012-10-16,5300,Insurance,Optimum West Insurance,164.00,0.00,receipts,218153,BANKING_IMPORT
2012-10-16,1000,Cash / Clearing,Optimum West Insurance,0.00,164.00,receipts,218153,BANKING_IMPORT
2012-10-16,5150,Vehicle Operating Leases,LFG BUSINESS PAD,101.14,0.00,receipts,218154,BANKING_IMPORT
2012-10-16,1000,Cash / Clearing,LFG BUSINESS PAD,0.00,101.14,receipts,218154,BANKING_IMPORT
2012-10-17,5420,BANKING,keys,55.65,0.00,receipts,214850,
2012-10-17,1000,Cash / Clearing,keys,0.00,55.65,receipts,214850,
2012-10-17,5420,BANKING,PRAIRIE OFFICE SUPPLIES,9.42,0.00,receipts,214961,
2012-10-17,1000,Cash / Clearing,PRAIRIE OFFICE SUPPLIES,0.00,9.42,receipts,214961,
2012-10-17,5120,BANKING,L9,7.60,0.00,receipts,215073,
2012-10-17,1000,Cash / Clearing,L9,0.00,7.60,receipts,215073,
2012-10-17,5116,BANKING,LIQUOR BARN,103.00,0.00,receipts,215395,
2012-10-17,1000,Cash / Clearing,LIQUOR BARN,0.00,103.00,receipts,215395,
2012-10-17,5130,BANKING,JEVCO INSURANCE,37.86,0.00,receipts,217206,
2012-10-17,1000,Cash / Clearing,JEVCO INSURANCE,0.00,37.86,receipts,217206,
2012-10-18,5425,Building & Property Maintenance,key,18.38,0.00,receipts,139409,BANKING_IMPORT
2012-10-18,1000,Cash / Clearing,key,0.00,18.38,receipts,139409,BANKING_IMPORT
2012-10-18,5110,Fuel,fuel,70.00,0.00,receipts,139410,BANKING_IMPORT
2012-10-18,1000,Cash / Clearing,fuel,0.00,70.00,receipts,139410,BANKING_IMPORT
2012-10-18,5120,BANKING,pump part,343.28,0.00,receipts,214838,
2012-10-18,1000,Cash / Clearing,pump part,0.00,343.28,receipts,214838,
2012-10-18,5116,BANKING,LIQUOR BARN,175.96,0.00,receipts,215391,
2012-10-18,1000,Cash / Clearing,LIQUOR BARN,0.00,175.96,receipts,215391,
2012-10-18,5116,BANKING,LIQUOR BARN,12.72,0.00,receipts,215392,
2012-10-18,1000,Cash / Clearing,LIQUOR BARN,0.00,12.72,receipts,215392,
2012-10-18,5116,BANKING,LIQUOR BARN,89.36,0.00,receipts,215393,
2012-10-18,1000,Cash / Clearing,LIQUOR BARN,0.00,89.36,receipts,215393,
2012-10-18,5116,BANKING,LIQUOR BARN,51.70,0.00,receipts,215394,
2012-10-18,1000,Cash / Clearing,LIQUOR BARN,0.00,51.70,receipts,215394,
2012-10-18,5110,BANKING,L8 fuel,40.01,0.00,receipts,217398,
2012-10-18,1000,Cash / Clearing,L8 fuel,0.00,40.01,receipts,217398,
2012-10-18,5320,BANKING,LITTLE CAESARS,16.89,0.00,receipts,217577,
2012-10-18,1000,Cash / Clearing,LITTLE CAESARS,0.00,16.89,receipts,217577,
2012-10-19,5110,Fuel,fuel,153.00,0.00,receipts,139412,BANKING_IMPORT
2012-10-19,1000,Cash / Clearing,fuel,0.00,153.00,receipts,139412,BANKING_IMPORT
2012-10-19,5880,Owner Personal (Non-Deductible),MACS CONVENIENCE,16.67,0.00,receipts,139413,BANKING_IMPORT
2012-10-19,1000,Cash / Clearing,MACS CONVENIENCE,0.00,16.67,receipts,139413,BANKING_IMPORT
2012-10-19,5110,Fuel,fuel,92.99,0.00,receipts,139414,BANKING_IMPORT
2012-10-19,1000,Cash / Clearing,fuel,0.00,92.99,receipts,139414,BANKING_IMPORT
2012-10-19,5710,Bank Fees & Service Charges,MONEY MART,1200.00,0.00,receipts,139415,BANKING_IMPORT
2012-10-19,1000,Cash / Clearing,MONEY MART,0.00,1200.00,receipts,139415,BANKING_IMPORT
2012-10-19,5110,Fuel,CENTEX,52.00,0.00,receipts,139417,BANKING_IMPORT
2012-10-19,1000,Cash / Clearing,CENTEX,0.00,52.00,receipts,139417,BANKING_IMPORT
2012-10-19,5116,"Client Amenities - Food, Coffee, Supplies",LIQUOR BARN,137.01,0.00,receipts,214358,100023
2012-10-19,1000,Cash / Clearing,LIQUOR BARN,0.00,137.01,receipts,214358,100023
2012-10-19,5116,"Client Amenities - Food, Coffee, Supplies",LIQUOR BARN,75.99,0.00,receipts,214359,100024
2012-10-19,1000,Cash / Clearing,LIQUOR BARN,0.00,75.99,receipts,214359,100024
2012-10-19,5116,"Client Amenities - Food, Coffee, Supplies",LIQUOR BARN,126.85,0.00,receipts,214360,100025
2012-10-19,1000,Cash / Clearing,LIQUOR BARN,0.00,126.85,receipts,214360,100025
2012-10-19,5420,BANKING,manuals for drivers,39.86,0.00,receipts,214835,
2012-10-19,1000,Cash / Clearing,manuals for drivers,0.00,39.86,receipts,214835,
2012-10-19,5120,BANKING,rock chip l15,20.00,0.00,receipts,214836,
2012-10-19,1000,Cash / Clearing,rock chip l15,0.00,20.00,receipts,214836,
2012-10-19,5120,BANKING,rock chip L9 and one other,42.00,0.00,receipts,214837,
2012-10-19,1000,Cash / Clearing,rock chip L9 and one other,0.00,42.00,receipts,214837,
2012-10-19,5116,BANKING,LIQUOR BARN,24.33,0.00,receipts,215386,
2012-10-19,1000,Cash / Clearing,LIQUOR BARN,0.00,24.33,receipts,215386,
2012-10-19,5116,BANKING,LIQUOR BARN,97.97,0.00,receipts,215387,
2012-10-19,1000,Cash / Clearing,LIQUOR BARN,0.00,97.97,receipts,215387,
2012-10-19,5116,BANKING,LIQUOR BARN,90.30,0.00,receipts,215388,
2012-10-19,1000,Cash / Clearing,LIQUOR BARN,0.00,90.30,receipts,215388,
2012-10-19,5116,BANKING,LIQUOR BARN,143.68,0.00,receipts,215389,
2012-10-19,1000,Cash / Clearing,LIQUOR BARN,0.00,143.68,receipts,215389,
2012-10-19,5116,BANKING,LIQUOR BARN,79.79,0.00,receipts,215390,
2012-10-19,1000,Cash / Clearing,LIQUOR BARN,0.00,79.79,receipts,215390,
2012-10-19,5116,BANKING,COOP LIQUOR,254.21,0.00,receipts,215727,
2012-10-19,1000,Cash / Clearing,COOP LIQUOR,0.00,254.21,receipts,215727,
2012-10-19,5116,BANKING,COOP LIQUOR,15.00,0.00,receipts,215728,
2012-10-19,1000,Cash / Clearing,COOP LIQUOR,0.00,15.00,receipts,215728,
2012-10-19,5110,BANKING,L2 fuel,49.99,0.00,receipts,217399,
2012-10-19,1000,Cash / Clearing,L2 fuel,0.00,49.99,receipts,217399,
2012-10-19,5110,Fuel,fuel,52.00,0.00,receipts,217494,
2012-10-19,1000,Cash / Clearing,fuel,0.00,52.00,receipts,217494,
2012-10-19,2910,BANKING,CHQ 69 PAUL MANSELL,700.00,0.00,receipts,217770,BANKING_IMPORT
2012-10-19,1000,Cash / Clearing,CHQ 69 PAUL MANSELL,0.00,700.00,receipts,217770,BANKING_IMPORT
2012-10-19,5116,"Client Amenities - Food, Coffee, Supplies",LIQUOR BARN,137.01,0.00,receipts,218155,BANKING_IMPORT
2012-10-19,1000,Cash / Clearing,LIQUOR BARN,0.00,137.01,receipts,218155,BANKING_IMPORT
2012-10-19,5116,"Client Amenities - Food, Coffee, Supplies",LIQUOR BARN,126.85,0.00,receipts,218156,BANKING_IMPORT
2012-10-19,1000,Cash / Clearing,LIQUOR BARN,0.00,126.85,receipts,218156,BANKING_IMPORT
2012-10-20,5120,BANKING,L10,6.65,0.00,receipts,215068,
2012-10-20,1000,Cash / Clearing,L10,0.00,6.65,receipts,215068,
2012-10-20,5120,BANKING,L8,7.60,0.00,receipts,215069,
2012-10-20,1000,Cash / Clearing,L8,0.00,7.60,receipts,215069,
2012-10-20,5110,BANKING,SHELL,140.00,0.00,receipts,215216,
2012-10-20,1000,Cash / Clearing,SHELL,0.00,140.00,receipts,215216,
2012-10-20,5116,BANKING,ice,5.01,0.00,receipts,215383,
2012-10-20,1000,Cash / Clearing,ice,0.00,5.01,receipts,215383,
2012-10-20,5116,BANKING,LIQUOR BARN,22.14,0.00,receipts,215384,
2012-10-20,1000,Cash / Clearing,LIQUOR BARN,0.00,22.14,receipts,215384,
2012-10-20,5116,BANKING,LIQUOR BARN,154.97,0.00,receipts,215385,
2012-10-20,1000,Cash / Clearing,LIQUOR BARN,0.00,154.97,receipts,215385,
2012-10-20,5116,BANKING,PLAZA LIQUOR TOWN,11.34,0.00,receipts,215656,
2012-10-20,1000,Cash / Clearing,PLAZA LIQUOR TOWN,0.00,11.34,receipts,215656,
2012-10-20,5116,BANKING,PLAZA LIQUOR TOWN,14.12,0.00,receipts,215657,
2012-10-20,1000,Cash / Clearing,PLAZA LIQUOR TOWN,0.00,14.12,receipts,215657,
2012-10-20,5116,BANKING,SAVE ON FOODS,42.12,0.00,receipts,217061,
2012-10-20,1000,Cash / Clearing,SAVE ON FOODS,0.00,42.12,receipts,217061,
2012-10-20,5110,BANKING,ESSO,100.01,0.00,receipts,217075,
2012-10-20,1000,Cash / Clearing,ESSO,0.00,100.01,receipts,217075,
2012-10-20,5116,BANKING,water and specified snacks/food,26.67,0.00,receipts,217134,
2012-10-20,1000,Cash / Clearing,water and specified snacks/food,0.00,26.67,receipts,217134,
2012-10-20,5116,BANKING,SOBEYS,5.89,0.00,receipts,217138,
2012-10-20,1000,Cash / Clearing,SOBEYS,0.00,5.89,receipts,217138,
2012-10-20,5110,BANKING,NOFRILLS,55.00,0.00,receipts,217228,
2012-10-20,1000,Cash / Clearing,NOFRILLS,0.00,55.00,receipts,217228,
2012-10-20,5116,"Client Amenities - Food, Coffee, Supplies",BEVERAGES,63.92,0.00,receipts,217229,
2012-10-20,1000,Cash / Clearing,BEVERAGES,0.00,63.92,receipts,217229,
2012-10-20,5710,BANKING,OVERLIMIT FEE,29.00,0.00,receipts,217351,
2012-10-20,1000,Cash / Clearing,OVERLIMIT FEE,0.00,29.00,receipts,217351,
2012-10-20,5710,Bank Fees & Service Charges,INTEREST,44.07,0.00,receipts,217352,
2012-10-20,1000,Cash / Clearing,INTEREST,0.00,44.07,receipts,217352,
2012-10-20,5320,BANKING,HOOTERS,23.08,0.00,receipts,217369,
2012-10-20,1000,Cash / Clearing,HOOTERS,0.00,23.08,receipts,217369,
2012-10-20,5320,BANKING,MONGOLIE GRILL,10.89,0.00,receipts,217507,
2012-10-20,1000,Cash / Clearing,MONGOLIE GRILL,0.00,10.89,receipts,217507,
2012-10-21,5120,BANKING,L11,11.40,0.00,receipts,215067,
2012-10-21,1000,Cash / Clearing,L11,0.00,11.40,receipts,215067,
2012-10-21,5116,BANKING,LIQUOR DEPOT,18.09,0.00,receipts,215758,
2012-10-21,1000,Cash / Clearing,LIQUOR DEPOT,0.00,18.09,receipts,215758,
2012-10-22,5120,Vehicle Maintenance & Repairs,PARTS SOURCE,52.48,0.00,receipts,139422,BANKING_IMPORT
2012-10-22,1000,Cash / Clearing,PARTS SOURCE,0.00,52.48,receipts,139422,BANKING_IMPORT
2012-10-22,5180,Vehicle Registration,REGESTRIES,24.45,0.00,receipts,139423,BANKING_IMPORT
2012-10-22,1000,Cash / Clearing,REGESTRIES,0.00,24.45,receipts,139423,BANKING_IMPORT
2012-10-22,5110,Fuel,MOHAWK,63.00,0.00,receipts,139425,BANKING_IMPORT
2012-10-22,1000,Cash / Clearing,MOHAWK,0.00,63.00,receipts,139425,BANKING_IMPORT
2012-10-22,6100,BANKING,PATTY FAMILY RESTAURANT,31.46,0.00,receipts,139426,BANKING_IMPORT
2012-10-22,1000,Cash / Clearing,PATTY FAMILY RESTAURANT,0.00,31.46,receipts,139426,BANKING_IMPORT
2012-10-22,5440,Rent & Utilities,CHQ 77 MIKE WOODROW,1500.00,0.00,receipts,139427,BANKING_IMPORT
2012-10-22,1000,Cash / Clearing,CHQ 77 MIKE WOODROW,0.00,1500.00,receipts,139427,BANKING_IMPORT
2012-10-22,2550,BANKING,fuel,59.00,0.00,receipts,215054,BANKING_IMPORT
2012-10-22,1000,Cash / Clearing,fuel,0.00,59.00,receipts,215054,BANKING_IMPORT
2012-10-22,2550,BANKING,snacks,3.76,0.00,receipts,215055,BANKING_IMPORT
2012-10-22,1000,Cash / Clearing,snacks,0.00,3.76,receipts,215055,BANKING_IMPORT
2012-10-22,2550,BANKING,transit permit for new vehicle from ontario,24.45,0.00,receipts,217218,
2012-10-22,1000,Cash / Clearing,transit permit for new vehicle from ontario,0.00,24.45,receipts,217218,
2012-10-22,5720,BANKING,CAPITAL ONE MCARD PAYMENT,646.57,0.00,receipts,218157,BANKING_IMPORT
2012-10-22,1000,Cash / Clearing,CAPITAL ONE MCARD PAYMENT,0.00,646.57,receipts,218157,BANKING_IMPORT
2012-10-22,5110,Fuel,MOHAWK,62.76,0.00,receipts,218158,BANKING_IMPORT
2012-10-22,1000,Cash / Clearing,MOHAWK,0.00,62.76,receipts,218158,BANKING_IMPORT
2012-10-23,5320,BANKING,WOK BOX,10.49,0.00,receipts,217532,
2012-10-23,1000,Cash / Clearing,WOK BOX,0.00,10.49,receipts,217532,
2012-10-23,2910,BANKING,CHQ 79 ANGEL ESCOBAR,419.92,0.00,receipts,217771,BANKING_IMPORT
2012-10-23,1000,Cash / Clearing,CHQ 79 ANGEL ESCOBAR,0.00,419.92,receipts,217771,BANKING_IMPORT
2012-10-24,5720,Credit Card Processing Fees,OVERDRAFT FEE,5.00,0.00,receipts,139432,BANKING_IMPORT
2012-10-24,1000,Cash / Clearing,OVERDRAFT FEE,0.00,5.00,receipts,139432,BANKING_IMPORT
2012-10-24,5440,Rent & Utilities,CHQ 78 FIBRENEW,1445.62,0.00,receipts,139433,BANKING_IMPORT
2012-10-24,1000,Cash / Clearing,CHQ 78 FIBRENEW,0.00,1445.62,receipts,139433,BANKING_IMPORT
2012-10-24,5130,Insurance,JEVCO INSURANCE,268.96,0.00,receipts,139436,BANKING_IMPORT
2012-10-24,1000,Cash / Clearing,JEVCO INSURANCE,0.00,268.96,receipts,139436,BANKING_IMPORT
2012-10-24,5130,Insurance,IFS FINANCIAL,180.08,0.00,receipts,142970,BANKING_IMPORT
2012-10-24,1000,Cash / Clearing,IFS FINANCIAL,0.00,180.08,receipts,142970,BANKING_IMPORT
2012-10-24,6900,BANKING,CHQ 280 ARROW LIMO TRANSER TO 1615,1000.00,0.00,receipts,142972,BANKING_IMPORT
2012-10-24,1000,Cash / Clearing,CHQ 280 ARROW LIMO TRANSER TO 1615,0.00,1000.00,receipts,142972,BANKING_IMPORT
2012-10-24,6900,BANKING,DEPOSIT  $1000 FROM CIBC ACCOUNT,1700.00,0.00,receipts,170634,BANKING_IMPORT
2012-10-24,1000,Cash / Clearing,DEPOSIT  $1000 FROM CIBC ACCOUNT,0.00,1700.00,receipts,170634,BANKING_IMPORT
2012-10-24,5420,BANKING,snow brushes,13.36,0.00,receipts,215759,
2012-10-24,1000,Cash / Clearing,snow brushes,0.00,13.36,receipts,215759,
2012-10-24,2550,BANKING,CANADIAN TIRE,31.49,0.00,receipts,217010,
2012-10-24,1000,Cash / Clearing,CANADIAN TIRE,0.00,31.49,receipts,217010,
2012-10-24,5420,BANKING,SNOW BRUSH,38.35,0.00,receipts,217082,
2012-10-24,1000,Cash / Clearing,SNOW BRUSH,0.00,38.35,receipts,217082,
2012-10-24,2910,BANKING,CHQ 74 MICHAEL RICHARD,2201.83,0.00,receipts,217772,BANKING_IMPORT
2012-10-24,1000,Cash / Clearing,CHQ 74 MICHAEL RICHARD,0.00,2201.83,receipts,217772,BANKING_IMPORT
2012-10-24,2910,BANKING,CHQ 280 ARROW LIMO TRANSER TO 1615,1000.00,0.00,receipts,217773,BANKING_IMPORT
2012-10-24,1000,Cash / Clearing,CHQ 280 ARROW LIMO TRANSER TO 1615,0.00,1000.00,receipts,217773,BANKING_IMPORT
2012-10-24,5130,Insurance,IFS PREMIUM FINANCE,180.08,0.00,receipts,218159,BANKING_IMPORT
2012-10-24,1000,Cash / Clearing,IFS PREMIUM FINANCE,0.00,180.08,receipts,218159,BANKING_IMPORT
2012-10-24,5300,Insurance,COOP INSURANCE CSI,105.15,0.00,receipts,218160,BANKING_IMPORT
2012-10-24,1000,Cash / Clearing,COOP INSURANCE CSI,0.00,105.15,receipts,218160,BANKING_IMPORT
2012-10-25,5870,Miscellaneous Business Expense,PICKING UP NEW VEHICLE PRUCHASE IN ON,135.59,0.00,receipts,214001,BANKING_IMPORT | PG17_COLLISION_ORIG_ID=173555 | FALLBACK_BT=96056
2012-10-25,1000,Cash / Clearing,PICKING UP NEW VEHICLE PRUCHASE IN ON,0.00,135.59,receipts,214001,BANKING_IMPORT | PG17_COLLISION_ORIG_ID=173555 | FALLBACK_BT=96056
2012-10-25,5110,BANKING,PETRO-CANADA,45.00,0.00,receipts,214829,
2012-10-25,1000,Cash / Clearing,PETRO-CANADA,0.00,45.00,receipts,214829,
2012-10-25,5110,BANKING,fuel,58.93,0.00,receipts,214881,
2012-10-25,1000,Cash / Clearing,fuel,0.00,58.93,receipts,214881,
2012-10-25,5320,BANKING,MCDONALD'S,11.77,0.00,receipts,217372,
2012-10-25,1000,Cash / Clearing,MCDONALD'S,0.00,11.77,receipts,217372,
2012-10-26,5720,Credit Card Processing Fees,OVERDRAFT FEE,5.00,0.00,receipts,139442,BANKING_IMPORT
2012-10-26,1000,Cash / Clearing,OVERDRAFT FEE,0.00,5.00,receipts,139442,BANKING_IMPORT
2012-10-26,5150,Vehicle Lease Payments,HEFFNER AUTO FINANCE,1531.58,0.00,receipts,139443,BANKING_IMPORT
2012-10-26,1000,Cash / Clearing,HEFFNER AUTO FINANCE,0.00,1531.58,receipts,139443,BANKING_IMPORT
2012-10-26,5250,WCB Premiums,overdue charges,12.82,0.00,receipts,145306,18681637
2012-10-26,1000,Cash / Clearing,overdue charges,0.00,12.82,receipts,145306,18681637
2012-10-26,6900,BANKING,DEPOSIT $500 FROM cibc,1500.00,0.00,receipts,170645,BANKING_IMPORT
2012-10-26,1000,Cash / Clearing,DEPOSIT $500 FROM cibc,0.00,1500.00,receipts,170645,BANKING_IMPORT
2012-10-26,5870,Miscellaneous Business Expense,PICKING UP VEHICLE IN ON,134.41,0.00,receipts,214002,BANKING_IMPORT | PG17_COLLISION_ORIG_ID=173556 | FALLBACK_BT=96057
2012-10-26,1000,Cash / Clearing,PICKING UP VEHICLE IN ON,0.00,134.41,receipts,214002,BANKING_IMPORT | PG17_COLLISION_ORIG_ID=173556 | FALLBACK_BT=96057
2012-10-26,5110,BANKING,fuel,42.00,0.00,receipts,214074,BANKING_IMPORT
2012-10-26,1000,Cash / Clearing,fuel,0.00,42.00,receipts,214074,BANKING_IMPORT
2012-10-26,5116,BANKING,beverages,6.09,0.00,receipts,214075,BANKING_IMPORT
2012-10-26,1000,Cash / Clearing,beverages,0.00,6.09,receipts,214075,BANKING_IMPORT
2012-10-26,2550,BANKING,MOBILE RADIO RENTAL,63.00,0.00,receipts,214834,
2012-10-26,1000,Cash / Clearing,MOBILE RADIO RENTAL,0.00,63.00,receipts,214834,
2012-10-26,5110,BANKING,RUN'N ON EMPTY,40.00,0.00,receipts,215276,
2012-10-26,1000,Cash / Clearing,RUN'N ON EMPTY,0.00,40.00,receipts,215276,
2012-10-26,5116,BANKING,LIQUOR BARN,15.74,0.00,receipts,215379,
2012-10-26,1000,Cash / Clearing,LIQUOR BARN,0.00,15.74,receipts,215379,
2012-10-26,5116,BANKING,LIQUOR BARN,52.33,0.00,receipts,215380,
2012-10-26,1000,Cash / Clearing,LIQUOR BARN,0.00,52.33,receipts,215380,
2012-10-26,5116,BANKING,LIQUOR BARN,93.00,0.00,receipts,215381,
2012-10-26,1000,Cash / Clearing,LIQUOR BARN,0.00,93.00,receipts,215381,
2012-10-26,5116,BANKING,LIQUOR BARN,42.39,0.00,receipts,215382,
2012-10-26,1000,Cash / Clearing,LIQUOR BARN,0.00,42.39,receipts,215382,
2012-10-26,5110,BANKING,L2 fuel,30.00,0.00,receipts,217401,
2012-10-26,1000,Cash / Clearing,L2 fuel,0.00,30.00,receipts,217401,
2012-10-27,5110,BANKING,FUEL,49.00,0.00,receipts,215214,BANKING_IMPORT
2012-10-27,1000,Cash / Clearing,FUEL,0.00,49.00,receipts,215214,BANKING_IMPORT
2012-10-27,5320,BANKING,SNACKS,7.74,0.00,receipts,215215,BANKING_IMPORT
2012-10-27,1000,Cash / Clearing,SNACKS,0.00,7.74,receipts,215215,BANKING_IMPORT
2012-10-27,5116,BANKING,LIQUOR BARN,38.09,0.00,receipts,215378,
2012-10-27,1000,Cash / Clearing,LIQUOR BARN,0.00,38.09,receipts,215378,
2012-10-27,5420,BANKING,NAPKINGS,14.18,0.00,receipts,217038,
2012-10-27,1000,Cash / Clearing,NAPKINGS,0.00,14.18,receipts,217038,
2012-10-27,5110,BANKING,PETRO-CANADA,64.50,0.00,receipts,217230,
2012-10-27,1000,Cash / Clearing,PETRO-CANADA,0.00,64.50,receipts,217230,
2012-10-28,5110,BANKING,fuel,47.00,0.00,receipts,214034,
2012-10-28,1000,Cash / Clearing,fuel,0.00,47.00,receipts,214034,
2012-10-28,2550,BANKING,PETRO-CANADA,40.00,0.00,receipts,214830,
2012-10-28,1000,Cash / Clearing,PETRO-CANADA,0.00,40.00,receipts,214830,
2012-10-28,5110,BANKING,MOHAWK,57.00,0.00,receipts,215053,
2012-10-28,1000,Cash / Clearing,MOHAWK,0.00,57.00,receipts,215053,
2012-10-28,5110,BANKING,RUN'N ON EMPTY,50.00,0.00,receipts,215275,
2012-10-28,1000,Cash / Clearing,RUN'N ON EMPTY,0.00,50.00,receipts,215275,
2012-10-29,1099,Intercompany Receivable,CHQ 281 Arrow Limousine - Inter-account transfer,500.00,0.00,receipts,214985,CHQ281-ARROW-2012
2012-10-29,1000,Cash / Clearing,CHQ 281 Arrow Limousine - Inter-account transfer,0.00,500.00,receipts,214985,CHQ281-ARROW-2012
2012-10-29,5120,BANKING,MR SUDS INC.,5.60,0.00,receipts,215074,
2012-10-29,1000,Cash / Clearing,MR SUDS INC.,0.00,5.60,receipts,215074,
2012-10-29,5120,BANKING,JUMBO,6.40,0.00,receipts,215138,
2012-10-29,1000,Cash / Clearing,JUMBO,0.00,6.40,receipts,215138,
2012-10-29,5116,BANKING,LIQUOR BARN,591.85,0.00,receipts,215323,
2012-10-29,1000,Cash / Clearing,LIQUOR BARN,0.00,591.85,receipts,215323,
2012-10-29,5116,BANKING,LIQUOR BARN,10.58,0.00,receipts,215366,
2012-10-29,1000,Cash / Clearing,LIQUOR BARN,0.00,10.58,receipts,215366,
2012-10-29,5116,BANKING,LIQUOR BARN,40.09,0.00,receipts,215367,
2012-10-29,1000,Cash / Clearing,LIQUOR BARN,0.00,40.09,receipts,215367,
2012-10-29,5710,Bank Fees & Service Charges,CHQ 281 ARROW LIMO TRANSFER,500.00,0.00,receipts,216371,BANKING_IMPORT
2012-10-29,1000,Cash / Clearing,CHQ 281 ARROW LIMO TRANSFER,0.00,500.00,receipts,216371,BANKING_IMPORT
2012-10-29,2550,BANKING,CENTEX,35.00,0.00,receipts,217258,
2012-10-29,1000,Cash / Clearing,CENTEX,0.00,35.00,receipts,217258,
2012-10-29,2910,BANKING,CHQ 79 ANGEL ESCOBAR,419.92,0.00,receipts,217774,BANKING_IMPORT
2012-10-29,1000,Cash / Clearing,CHQ 79 ANGEL ESCOBAR,0.00,419.92,receipts,217774,BANKING_IMPORT
2012-10-30,5110,Fuel,RUN'N ON EMPTY,74.67,0.00,receipts,139450,BANKING_IMPORT
2012-10-30,1000,Cash / Clearing,RUN'N ON EMPTY,0.00,74.67,receipts,139450,BANKING_IMPORT
2012-10-30,5300,BANKING,CALGARY AIRPORT,17.87,0.00,receipts,139451,BANKING_IMPORT
2012-10-30,1000,Cash / Clearing,CALGARY AIRPORT,0.00,17.87,receipts,139451,BANKING_IMPORT
2012-10-30,5150,Vehicle Operating Leases,HEFFNER AUTO FINANCE,2525.25,0.00,receipts,139452,BANKING_IMPORT
2012-10-30,1000,Cash / Clearing,HEFFNER AUTO FINANCE,0.00,2525.25,receipts,139452,BANKING_IMPORT
2012-10-30,5150,Vehicle Operating Leases,HEFFNER AUTO FINANCE,1900.50,0.00,receipts,139455,BANKING_IMPORT
2012-10-30,1000,Cash / Clearing,HEFFNER AUTO FINANCE,0.00,1900.50,receipts,139455,BANKING_IMPORT
2012-10-30,6100,BANKING,TIM HORTONS,3.73,0.00,receipts,142981,BANKING_IMPORT
2012-10-30,1000,Cash / Clearing,TIM HORTONS,0.00,3.73,receipts,142981,BANKING_IMPORT
2012-10-30,1015,Petty Cash,PETTY CASH FUNDING,2500.00,0.00,receipts,170654,BANKING_IMPORT
2012-10-30,1000,Cash / Clearing,PETTY CASH FUNDING,0.00,2500.00,receipts,170654,BANKING_IMPORT
2012-10-30,5420,BANKING,NAME TAGS,211.58,0.00,receipts,214833,
2012-10-30,1000,Cash / Clearing,NAME TAGS,0.00,211.58,receipts,214833,
2012-10-30,2550,BANKING,CALGARY AIRPORT AUTHORITY,17.87,0.00,receipts,217097,
2012-10-30,1000,Cash / Clearing,CALGARY AIRPORT AUTHORITY,0.00,17.87,receipts,217097,
2012-10-30,5320,BANKING,JOEYS,59.85,0.00,receipts,217368,
2012-10-30,1000,Cash / Clearing,JOEYS,0.00,59.85,receipts,217368,
2012-10-30,2910,BANKING,TIM HORTONS,3.73,0.00,receipts,218161,BANKING_IMPORT
2012-10-30,1000,Cash / Clearing,TIM HORTONS,0.00,3.73,receipts,218161,BANKING_IMPORT
2012-10-31,5720,Credit Card Processing Fees,OVERDRAFT FEE,4.78,0.00,receipts,139460,BANKING_IMPORT
2012-10-31,1000,Cash / Clearing,OVERDRAFT FEE,0.00,4.78,receipts,139460,BANKING_IMPORT
2012-10-31,5710,Bank Fees & Service Charges,SERVICE CHARGE,116.25,0.00,receipts,139461,BANKING_IMPORT
2012-10-31,1000,Cash / Clearing,SERVICE CHARGE,0.00,116.25,receipts,139461,BANKING_IMPORT
2012-10-31,5710,Bank Fees & Service Charges,SERVICE CHARGE,42.50,0.00,receipts,139462,BANKING_IMPORT
2012-10-31,1000,Cash / Clearing,SERVICE CHARGE,0.00,42.50,receipts,139462,BANKING_IMPORT
2012-10-31,5110,Supplies - General Business,SHELL,246.94,0.00,receipts,142983,BANKING_IMPORT
2012-10-31,1000,Cash / Clearing,SHELL,0.00,246.94,receipts,142983,BANKING_IMPORT
2012-10-31,5110,BANKING,FUEL,229.00,0.00,receipts,215200,BANKING_IMPORT
2012-10-31,1000,Cash / Clearing,FUEL,0.00,229.00,receipts,215200,BANKING_IMPORT
2012-10-31,5116,BANKING,LIQUOR BARN,56.53,0.00,receipts,215361,
2012-10-31,1000,Cash / Clearing,LIQUOR BARN,0.00,56.53,receipts,215361,
2012-10-31,5440,Rent & Utilities,#4788 Oct utilities — cash no banking record,183.84,0.00,receipts,215469,BANKING_IMPORT
2012-10-31,1000,Cash / Clearing,#4788 Oct utilities — cash no banking record,0.00,183.84,receipts,215469,BANKING_IMPORT
2012-10-31,5710,Bank Fees & Service Charges,Overdraft Service Charge,5.00,0.00,receipts,215994,BANKING_IMPORT
2012-10-31,1000,Cash / Clearing,Overdraft Service Charge,0.00,5.00,receipts,215994,BANKING_IMPORT
2012-10-31,5710,Bank Fees & Service Charges,Overdraft Interest,0.22,0.00,receipts,215995,BANKING_IMPORT
2012-10-31,1000,Cash / Clearing,Overdraft Interest,0.00,0.22,receipts,215995,BANKING_IMPORT
2012-10-31,5710,Bank Fees & Service Charges,Account Fee,35.00,0.00,receipts,215996,BANKING_IMPORT
2012-10-31,1000,Cash / Clearing,Account Fee,0.00,35.00,receipts,215996,BANKING_IMPORT
2012-10-31,5710,Bank Fees & Service Charges,Bank Charges & Interest,40.22,0.00,receipts,216374,BANKING_IMPORT
2012-10-31,1000,Cash / Clearing,Bank Charges & Interest,0.00,40.22,receipts,216374,BANKING_IMPORT
2012-10-31,5710,Bank Fees & Service Charges,Overdraft Service Charge,5.00,0.00,receipts,216921,BANKING_IMPORT
2012-10-31,1000,Cash / Clearing,Overdraft Service Charge,0.00,5.00,receipts,216921,BANKING_IMPORT
2012-10-31,5710,Bank Fees & Service Charges,Account Fee,35.00,0.00,receipts,216922,BANKING_IMPORT
2012-10-31,1000,Cash / Clearing,Account Fee,0.00,35.00,receipts,216922,BANKING_IMPORT
2012-10-31,5320,BANKING,MCDONALD'S,12.46,0.00,receipts,217371,
2012-10-31,1000,Cash / Clearing,MCDONALD'S,0.00,12.46,receipts,217371,
2012-10-31,5710,Bank Fees & Service Charges,Bank Charges & Interest,40.22,0.00,receipts,217616,BANKING_IMPORT
2012-10-31,1000,Cash / Clearing,Bank Charges & Interest,0.00,40.22,receipts,217616,BANKING_IMPORT
2012-10-31,5710,Bank Fees & Service Charges,BANK FEE,35.00,0.00,receipts,217617,BANKING_IMPORT
2012-10-31,1000,Cash / Clearing,BANK FEE,0.00,35.00,receipts,217617,BANKING_IMPORT
2012-10-31,5710,Bank Fees & Service Charges,OD FEE,5.00,0.00,receipts,218163,BANKING_IMPORT
2012-10-31,1000,Cash / Clearing,OD FEE,0.00,5.00,receipts,218163,BANKING_IMPORT
2012-11-01,5720,Credit Card Processing Fees,OVERDRAFT FEE,15.00,0.00,receipts,140713,BANKING_IMPORT
2012-11-01,1000,Cash / Clearing,OVERDRAFT FEE,0.00,15.00,receipts,140713,BANKING_IMPORT
2012-11-01,2550,Vehicle Lease Payments,HEFFNER AUTO FINANCE,471.98,0.00,receipts,140714,BANKING_IMPORT
2012-11-01,1000,Cash / Clearing,HEFFNER AUTO FINANCE,0.00,471.98,receipts,140714,BANKING_IMPORT
2012-11-01,2550,Vehicle Lease Payments,HEFFNER AUTO FINANCE,889.87,0.00,receipts,140715,BANKING_IMPORT
2012-11-01,1000,Cash / Clearing,HEFFNER AUTO FINANCE,0.00,889.87,receipts,140715,BANKING_IMPORT
2012-11-01,5150,Vehicle Lease Payments,ACE TRUCK RENTALS,2695.40,0.00,receipts,140716,BANKING_IMPORT
2012-11-01,1000,Cash / Clearing,ACE TRUCK RENTALS,0.00,2695.40,receipts,140716,BANKING_IMPORT
2012-11-01,5150,Vehicle Lease Payments,HEFFNER AUTO,471.98,0.00,receipts,150626,BANKING_IMPORT
2012-11-01,1000,Cash / Clearing,HEFFNER AUTO,0.00,471.98,receipts,150626,BANKING_IMPORT
2012-11-01,5150,Vehicle Lease Payments,HEFFNER AUTO,889.87,0.00,receipts,150627,BANKING_IMPORT
2012-11-01,1000,Cash / Clearing,HEFFNER AUTO,0.00,889.87,receipts,150627,BANKING_IMPORT
2012-11-01,2550,Vehicle Maintenance & Repairs,CVIP lincoln town car L4,119.07,0.00,receipts,173541,
2012-11-01,1000,Cash / Clearing,CVIP lincoln town car L4,0.00,119.07,receipts,173541,
2012-11-01,5120,BANKING,L2,10.40,0.00,receipts,215117,
2012-11-01,1000,Cash / Clearing,L2,0.00,10.40,receipts,215117,
2012-11-01,5110,BANKING,FUEL,20.00,0.00,receipts,215255,
2012-11-01,1000,Cash / Clearing,FUEL,0.00,20.00,receipts,215255,
2012-11-01,5710,Bank Fees & Service Charges,Merchant Services Fee,423.85,0.00,receipts,216375,BANKING_IMPORT
2012-11-01,1000,Cash / Clearing,Merchant Services Fee,0.00,423.85,receipts,216375,BANKING_IMPORT
2012-11-01,6000,BANKING,ACARD PAYMENT 7839,4.95,0.00,receipts,217582,
2012-11-01,1000,Cash / Clearing,ACARD PAYMENT 7839,0.00,4.95,receipts,217582,
2012-11-02,5720,Credit Card Processing Fees,OVERDRAFT FEE,10.00,0.00,receipts,140717,BANKING_IMPORT
2012-11-02,1000,Cash / Clearing,OVERDRAFT FEE,0.00,10.00,receipts,140717,BANKING_IMPORT
2012-11-02,5720,Charter Revenue,MCARD PAYMENT,197.16,0.00,receipts,170672,BANKING_IMPORT
2012-11-02,1000,Cash / Clearing,MCARD PAYMENT,0.00,197.16,receipts,170672,BANKING_IMPORT
2012-11-02,5720,Charter Revenue,Vcard PAYMENT,605.04,0.00,receipts,170673,BANKING_IMPORT
2012-11-02,1000,Cash / Clearing,Vcard PAYMENT,0.00,605.04,receipts,170673,BANKING_IMPORT
2012-11-02,2550,Vehicle Maintenance & Repairs,CVIP L4,210.00,0.00,receipts,173542,
2012-11-02,1000,Cash / Clearing,CVIP L4,0.00,210.00,receipts,173542,
2012-11-02,5120,BANKING,SUPER CLEAN,8.00,0.00,receipts,215174,
2012-11-02,1000,Cash / Clearing,SUPER CLEAN,0.00,8.00,receipts,215174,
2012-11-02,5110,BANKING,FUEL,44.94,0.00,receipts,215253,
2012-11-02,1000,Cash / Clearing,FUEL,0.00,44.94,receipts,215253,
2012-11-02,5110,BANKING,FUEL,50.00,0.00,receipts,215254,
2012-11-02,1000,Cash / Clearing,FUEL,0.00,50.00,receipts,215254,
2012-11-02,5116,BANKING,LIQUOR BARN,111.97,0.00,receipts,215564,
2012-11-02,1000,Cash / Clearing,LIQUOR BARN,0.00,111.97,receipts,215564,
2012-11-02,5116,BANKING,LIQUOR DEPOT,23.28,0.00,receipts,215737,
2012-11-02,1000,Cash / Clearing,LIQUOR DEPOT,0.00,23.28,receipts,215737,
2012-11-02,5120,BANKING,rock chip repairs,47.20,0.00,receipts,217196,
2012-11-02,1000,Cash / Clearing,rock chip repairs,0.00,47.20,receipts,217196,
2012-11-02,5320,BANKING,SUNSHINE FAMILY REST,12.59,0.00,receipts,217553,
2012-11-02,1000,Cash / Clearing,SUNSHINE FAMILY REST,0.00,12.59,receipts,217553,
2012-11-03,5110,BANKING,Fuel L-8,79.00,0.00,receipts,214014,BANKING_IMPORT | PG17_COLLISION_ORIG_ID=173624 | FALLBACK_BT=96069
2012-11-03,1000,Cash / Clearing,Fuel L-8,0.00,79.00,receipts,214014,BANKING_IMPORT | PG17_COLLISION_ORIG_ID=173624 | FALLBACK_BT=96069
2012-11-03,5600,Marketing & Advertising,LIQUOR BARN,80.88,0.00,receipts,214188,97112
2012-11-03,1000,Cash / Clearing,LIQUOR BARN,0.00,80.88,receipts,214188,97112
2012-11-03,5110,BANKING,ESSO,30.00,0.00,receipts,214891,
2012-11-03,1000,Cash / Clearing,ESSO,0.00,30.00,receipts,214891,
2012-11-03,5120,BANKING,L8,6.65,0.00,receipts,215110,
2012-11-03,1000,Cash / Clearing,L8,0.00,6.65,receipts,215110,
2012-11-03,5110,BANKING,SHELL,80.00,0.00,receipts,215209,
2012-11-03,1000,Cash / Clearing,SHELL,0.00,80.00,receipts,215209,
2012-11-03,5116,BANKING,ice,3.34,0.00,receipts,215566,
2012-11-03,1000,Cash / Clearing,ice,0.00,3.34,receipts,215566,
2012-11-03,5116,"Client Amenities - Food, Coffee, Supplies",ICE,2.99,0.00,receipts,215768,
2012-11-03,1000,Cash / Clearing,ICE,0.00,2.99,receipts,215768,
2012-11-03,5116,BANKING,ice/drink,9.73,0.00,receipts,217387,
2012-11-03,1000,Cash / Clearing,ice/drink,0.00,9.73,receipts,217387,
2012-11-03,5116,"Client Amenities - Food, Coffee, Supplies",67th Street Liquor,80.88,0.00,receipts,218164,BANKING_IMPORT
2012-11-03,1000,Cash / Clearing,67th Street Liquor,0.00,80.88,receipts,218164,BANKING_IMPORT
2012-11-04,2550,Parking and Tolls,Picking up client at hospital has to go inside.,5.00,0.00,receipts,173566,
2012-11-04,1000,Cash / Clearing,Picking up client at hospital has to go inside.,0.00,5.00,receipts,173566,
2012-11-04,5110,BANKING,fuel,42.50,0.00,receipts,215344,
2012-11-04,1000,Cash / Clearing,fuel,0.00,42.50,receipts,215344,
2012-11-04,5116,BANKING,LIQUOR BARN,87.38,0.00,receipts,215573,
2012-11-04,1000,Cash / Clearing,LIQUOR BARN,0.00,87.38,receipts,215573,
2012-11-04,5210,Driver Salaries,CHQ 117 MIKE RICHARD,841.11,0.00,receipts,221555,CHQ117-REG296
2012-11-04,1000,Cash / Clearing,CHQ 117 MIKE RICHARD,0.00,841.11,receipts,221555,CHQ117-REG296
2012-11-05,5116,"Client Amenities - Food, Coffee, Supplies",LIQUOR BARN,80.88,0.00,receipts,214361,100042
2012-11-05,1000,Cash / Clearing,LIQUOR BARN,0.00,80.88,receipts,214361,100042
2012-11-05,5120,BANKING,Engine repair stalling,173.25,0.00,receipts,217195,
2012-11-05,1000,Cash / Clearing,Engine repair stalling,0.00,173.25,receipts,217195,
2012-11-05,1015,Petty Cash,PETTY CASH FUNDING,400.00,0.00,receipts,217668,BANKING_IMPORT
2012-11-05,1000,Cash / Clearing,PETTY CASH FUNDING,0.00,400.00,receipts,217668,BANKING_IMPORT
2012-11-05,5116,"Client Amenities - Food, Coffee, Supplies",LIQUOR BARN,80.88,0.00,receipts,218165,BANKING_IMPORT
2012-11-05,1000,Cash / Clearing,LIQUOR BARN,0.00,80.88,receipts,218165,BANKING_IMPORT
2012-11-06,5120,Vehicle Maintenance & Repairs,ERLES AUTO REPAIR,210.00,0.00,receipts,214362,100044
2012-11-06,1000,Cash / Clearing,ERLES AUTO REPAIR,0.00,210.00,receipts,214362,100044
2012-11-06,5715,NSF Fees,NSF Fee,45.00,0.00,receipts,215997,BANKING_IMPORT
2012-11-06,1000,Cash / Clearing,NSF Fee,0.00,45.00,receipts,215997,BANKING_IMPORT
2012-11-06,5715,BANKING,NSF Fee,45.00,0.00,receipts,216923,BANKING_IMPORT
2012-11-06,1000,Cash / Clearing,NSF Fee,0.00,45.00,receipts,216923,BANKING_IMPORT
2012-11-06,1015,Petty Cash,PETTY CASH FUNDING,120.00,0.00,receipts,217669,BANKING_IMPORT
2012-11-06,1000,Cash / Clearing,PETTY CASH FUNDING,0.00,120.00,receipts,217669,BANKING_IMPORT
2012-11-06,2910,BANKING,ERLES AUTO REPAIR,210.00,0.00,receipts,218166,BANKING_IMPORT
2012-11-06,1000,Cash / Clearing,ERLES AUTO REPAIR,0.00,210.00,receipts,218166,BANKING_IMPORT
2012-11-06,5150,Vehicle Operating Leases,LFG BUSINESS PAD,101.14,0.00,receipts,218167,BANKING_IMPORT
2012-11-06,1000,Cash / Clearing,LFG BUSINESS PAD,0.00,101.14,receipts,218167,BANKING_IMPORT
2012-11-06,5715,NSF Fees,NSF CHARGE,45.00,0.00,receipts,218168,BANKING_IMPORT
2012-11-06,1000,Cash / Clearing,NSF CHARGE,0.00,45.00,receipts,218168,BANKING_IMPORT
2012-11-07,6300,BANKING,Arrow 4 registrations,94.90,0.00,receipts,143022,BANKING_IMPORT
2012-11-07,1000,Cash / Clearing,Arrow 4 registrations,0.00,94.90,receipts,143022,BANKING_IMPORT
2012-11-07,5116,BANKING,LIQUOR BARN,6.68,0.00,receipts,215533,
2012-11-07,1000,Cash / Clearing,LIQUOR BARN,0.00,6.68,receipts,215533,
2012-11-07,2910,BANKING,CHQ 81 PAUL MANSELL,500.00,0.00,receipts,217777,BANKING_IMPORT
2012-11-07,1000,Cash / Clearing,CHQ 81 PAUL MANSELL,0.00,500.00,receipts,217777,BANKING_IMPORT
2012-11-07,2910,BANKING,CHQ 82 DUSTIN TOWNSEND,880.00,0.00,receipts,217778,BANKING_IMPORT
2012-11-07,1000,Cash / Clearing,CHQ 82 DUSTIN TOWNSEND,0.00,880.00,receipts,217778,BANKING_IMPORT
2012-11-07,5180,BANKING,RED DEER REGISTRIES,94.90,0.00,receipts,218169,BANKING_IMPORT
2012-11-07,1000,Cash / Clearing,RED DEER REGISTRIES,0.00,94.90,receipts,218169,BANKING_IMPORT
2012-11-08,5860,Supplies - General Business,SHOPPERS DRUG MART,96.85,0.00,receipts,140734,BANKING_IMPORT
2012-11-08,1000,Cash / Clearing,SHOPPERS DRUG MART,0.00,96.85,receipts,140734,BANKING_IMPORT
2012-11-08,5110,Fuel,MOHAWK,59.01,0.00,receipts,140735,BANKING_IMPORT
2012-11-08,1000,Cash / Clearing,MOHAWK,0.00,59.01,receipts,140735,BANKING_IMPORT
2012-11-08,6900,BANKING,REXALL DRUGS,136.69,0.00,receipts,140736,BANKING_IMPORT
2012-11-08,1000,Cash / Clearing,REXALL DRUGS,0.00,136.69,receipts,140736,BANKING_IMPORT
2012-11-08,1015,Petty Cash,PETTY CASH FUNDING,400.00,0.00,receipts,170694,BANKING_IMPORT
2012-11-08,1000,Cash / Clearing,PETTY CASH FUNDING,0.00,400.00,receipts,170694,BANKING_IMPORT
2012-11-08,2550,BANKING,Stars donation,30.00,0.00,receipts,173593,
2012-11-08,1000,Cash / Clearing,Stars donation,0.00,30.00,receipts,173593,
2012-11-08,2550,BANKING,fuel L-8,27.00,0.00,receipts,173622,
2012-11-08,1000,Cash / Clearing,fuel L-8,0.00,27.00,receipts,173622,
2012-11-08,5110,BANKING,fuel,50.00,0.00,receipts,215360,
2012-11-08,1000,Cash / Clearing,fuel,0.00,50.00,receipts,215360,
2012-11-08,5150,Vehicle Lease Payments,LFG vehicle operating lease payment,202.27,0.00,receipts,216823,BANKING_IMPORT
2012-11-08,1000,Cash / Clearing,LFG vehicle operating lease payment,0.00,202.27,receipts,216823,BANKING_IMPORT
2012-11-08,5320,BANKING,KFC,4.39,0.00,receipts,217550,
2012-11-08,1000,Cash / Clearing,KFC,0.00,4.39,receipts,217550,
2012-11-08,2910,BANKING,CHQ 85 KEVIN BOULLEY,484.92,0.00,receipts,217779,BANKING_IMPORT
2012-11-08,1000,Cash / Clearing,CHQ 85 KEVIN BOULLEY,0.00,484.92,receipts,217779,BANKING_IMPORT
2012-11-08,2910,BANKING,CHQ 90 JESSE GORDON,707.60,0.00,receipts,217780,BANKING_IMPORT
2012-11-08,1000,Cash / Clearing,CHQ 90 JESSE GORDON,0.00,707.60,receipts,217780,BANKING_IMPORT
2012-11-08,2910,BANKING,CHQ 83 DUSTIN TOWNSEND,276.33,0.00,receipts,217781,BANKING_IMPORT
2012-11-08,1000,Cash / Clearing,CHQ 83 DUSTIN TOWNSEND,0.00,276.33,receipts,217781,BANKING_IMPORT
2012-11-09,5110,Fuel,RUN'N ON EMPTY,50.00,0.00,receipts,140742,BANKING_IMPORT
2012-11-09,1000,Cash / Clearing,RUN'N ON EMPTY,0.00,50.00,receipts,140742,BANKING_IMPORT
2012-11-09,5116,"Client Amenities - Food, Coffee, Supplies",SOBEYS,13.09,0.00,receipts,140743,BANKING_IMPORT
2012-11-09,1000,Cash / Clearing,SOBEYS,0.00,13.09,receipts,140743,BANKING_IMPORT
2012-11-09,5110,Fuel,RUN'N ON EMPTY,22.95,0.00,receipts,140744,BANKING_IMPORT
2012-11-09,1000,Cash / Clearing,RUN'N ON EMPTY,0.00,22.95,receipts,140744,BANKING_IMPORT
2012-11-10,5110,BANKING,FUEL,75.65,0.00,receipts,215258,BANKING_IMPORT
2012-11-10,1000,Cash / Clearing,FUEL,0.00,75.65,receipts,215258,BANKING_IMPORT
2012-11-10,5116,BANKING,ICE,8.07,0.00,receipts,215259,BANKING_IMPORT
2012-11-10,1000,Cash / Clearing,ICE,0.00,8.07,receipts,215259,BANKING_IMPORT
2012-11-12,5110,BANKING,ESSO,67.30,0.00,receipts,214886,
2012-11-12,1000,Cash / Clearing,ESSO,0.00,67.30,receipts,214886,
2012-11-12,5116,BANKING,LIQUOR BARN,60.74,0.00,receipts,215563,
2012-11-12,1000,Cash / Clearing,LIQUOR BARN,0.00,60.74,receipts,215563,
2012-11-13,5300,Administrative Expenses,PHIL RESTAURANT,37.51,0.00,receipts,140753,BANKING_IMPORT
2012-11-13,1000,Cash / Clearing,PHIL RESTAURANT,0.00,37.51,receipts,140753,BANKING_IMPORT
2012-11-13,5110,Fuel,RUN'N ON EMPTY,130.22,0.00,receipts,140754,BANKING_IMPORT
2012-11-13,1000,Cash / Clearing,RUN'N ON EMPTY,0.00,130.22,receipts,140754,BANKING_IMPORT
2012-11-13,5150,Vehicle Lease Payments,JACK CARTER AUTO LEASE,1885.65,0.00,receipts,140756,BANKING_IMPORT
2012-11-13,1000,Cash / Clearing,JACK CARTER AUTO LEASE,0.00,1885.65,receipts,140756,BANKING_IMPORT
2012-11-13,5710,Bank Fees & Service Charges,DRAFT FEE,7.50,0.00,receipts,140757,BANKING_IMPORT
2012-11-13,1000,Cash / Clearing,DRAFT FEE,0.00,7.50,receipts,140757,BANKING_IMPORT
2012-11-13,1015,Petty Cash,PETTY CASH FUNDING,40.00,0.00,receipts,170701,BANKING_IMPORT
2012-11-13,1000,Cash / Clearing,PETTY CASH FUNDING,0.00,40.00,receipts,170701,BANKING_IMPORT
2012-11-13,5110,BANKING,PETRO CANADA | fuel,39.01,0.00,receipts,214113,BANKING_IMPORT
2012-11-13,1000,Cash / Clearing,PETRO CANADA | fuel,0.00,39.01,receipts,214113,BANKING_IMPORT
2012-11-13,5120,BANKING,JUMBO,8.00,0.00,receipts,215150,
2012-11-13,1000,Cash / Clearing,JUMBO,0.00,8.00,receipts,215150,
2012-11-13,5320,BANKING,RED LOBSTER,27.28,0.00,receipts,217552,
2012-11-13,1000,Cash / Clearing,RED LOBSTER,0.00,27.28,receipts,217552,
2012-11-13,2910,BANKING,CHQ 83 DUSTAN TOWNSEND,276.33,0.00,receipts,217782,BANKING_IMPORT
2012-11-13,1000,Cash / Clearing,CHQ 83 DUSTAN TOWNSEND,0.00,276.33,receipts,217782,BANKING_IMPORT
2012-11-13,2910,BANKING,CHQ 90 JESSE GORDON,707.60,0.00,receipts,217783,BANKING_IMPORT
2012-11-13,1000,Cash / Clearing,CHQ 90 JESSE GORDON,0.00,707.60,receipts,217783,BANKING_IMPORT
2012-11-13,2910,BANKING,CHQ 82 DUSTAN TOWNSEND,880.00,0.00,receipts,217784,BANKING_IMPORT
2012-11-13,1000,Cash / Clearing,CHQ 82 DUSTAN TOWNSEND,0.00,880.00,receipts,217784,BANKING_IMPORT
2012-11-13,5110,BANKING,PETRO-CANADA,46.02,0.00,receipts,218170,BANKING_IMPORT
2012-11-13,1000,Cash / Clearing,PETRO-CANADA,0.00,46.02,receipts,218170,BANKING_IMPORT
2012-11-14,5100,Vehicle Expenses,fuses back of each,38.07,0.00,receipts,140759,receipt
2012-11-14,1000,Cash / Clearing,fuses back of each,0.00,38.07,receipts,140759,receipt
2012-11-14,5110,Fuel,client wanted these item in the vehicle,38.89,0.00,receipts,140760,RECEIPT
2012-11-14,1000,Cash / Clearing,client wanted these item in the vehicle,0.00,38.89,receipts,140760,RECEIPT
2012-11-14,5110,Fuel,RUN'N ON EMPTY,63.50,0.00,receipts,140761,BANKING_IMPORT
2012-11-14,1000,Cash / Clearing,RUN'N ON EMPTY,0.00,63.50,receipts,140761,BANKING_IMPORT
2012-11-14,5110,Fuel,RUN'N ON EMPTY,58.01,0.00,receipts,140762,BANKING_IMPORT
2012-11-14,1000,Cash / Clearing,RUN'N ON EMPTY,0.00,58.01,receipts,140762,BANKING_IMPORT
2012-11-14,6100,Business Meals & Entertainment,"MEETING WITH George Alonso 
IOB Media",59.06,0.00,receipts,140763,RECEIPT
2012-11-14,1000,Cash / Clearing,"MEETING WITH George Alonso 
IOB Media",0.00,59.06,receipts,140763,RECEIPT
2012-11-14,2550,Fuel,Fas Gas,166.89,0.00,receipts,170715,BANKING_IMPORT
2012-11-14,1000,Cash / Clearing,Fas Gas,0.00,166.89,receipts,170715,BANKING_IMPORT
2012-11-14,5110,Fuel,FAS GAS,166.89,0.00,receipts,212711,BANKING_IMPORT | PG17_COLLISION_ORIG_ID=140760 | FALLBACK_BT=94804
2012-11-14,1000,Cash / Clearing,FAS GAS,0.00,166.89,receipts,212711,BANKING_IMPORT | PG17_COLLISION_ORIG_ID=140760 | FALLBACK_BT=94804
2012-11-14,5120,Vehicle Maintenance & Repairs,REPLACEMENT FUSES,38.07,0.00,receipts,214363,94803
2012-11-14,1000,Cash / Clearing,REPLACEMENT FUSES,0.00,38.07,receipts,214363,94803
2012-11-14,5116,Client Hospitality - Charter Supplies,STAFF MEETING IN EDMONTON,59.06,0.00,receipts,214364,94805
2012-11-14,1000,Cash / Clearing,STAFF MEETING IN EDMONTON,0.00,59.06,receipts,214364,94805
2012-11-14,5120,BANKING,L8,13.30,0.00,receipts,215112,
2012-11-14,1000,Cash / Clearing,L8,0.00,13.30,receipts,215112,
2012-11-14,5120,BANKING,L4,8.00,0.00,receipts,215173,
2012-11-14,1000,Cash / Clearing,L4,0.00,8.00,receipts,215173,
2012-11-14,5110,BANKING,FUEL,32.00,0.00,receipts,215247,
2012-11-14,1000,Cash / Clearing,FUEL,0.00,32.00,receipts,215247,
2012-11-14,2910,BANKING,CHQ 91 LOGAN MASINSKY,88.35,0.00,receipts,217785,BANKING_IMPORT
2012-11-14,1000,Cash / Clearing,CHQ 91 LOGAN MASINSKY,0.00,88.35,receipts,217785,BANKING_IMPORT
2012-11-14,2910,BANKING,CHQ 84 PAUL MANSELL,600.00,0.00,receipts,217786,BANKING_IMPORT
2012-11-14,1000,Cash / Clearing,CHQ 84 PAUL MANSELL,0.00,600.00,receipts,217786,BANKING_IMPORT
2012-11-14,5120,Vehicle Maintenance & Repairs,CANADIAN TIRE,38.07,0.00,receipts,218171,BANKING_IMPORT
2012-11-14,1000,Cash / Clearing,CANADIAN TIRE,0.00,38.07,receipts,218171,BANKING_IMPORT
2012-11-14,2910,BANKING,TONY ROMAS,59.06,0.00,receipts,218172,BANKING_IMPORT
2012-11-14,1000,Cash / Clearing,TONY ROMAS,0.00,59.06,receipts,218172,BANKING_IMPORT
2012-11-15,5720,Credit Card Processing Fees,OVERDRAFT FEE,20.00,0.00,receipts,140767,BANKING_IMPORT
2012-11-15,1000,Cash / Clearing,OVERDRAFT FEE,0.00,20.00,receipts,140767,BANKING_IMPORT
2012-11-15,5110,Fuel,CENTEX,48.01,0.00,receipts,140768,BANKING_IMPORT
2012-11-15,1000,Cash / Clearing,CENTEX,0.00,48.01,receipts,140768,BANKING_IMPORT
2012-11-15,5150,Vehicle Lease Payments,HEFFNER AUTO,471.97,0.00,receipts,150629,BANKING_IMPORT
2012-11-15,1000,Cash / Clearing,HEFFNER AUTO,0.00,471.97,receipts,150629,BANKING_IMPORT
2012-11-15,5150,Vehicle Lease Payments,HEFFNER AUTO,889.88,0.00,receipts,150630,BANKING_IMPORT
2012-11-15,1000,Cash / Clearing,HEFFNER AUTO,0.00,889.88,receipts,150630,BANKING_IMPORT
2012-11-15,5150,Vehicle Lease Payments,HEFFNER AUTO,1900.50,0.00,receipts,150631,BANKING_IMPORT
2012-11-15,1000,Cash / Clearing,HEFFNER AUTO,0.00,1900.50,receipts,150631,BANKING_IMPORT
2012-11-15,5150,Vehicle Lease Payments,HEFFNER AUTO,1475.25,0.00,receipts,150632,BANKING_IMPORT
2012-11-15,1000,Cash / Clearing,HEFFNER AUTO,0.00,1475.25,receipts,150632,BANKING_IMPORT
2012-11-15,5150,Vehicle Lease Payments,HEFFNER AUTO,2525.25,0.00,receipts,150633,BANKING_IMPORT
2012-11-15,1000,Cash / Clearing,HEFFNER AUTO,0.00,2525.25,receipts,150633,BANKING_IMPORT
2012-11-15,5120,BANKING,L6,7.60,0.00,receipts,215113,
2012-11-15,1000,Cash / Clearing,L6,0.00,7.60,receipts,215113,
2012-11-15,5110,BANKING,FUEL,40.00,0.00,receipts,215249,
2012-11-15,1000,Cash / Clearing,FUEL,0.00,40.00,receipts,215249,
2012-11-15,5116,BANKING,RONA,27.28,0.00,receipts,215760,
2012-11-15,1000,Cash / Clearing,RONA,0.00,27.28,receipts,215760,
2012-11-15,5715,NSF Fees,NSF FEE - JACK CARTER,45.00,0.00,receipts,215780,BANKING_IMPORT
2012-11-15,1000,Cash / Clearing,NSF FEE - JACK CARTER,0.00,45.00,receipts,215780,BANKING_IMPORT
2012-11-15,5150,Vehicle Lease Payments,JACK CARTER NSF DEBIT (RETURNED),1885.65,0.00,receipts,215781,BANKING_IMPORT
2012-11-15,1000,Cash / Clearing,JACK CARTER NSF DEBIT (RETURNED),0.00,1885.65,receipts,215781,BANKING_IMPORT
2012-11-15,5150,Vehicle Lease Payments,JACK CARTER NSF RETURN,1885.65,0.00,receipts,215782,BANKING_IMPORT
2012-11-15,1000,Cash / Clearing,JACK CARTER NSF RETURN,0.00,1885.65,receipts,215782,BANKING_IMPORT
2012-11-15,5715,BANKING,NSF Fee,45.00,0.00,receipts,216924,BANKING_IMPORT
2012-11-15,1000,Cash / Clearing,NSF Fee,0.00,45.00,receipts,216924,BANKING_IMPORT
2012-11-15,5320,BANKING,TACO TIME,13.87,0.00,receipts,217563,
2012-11-15,1000,Cash / Clearing,TACO TIME,0.00,13.87,receipts,217563,
2012-11-15,1015,Petty Cash,PETTY CASH FUNDING,1300.00,0.00,receipts,217670,BANKING_IMPORT
2012-11-15,1000,Cash / Clearing,PETTY CASH FUNDING,0.00,1300.00,receipts,217670,BANKING_IMPORT
2012-11-15,5150,Vehicle Lease Payments,HEFFNER AUTO,471.97,0.00,receipts,218173,BANKING_IMPORT
2012-11-15,1000,Cash / Clearing,HEFFNER AUTO,0.00,471.97,receipts,218173,BANKING_IMPORT
2012-11-15,5150,Vehicle Lease Payments,HEFFNER AUTO,889.88,0.00,receipts,218174,BANKING_IMPORT
2012-11-15,1000,Cash / Clearing,HEFFNER AUTO,0.00,889.88,receipts,218174,BANKING_IMPORT
2012-11-15,5150,Vehicle Lease Payments,HEFFNER AUTO,1900.50,0.00,receipts,218175,BANKING_IMPORT
2012-11-15,1000,Cash / Clearing,HEFFNER AUTO,0.00,1900.50,receipts,218175,BANKING_IMPORT
2012-11-15,5150,Vehicle Lease Payments,HEFFNER AUTO,1475.25,0.00,receipts,218176,BANKING_IMPORT
2012-11-15,1000,Cash / Clearing,HEFFNER AUTO,0.00,1475.25,receipts,218176,BANKING_IMPORT
2012-11-15,5150,Vehicle Lease Payments,HEFFNER AUTO,2525.25,0.00,receipts,218177,BANKING_IMPORT
2012-11-15,1000,Cash / Clearing,HEFFNER AUTO,0.00,2525.25,receipts,218177,BANKING_IMPORT
2012-11-15,5150,Vehicle Lease Payments,JACK CARTER,1885.65,0.00,receipts,218178,BANKING_IMPORT
2012-11-15,1000,Cash / Clearing,JACK CARTER,0.00,1885.65,receipts,218178,BANKING_IMPORT
2012-11-16,5110,BANKING,ESSO,50.00,0.00,receipts,214892,
2012-11-16,1000,Cash / Clearing,ESSO,0.00,50.00,receipts,214892,
2012-11-16,5120,BANKING,L7,5.70,0.00,receipts,215111,
2012-11-16,1000,Cash / Clearing,L7,0.00,5.70,receipts,215111,
2012-11-16,5116,BANKING,LIQUOR BARN,6.54,0.00,receipts,215571,
2012-11-16,1000,Cash / Clearing,LIQUOR BARN,0.00,6.54,receipts,215571,
2012-11-16,5116,BANKING,LIQUOR BARN,55.49,0.00,receipts,215574,
2012-11-16,1000,Cash / Clearing,LIQUOR BARN,0.00,55.49,receipts,215574,
2012-11-16,5116,BANKING,LIQUOR BARN,27.95,0.00,receipts,215575,
2012-11-16,1000,Cash / Clearing,LIQUOR BARN,0.00,27.95,receipts,215575,
2012-11-16,5116,BANKING,LIQUOR BARN,97.73,0.00,receipts,215576,
2012-11-16,1000,Cash / Clearing,LIQUOR BARN,0.00,97.73,receipts,215576,
2012-11-16,5116,BANKING,LIQUOR BARN,144.07,0.00,receipts,215578,
2012-11-16,1000,Cash / Clearing,LIQUOR BARN,0.00,144.07,receipts,215578,
2012-11-17,2550,BANKING,Fuel,30.00,0.00,receipts,173621,
2012-11-17,1000,Cash / Clearing,Fuel,0.00,30.00,receipts,173621,
2012-11-17,5110,BANKING,FLYING J,100.00,0.00,receipts,214080,
2012-11-17,1000,Cash / Clearing,FLYING J,0.00,100.00,receipts,214080,
2012-11-17,5110,BANKING,fuel,130.00,0.00,receipts,215356,
2012-11-17,1000,Cash / Clearing,fuel,0.00,130.00,receipts,215356,
2012-11-17,5110,BANKING,fuel,64.00,0.00,receipts,215357,
2012-11-17,1000,Cash / Clearing,fuel,0.00,64.00,receipts,215357,
2012-11-17,5110,BANKING,fuel,48.00,0.00,receipts,215358,
2012-11-17,1000,Cash / Clearing,fuel,0.00,48.00,receipts,215358,
2012-11-17,5116,BANKING,LIQUOR BARN,19.32,0.00,receipts,215577,
2012-11-17,1000,Cash / Clearing,LIQUOR BARN,0.00,19.32,receipts,215577,
2012-11-17,5116,BANKING,LIQUOR BARN,86.05,0.00,receipts,215579,
2012-11-17,1000,Cash / Clearing,LIQUOR BARN,0.00,86.05,receipts,215579,
2012-11-17,5116,BANKING,LIQUOR BARN,22.35,0.00,receipts,215582,
2012-11-17,1000,Cash / Clearing,LIQUOR BARN,0.00,22.35,receipts,215582,
2012-11-17,5116,BANKING,LIQUOR BARN,19.99,0.00,receipts,215583,
2012-11-17,1000,Cash / Clearing,LIQUOR BARN,0.00,19.99,receipts,215583,
2012-11-17,5116,BANKING,LIQUOR BARN,62.47,0.00,receipts,215584,
2012-11-17,1000,Cash / Clearing,LIQUOR BARN,0.00,62.47,receipts,215584,
2012-11-17,5116,BANKING,LIQUOR BARN,68.03,0.00,receipts,215586,
2012-11-17,1000,Cash / Clearing,LIQUOR BARN,0.00,68.03,receipts,215586,
2012-11-17,5116,BANKING,LIQUOR BARN,13.21,0.00,receipts,215589,
2012-11-17,1000,Cash / Clearing,LIQUOR BARN,0.00,13.21,receipts,215589,
2012-11-17,5116,BANKING,ROYAL LIQUOR,73.99,0.00,receipts,215711,
2012-11-17,1000,Cash / Clearing,ROYAL LIQUOR,0.00,73.99,receipts,215711,
2012-11-18,2550,Advertising,trade show,300.00,0.00,receipts,173548,
2012-11-18,1000,Cash / Clearing,trade show,0.00,300.00,receipts,173548,
2012-11-18,5600,BANKING,Bridal showcase advertising - Welcome Wagon,100.00,0.00,receipts,212353,BANKING_IMPORT
2012-11-18,1000,Cash / Clearing,Bridal showcase advertising - Welcome Wagon,0.00,100.00,receipts,212353,BANKING_IMPORT
2012-11-18,5116,BANKING,PLAZA LIQUOR TOWN,14.75,0.00,receipts,215660,
2012-11-18,1000,Cash / Clearing,PLAZA LIQUOR TOWN,0.00,14.75,receipts,215660,
2012-11-19,5110,Fuel,MOHAWK,57.00,0.00,receipts,140781,BANKING_IMPORT
2012-11-19,1000,Cash / Clearing,MOHAWK,0.00,57.00,receipts,140781,BANKING_IMPORT
2012-11-19,6900,BANKING,DEPOSIT $1300 from cibc,2000.00,0.00,receipts,170733,BANKING_IMPORT
2012-11-19,1000,Cash / Clearing,DEPOSIT $1300 from cibc,0.00,2000.00,receipts,170733,BANKING_IMPORT
2012-11-19,1015,Petty Cash,PETTY CASH FUNDING,40.00,0.00,receipts,170739,BANKING_IMPORT
2012-11-19,1000,Cash / Clearing,PETTY CASH FUNDING,0.00,40.00,receipts,170739,BANKING_IMPORT
2012-11-19,2550,Advertising,Welcome wagon advertising,200.00,0.00,receipts,173549,
2012-11-19,1000,Cash / Clearing,Welcome wagon advertising,0.00,200.00,receipts,173549,
2012-11-19,2550,BANKING,PRAIRIE OFFICE SUPPLIES,17.82,0.00,receipts,214995,
2012-11-19,1000,Cash / Clearing,PRAIRIE OFFICE SUPPLIES,0.00,17.82,receipts,214995,
2012-11-19,2550,BANKING,CALGARY AIRPORT AUTHORITY,28.98,0.00,receipts,217098,
2012-11-19,1000,Cash / Clearing,CALGARY AIRPORT AUTHORITY,0.00,28.98,receipts,217098,
2012-11-19,5360,BANKING,99008,40.00,0.00,receipts,217207,
2012-11-19,1000,Cash / Clearing,99008,0.00,40.00,receipts,217207,
2012-11-20,6100,Staff Meals & Entertainment,Client meeting,37.32,0.00,receipts,143036,BANKING_IMPORT
2012-11-20,1000,Cash / Clearing,Client meeting,0.00,37.32,receipts,143036,BANKING_IMPORT
2012-11-20,5710,Bank Fees & Service Charges,CARLINE MUFFLER,72.45,0.00,receipts,150634,BANKING_IMPORT
2012-11-20,1000,Cash / Clearing,CARLINE MUFFLER,0.00,72.45,receipts,150634,BANKING_IMPORT
2012-11-20,5110,BANKING,FAS GAS,59.00,0.00,receipts,214022,BANKING_IMPORT | PG17_COLLISION_ORIG_ID=173648 | FALLBACK_BT=96077
2012-11-20,1000,Cash / Clearing,FAS GAS,0.00,59.00,receipts,214022,BANKING_IMPORT | PG17_COLLISION_ORIG_ID=173648 | FALLBACK_BT=96077
2012-11-20,5110,BANKING,FUEL,47.00,0.00,receipts,215261,
2012-11-20,1000,Cash / Clearing,FUEL,0.00,47.00,receipts,215261,
2012-11-20,5116,BANKING,LIQUOR BARN,76.99,0.00,receipts,215548,
2012-11-20,1000,Cash / Clearing,LIQUOR BARN,0.00,76.99,receipts,215548,
2012-11-20,5116,BANKING,LIQUOR BARN,77.72,0.00,receipts,215550,
2012-11-20,1000,Cash / Clearing,LIQUOR BARN,0.00,77.72,receipts,215550,
2012-11-20,5116,BANKING,LIQUOR BARN,11.53,0.00,receipts,215552,
2012-11-20,1000,Cash / Clearing,LIQUOR BARN,0.00,11.53,receipts,215552,
2012-11-20,5116,BANKING,LIQUOR BARN,160.12,0.00,receipts,215553,
2012-11-20,1000,Cash / Clearing,LIQUOR BARN,0.00,160.12,receipts,215553,
2012-11-20,5116,BANKING,LIQUOR BARN,32.77,0.00,receipts,215554,
2012-11-20,1000,Cash / Clearing,LIQUOR BARN,0.00,32.77,receipts,215554,
2012-11-20,5116,BANKING,LIQUOR BARN,81.80,0.00,receipts,215556,
2012-11-20,1000,Cash / Clearing,LIQUOR BARN,0.00,81.80,receipts,215556,
2012-11-20,5110,BANKING,RUN'N ON EMPTY,45.00,0.00,receipts,217322,
2012-11-20,1000,Cash / Clearing,RUN'N ON EMPTY,0.00,45.00,receipts,217322,
2012-11-20,5320,BANKING,WENDY'S,7.84,0.00,receipts,217549,
2012-11-20,1000,Cash / Clearing,WENDY'S,0.00,7.84,receipts,217549,
2012-11-20,2910,BANKING,CARLINE MUFFLER,72.45,0.00,receipts,218179,BANKING_IMPORT
2012-11-20,1000,Cash / Clearing,CARLINE MUFFLER,0.00,72.45,receipts,218179,BANKING_IMPORT
2012-11-20,2910,BANKING,MONGOLIE GRILL,37.32,0.00,receipts,218180,BANKING_IMPORT
2012-11-20,1000,Cash / Clearing,MONGOLIE GRILL,0.00,37.32,receipts,218180,BANKING_IMPORT
2012-11-21,6105,Client Entertainment - Meals,CINEPLEX,43.87,0.00,receipts,143042,BANKING_IMPORT
2012-11-21,1000,Cash / Clearing,CINEPLEX,0.00,43.87,receipts,143042,BANKING_IMPORT
2012-11-21,5320,BANKING,GEORGE'S PIZZA & STEAK,34.22,0.00,receipts,143043,BANKING_IMPORT
2012-11-21,1000,Cash / Clearing,GEORGE'S PIZZA & STEAK,0.00,34.22,receipts,143043,BANKING_IMPORT
2012-11-21,5110,BANKING,SHELL,50.00,0.00,receipts,215204,
2012-11-21,1000,Cash / Clearing,SHELL,0.00,50.00,receipts,215204,
2012-11-21,5110,BANKING,FUEL,30.00,0.00,receipts,215260,
2012-11-21,1000,Cash / Clearing,FUEL,0.00,30.00,receipts,215260,
2012-11-21,5116,BANKING,LIQUOR BARN,73.06,0.00,receipts,215557,
2012-11-21,1000,Cash / Clearing,LIQUOR BARN,0.00,73.06,receipts,215557,
2012-11-21,5116,BANKING,PLAZA LIQUOR TOWN,45.54,0.00,receipts,215661,
2012-11-21,1000,Cash / Clearing,PLAZA LIQUOR TOWN,0.00,45.54,receipts,215661,
2012-11-21,5320,BANKING,BOSTON PIZZA,21.49,0.00,receipts,217410,
2012-11-21,1000,Cash / Clearing,BOSTON PIZZA,0.00,21.49,receipts,217410,
2012-11-21,2910,BANKING,CINEPLEX,43.87,0.00,receipts,218181,BANKING_IMPORT
2012-11-21,1000,Cash / Clearing,CINEPLEX,0.00,43.87,receipts,218181,BANKING_IMPORT
2012-11-21,2910,BANKING,GEORGES PIZZA,34.22,0.00,receipts,218182,BANKING_IMPORT
2012-11-21,1000,Cash / Clearing,GEORGES PIZZA,0.00,34.22,receipts,218182,BANKING_IMPORT
2012-11-22,5320,Driver Food/Drinks/Snacks on Duty,A&W,24.19,0.00,receipts,140786,BANKING_IMPORT
2012-11-22,1000,Cash / Clearing,A&W,0.00,24.19,receipts,140786,BANKING_IMPORT
2012-11-22,5320,Driver Food/Drinks/Snacks on Duty,SUBWAY,22.85,0.00,receipts,140788,BANKING_IMPORT
2012-11-22,1000,Cash / Clearing,SUBWAY,0.00,22.85,receipts,140788,BANKING_IMPORT
2012-11-22,5880,Owner Personal (Non-Deductible),7-ELEVEN,60.00,0.00,receipts,140791,BANKING_IMPORT
2012-11-22,1000,Cash / Clearing,7-ELEVEN,0.00,60.00,receipts,140791,BANKING_IMPORT
2012-11-22,2550,BANKING,Batteries for remotes,7.49,0.00,receipts,173625,
2012-11-22,1000,Cash / Clearing,Batteries for remotes,0.00,7.49,receipts,173625,
2012-11-22,2550,BANKING,RUN'N ON EMPTY,89.00,0.00,receipts,173658,
2012-11-22,1000,Cash / Clearing,RUN'N ON EMPTY,0.00,89.00,receipts,173658,
2012-11-22,5110,BANKING,Fuel L-8,35.01,0.00,receipts,214015,BANKING_IMPORT | PG17_COLLISION_ORIG_ID=173626 | FALLBACK_BT=96070
2012-11-22,1000,Cash / Clearing,Fuel L-8,0.00,35.01,receipts,214015,BANKING_IMPORT | PG17_COLLISION_ORIG_ID=173626 | FALLBACK_BT=96070
2012-11-22,5110,BANKING,FAS GAS,57.00,0.00,receipts,214021,BANKING_IMPORT | PG17_COLLISION_ORIG_ID=173646 | FALLBACK_BT=96076
2012-11-22,1000,Cash / Clearing,FAS GAS,0.00,57.00,receipts,214021,BANKING_IMPORT | PG17_COLLISION_ORIG_ID=173646 | FALLBACK_BT=96076
2012-11-22,5110,BANKING,FUEL,25.00,0.00,receipts,215027,BANKING_IMPORT
2012-11-22,1000,Cash / Clearing,FUEL,0.00,25.00,receipts,215027,BANKING_IMPORT
2012-11-22,5120,BANKING,WASH,9.44,0.00,receipts,215028,BANKING_IMPORT
2012-11-22,1000,Cash / Clearing,WASH,0.00,9.44,receipts,215028,BANKING_IMPORT
2012-11-22,2550,BANKING,EDMONTON AIRPORT AUTHORITY,5.00,0.00,receipts,217088,
2012-11-22,1000,Cash / Clearing,EDMONTON AIRPORT AUTHORITY,0.00,5.00,receipts,217088,
2012-11-22,5880,BANKING,PET FOOD,66.14,0.00,receipts,217570,
2012-11-22,1000,Cash / Clearing,PET FOOD,0.00,66.14,receipts,217570,
2012-11-22,2910,BANKING,CHQ 88 DOUG REDMOND,1500.00,0.00,receipts,217787,BANKING_IMPORT
2012-11-22,1000,Cash / Clearing,CHQ 88 DOUG REDMOND,0.00,1500.00,receipts,217787,BANKING_IMPORT
2012-11-23,5430,Telephone & Internet,TELUS,3079.80,0.00,receipts,140793,BANKING_IMPORT
2012-11-23,1000,Cash / Clearing,TELUS,0.00,3079.80,receipts,140793,BANKING_IMPORT
2012-11-23,5120,Vehicle Maintenance & Repairs,PARRS AUTOMOTIVE,1000.00,0.00,receipts,140795,BANKING_IMPORT
2012-11-23,1000,Cash / Clearing,PARRS AUTOMOTIVE,0.00,1000.00,receipts,140795,BANKING_IMPORT
2012-11-23,5110,Fuel,RUN'N ON EMPTY,62.00,0.00,receipts,140796,BANKING_IMPORT
2012-11-23,1000,Cash / Clearing,RUN'N ON EMPTY,0.00,62.00,receipts,140796,BANKING_IMPORT
2012-11-23,5116,"Client Amenities - Food, Coffee, Supplies",LIQUOR BARN,170.25,0.00,receipts,140797,BANKING_IMPORT
2012-11-23,1000,Cash / Clearing,LIQUOR BARN,0.00,170.25,receipts,140797,BANKING_IMPORT
2012-11-23,5110,Fuel,RUN'N ON EMPTY,120.30,0.00,receipts,140798,BANKING_IMPORT
2012-11-23,1000,Cash / Clearing,RUN'N ON EMPTY,0.00,120.30,receipts,140798,BANKING_IMPORT
2012-11-23,5210,Driver Wages & Reimbursements,CHQ 83 DUSTAN TOWNSEND,200.00,0.00,receipts,140799,BANKING_IMPORT
2012-11-23,1000,Cash / Clearing,CHQ 83 DUSTAN TOWNSEND,0.00,200.00,receipts,140799,BANKING_IMPORT
2012-11-23,5300,Administrative Expenses,PHIL RESTAURANT,33.73,0.00,receipts,140800,BANKING_IMPORT
2012-11-23,1000,Cash / Clearing,PHIL RESTAURANT,0.00,33.73,receipts,140800,BANKING_IMPORT
2012-11-23,5420,Office Supplies,STAPLES,600.66,0.00,receipts,143049,BANKING_IMPORT
2012-11-23,1000,Cash / Clearing,STAPLES,0.00,600.66,receipts,143049,BANKING_IMPORT
2012-11-23,5860,Supplies - General Business,A BUCK OR TWO,79.80,0.00,receipts,143051,BANKING_IMPORT
2012-11-23,1000,Cash / Clearing,A BUCK OR TWO,0.00,79.80,receipts,143051,BANKING_IMPORT
2012-11-23,5110,BANKING,SHELL,35.00,0.00,receipts,215205,
2012-11-23,1000,Cash / Clearing,SHELL,0.00,35.00,receipts,215205,
2012-11-23,1015,Petty Cash,PETTY CASH FUNDING,200.00,0.00,receipts,217671,BANKING_IMPORT
2012-11-23,1000,Cash / Clearing,PETTY CASH FUNDING,0.00,200.00,receipts,217671,BANKING_IMPORT
2012-11-23,2910,BANKING,BUCK OR TWO,79.80,0.00,receipts,218183,BANKING_IMPORT
2012-11-23,1000,Cash / Clearing,BUCK OR TWO,0.00,79.80,receipts,218183,BANKING_IMPORT
2012-11-24,5110,Fuel,FAS GAS,43.00,0.00,receipts,140807,BANKING_IMPORT
2012-11-24,1000,Cash / Clearing,FAS GAS,0.00,43.00,receipts,140807,BANKING_IMPORT
2012-11-24,5116,BANKING,ice,5.01,0.00,receipts,215558,
2012-11-24,1000,Cash / Clearing,ice,0.00,5.01,receipts,215558,
2012-11-24,5116,BANKING,LIQUOR BARN,20.04,0.00,receipts,215560,
2012-11-24,1000,Cash / Clearing,LIQUOR BARN,0.00,20.04,receipts,215560,
2012-11-24,5116,BANKING,SOBEYS,3.99,0.00,receipts,217139,
2012-11-24,1000,Cash / Clearing,SOBEYS,0.00,3.99,receipts,217139,
2012-11-25,5116,"Client Amenities - Food, Coffee, Supplies",Client beveage,3.85,0.00,receipts,214007,BANKING_IMPORT | PG17_COLLISION_ORIG_ID=173594 | FALLBACK_BT=96062
2012-11-25,1000,Cash / Clearing,Client beveage,0.00,3.85,receipts,214007,BANKING_IMPORT | PG17_COLLISION_ORIG_ID=173594 | FALLBACK_BT=96062
2012-11-25,5110,BANKING,PETRO-CANADA,20.18,0.00,receipts,214060,
2012-11-25,1000,Cash / Clearing,PETRO-CANADA,0.00,20.18,receipts,214060,
2012-11-25,5120,BANKING,JUMBO,6.40,0.00,receipts,215149,
2012-11-25,1000,Cash / Clearing,JUMBO,0.00,6.40,receipts,215149,
2012-11-25,5116,BANKING,LIQUOR BARN,108.96,0.00,receipts,215561,
2012-11-25,1000,Cash / Clearing,LIQUOR BARN,0.00,108.96,receipts,215561,
2012-11-25,5116,BANKING,MUFFINS AND CUPS FOR THE MEMOSAS,11.25,0.00,receipts,217118,
2012-11-25,1000,Cash / Clearing,MUFFINS AND CUPS FOR THE MEMOSAS,0.00,11.25,receipts,217118,
2012-11-25,5320,BANKING,MR MIKES,49.82,0.00,receipts,217411,
2012-11-25,1000,Cash / Clearing,MR MIKES,0.00,49.82,receipts,217411,
2012-11-26,5110,Fuel,RUN'N ON EMPTY,123.07,0.00,receipts,140804,BANKING_IMPORT
2012-11-26,1000,Cash / Clearing,RUN'N ON EMPTY,0.00,123.07,receipts,140804,BANKING_IMPORT
2012-11-26,5110,Fuel,RUN'N ON EMPTY,71.51,0.00,receipts,140805,BANKING_IMPORT
2012-11-26,1000,Cash / Clearing,RUN'N ON EMPTY,0.00,71.51,receipts,140805,BANKING_IMPORT
2012-11-26,5110,Fuel,RUN'N ON EMPTY,51.51,0.00,receipts,140806,BANKING_IMPORT
2012-11-26,1000,Cash / Clearing,RUN'N ON EMPTY,0.00,51.51,receipts,140806,BANKING_IMPORT
2012-11-26,5710,Bank Fees & Service Charges,MONEY MART,910.00,0.00,receipts,140808,BANKING_IMPORT
2012-11-26,1000,Cash / Clearing,MONEY MART,0.00,910.00,receipts,140808,BANKING_IMPORT
2012-11-26,5300,Administrative Expenses,PHIL RESTAURANT,64.91,0.00,receipts,140812,BANKING_IMPORT
2012-11-26,1000,Cash / Clearing,PHIL RESTAURANT,0.00,64.91,receipts,140812,BANKING_IMPORT
2012-11-26,2550,WCB Premiums,wcb payment,553.17,0.00,receipts,145313,18714897
2012-11-26,1000,Cash / Clearing,wcb payment,0.00,553.17,receipts,145313,18714897
2012-11-26,1015,Petty Cash,PETTY CASH FUNDING,40.00,0.00,receipts,170775,BANKING_IMPORT
2012-11-26,1000,Cash / Clearing,PETTY CASH FUNDING,0.00,40.00,receipts,170775,BANKING_IMPORT
2012-11-26,1015,Petty Cash,PETTY CASH FUNDING,400.00,0.00,receipts,170776,BANKING_IMPORT
2012-11-26,1000,Cash / Clearing,PETTY CASH FUNDING,0.00,400.00,receipts,170776,BANKING_IMPORT
2012-11-26,5130,Insurance,COOP INSURANCE CSI,105.15,0.00,receipts,214368,100064
2012-11-26,1000,Cash / Clearing,COOP INSURANCE CSI,0.00,105.15,receipts,214368,100064
2012-11-26,5110,BANKING,FUEL,100.00,0.00,receipts,215244,
2012-11-26,1000,Cash / Clearing,FUEL,0.00,100.00,receipts,215244,
2012-11-26,2550,BANKING,RADIO RENTAL,63.00,0.00,receipts,217189,
2012-11-26,1000,Cash / Clearing,RADIO RENTAL,0.00,63.00,receipts,217189,
2012-11-26,5320,BANKING,TONY ROMAS,80.33,0.00,receipts,217509,
2012-11-26,1000,Cash / Clearing,TONY ROMAS,0.00,80.33,receipts,217509,
2012-11-27,5110,Fuel,RUN'N ON EMPTY,41.50,0.00,receipts,140818,BANKING_IMPORT
2012-11-27,1000,Cash / Clearing,RUN'N ON EMPTY,0.00,41.50,receipts,140818,BANKING_IMPORT
2012-11-27,2550,BANKING,ottor box for cell phones,62.99,0.00,receipts,173600,
2012-11-27,1000,Cash / Clearing,ottor box for cell phones,0.00,62.99,receipts,173600,
2012-11-27,5420,BANKING,LIGHTS,6.30,0.00,receipts,215000,
2012-11-27,1000,Cash / Clearing,LIGHTS,0.00,6.30,receipts,215000,
2012-11-27,5110,BANKING,FUEL,40.00,0.00,receipts,215250,
2012-11-27,1000,Cash / Clearing,FUEL,0.00,40.00,receipts,215250,
2012-11-27,5110,BANKING,FUEL,38.01,0.00,receipts,215252,
2012-11-27,1000,Cash / Clearing,FUEL,0.00,38.01,receipts,215252,
2012-11-27,5430,BANKING,charge cable,22.04,0.00,receipts,217420,
2012-11-27,1000,Cash / Clearing,charge cable,0.00,22.04,receipts,217420,
2012-11-27,5320,BANKING,TIKI MING RESTAURANT,9.85,0.00,receipts,217505,
2012-11-27,1000,Cash / Clearing,TIKI MING RESTAURANT,0.00,9.85,receipts,217505,
2012-11-27,2910,BANKING,ROGERS,62.99,0.00,receipts,218184,BANKING_IMPORT
2012-11-27,1000,Cash / Clearing,ROGERS,0.00,62.99,receipts,218184,BANKING_IMPORT
2012-11-28,5120,Vehicle Maintenance & Repairs,PRINCESS AUTO,78.74,0.00,receipts,143059,BANKING_IMPORT
2012-11-28,1000,Cash / Clearing,PRINCESS AUTO,0.00,78.74,receipts,143059,BANKING_IMPORT
2012-11-28,5710,Bank Fees & Service Charges,ACARD PAYMENT,4.95,0.00,receipts,150640,BANKING_IMPORT
2012-11-28,1000,Cash / Clearing,ACARD PAYMENT,0.00,4.95,receipts,150640,BANKING_IMPORT
2012-11-28,5110,BANKING,Fuel L-2,50.00,0.00,receipts,214013,BANKING_IMPORT | PG17_COLLISION_ORIG_ID=173623 | FALLBACK_BT=96068
2012-11-28,1000,Cash / Clearing,Fuel L-2,0.00,50.00,receipts,214013,BANKING_IMPORT | PG17_COLLISION_ORIG_ID=173623 | FALLBACK_BT=96068
2012-11-28,5710,Bank Fees & Service Charges,ACARD PAYMENT,4.95,0.00,receipts,218185,BANKING_IMPORT
2012-11-28,1000,Cash / Clearing,ACARD PAYMENT,0.00,4.95,receipts,218185,BANKING_IMPORT
2012-11-28,5120,Vehicle Maintenance & Repairs,PRINCESS AUTO,78.74,0.00,receipts,218186,BANKING_IMPORT
2012-11-28,1000,Cash / Clearing,PRINCESS AUTO,0.00,78.74,receipts,218186,BANKING_IMPORT
2012-11-29,5720,Credit Card Processing Fees,OVERDRAFT FEE,5.00,0.00,receipts,140821,BANKING_IMPORT
2012-11-29,1000,Cash / Clearing,OVERDRAFT FEE,0.00,5.00,receipts,140821,BANKING_IMPORT
2012-11-29,5420,Office Supplies,APPLE STORE,147.00,0.00,receipts,140822,BANKING_IMPORT
2012-11-29,1000,Cash / Clearing,APPLE STORE,0.00,147.00,receipts,140822,BANKING_IMPORT
2012-11-29,5110,Fuel,FAS GAS,162.34,0.00,receipts,140823,BANKING_IMPORT
2012-11-29,1000,Cash / Clearing,FAS GAS,0.00,162.34,receipts,140823,BANKING_IMPORT
2012-11-29,5130,BANKING,CHQ 99 TREDD MAYFAIR,613.00,0.00,receipts,140824,BANKING_IMPORT
2012-11-29,1000,Cash / Clearing,CHQ 99 TREDD MAYFAIR,0.00,613.00,receipts,140824,BANKING_IMPORT
2012-11-29,5710,Bank Fees & Service Charges,VCARD PAYMENT,1352.27,0.00,receipts,150643,BANKING_IMPORT
2012-11-29,1000,Cash / Clearing,VCARD PAYMENT,0.00,1352.27,receipts,150643,BANKING_IMPORT
2012-11-29,2550,Advertising,Trade show,675.00,0.00,receipts,173585,
2012-11-29,1000,Cash / Clearing,Trade show,0.00,675.00,receipts,173585,
2012-11-29,5110,Fuel,DOMO GAS,30.10,0.00,receipts,214868,
2012-11-29,1000,Cash / Clearing,DOMO GAS,0.00,30.10,receipts,214868,
2012-11-29,5116,BANKING,LIQUOR BARN,102.59,0.00,receipts,215592,
2012-11-29,1000,Cash / Clearing,LIQUOR BARN,0.00,102.59,receipts,215592,
2012-11-29,5116,BANKING,LIQUOR BARN,154.59,0.00,receipts,215594,
2012-11-29,1000,Cash / Clearing,LIQUOR BARN,0.00,154.59,receipts,215594,
2012-11-29,5715,NSF Fees,NSF Fee,45.00,0.00,receipts,215998,BANKING_IMPORT
2012-11-29,1000,Cash / Clearing,NSF Fee,0.00,45.00,receipts,215998,BANKING_IMPORT
2012-11-29,5715,BANKING,NSF Fee,45.00,0.00,receipts,216925,BANKING_IMPORT
2012-11-29,1000,Cash / Clearing,NSF Fee,0.00,45.00,receipts,216925,BANKING_IMPORT
2012-11-29,5110,BANKING,7-ELEVEN,40.00,0.00,receipts,217231,
2012-11-29,1000,Cash / Clearing,7-ELEVEN,0.00,40.00,receipts,217231,
2012-11-29,5320,BANKING,Edmonton Montanas,27.27,0.00,receipts,217503,
2012-11-29,1000,Cash / Clearing,Edmonton Montanas,0.00,27.27,receipts,217503,
2012-11-29,5320,BANKING,BOSTON PIZZA,20.98,0.00,receipts,217556,
2012-11-29,1000,Cash / Clearing,BOSTON PIZZA,0.00,20.98,receipts,217556,
2012-11-29,2910,BANKING,CHQ 283 MIKE RICHARD,380.00,0.00,receipts,217788,BANKING_IMPORT
2012-11-29,1000,Cash / Clearing,CHQ 283 MIKE RICHARD,0.00,380.00,receipts,217788,BANKING_IMPORT
2012-11-29,5720,BANKING,VCARD PAYMENT,1352.27,0.00,receipts,218187,BANKING_IMPORT
2012-11-29,1000,Cash / Clearing,VCARD PAYMENT,0.00,1352.27,receipts,218187,BANKING_IMPORT
2012-11-29,5110,Fuel,ESSO,50.00,0.00,receipts,218188,BANKING_IMPORT
2012-11-29,1000,Cash / Clearing,ESSO,0.00,50.00,receipts,218188,BANKING_IMPORT
2012-11-30,5116,"Client Amenities - Food, Coffee, Supplies",LIQUOR BARN,60.13,0.00,receipts,140826,BANKING_IMPORT
2012-11-30,1000,Cash / Clearing,LIQUOR BARN,0.00,60.13,receipts,140826,BANKING_IMPORT
2012-11-30,2550,BANKING,FAS GAS,50.00,0.00,receipts,173654,BANKING_IMPORT
2012-11-30,1000,Cash / Clearing,FAS GAS,0.00,50.00,receipts,173654,BANKING_IMPORT
2012-11-30,2550,BANKING,ice,6.38,0.00,receipts,173655,BANKING_IMPORT
2012-11-30,1000,Cash / Clearing,ice,0.00,6.38,receipts,173655,BANKING_IMPORT
2012-11-30,5110,Fuel,FAS GAS,56.38,0.00,receipts,214192,97146
2012-11-30,1000,Cash / Clearing,FAS GAS,0.00,56.38,receipts,214192,97146
2012-11-30,5110,BANKING,FUEL,50.01,0.00,receipts,215251,
2012-11-30,1000,Cash / Clearing,FUEL,0.00,50.01,receipts,215251,
2012-11-30,5116,BANKING,LIQUOR BARN,85.13,0.00,receipts,215321,
2012-11-30,1000,Cash / Clearing,LIQUOR BARN,0.00,85.13,receipts,215321,
2012-11-30,5116,BANKING,LIQUOR BARN,43.00,0.00,receipts,215590,
2012-11-30,1000,Cash / Clearing,LIQUOR BARN,0.00,43.00,receipts,215590,
2012-11-30,5710,Bank Fees & Service Charges,Overdraft Interest,0.09,0.00,receipts,215999,BANKING_IMPORT
2012-11-30,1000,Cash / Clearing,Overdraft Interest,0.00,0.09,receipts,215999,BANKING_IMPORT
2012-11-30,5710,Bank Fees & Service Charges,Account Fee,35.00,0.00,receipts,216000,BANKING_IMPORT
2012-11-30,1000,Cash / Clearing,Account Fee,0.00,35.00,receipts,216000,BANKING_IMPORT
2012-11-30,5710,Bank Fees & Service Charges,Bank Charges & Interest,35.09,0.00,receipts,216377,BANKING_IMPORT
2012-11-30,1000,Cash / Clearing,Bank Charges & Interest,0.00,35.09,receipts,216377,BANKING_IMPORT
2012-11-30,5710,Bank Fees & Service Charges,Account Fee,35.00,0.00,receipts,216926,BANKING_IMPORT
2012-11-30,1000,Cash / Clearing,Account Fee,0.00,35.00,receipts,216926,BANKING_IMPORT
2012-11-30,5870,BANKING,DRIVING NEW VEHICLE HOME,121.65,0.00,receipts,217353,
2012-11-30,1000,Cash / Clearing,DRIVING NEW VEHICLE HOME,0.00,121.65,receipts,217353,
2012-11-30,5710,Bank Fees & Service Charges,Bank Charges & Interest,35.09,0.00,receipts,217620,BANKING_IMPORT
2012-11-30,1000,Cash / Clearing,Bank Charges & Interest,0.00,35.09,receipts,217620,BANKING_IMPORT
2012-11-30,5710,Bank Fees & Service Charges,BANK FEE,35.00,0.00,receipts,217621,BANKING_IMPORT
2012-11-30,1000,Cash / Clearing,BANK FEE,0.00,35.00,receipts,217621,BANKING_IMPORT
2012-12-01,5110,BANKING,Fuel L-9,10.01,0.00,receipts,214032,
2012-12-01,1000,Cash / Clearing,Fuel L-9,0.00,10.01,receipts,214032,
2012-12-01,5110,BANKING,RUN'N ON EMPTY,40.03,0.00,receipts,215269,
2012-12-01,1000,Cash / Clearing,RUN'N ON EMPTY,0.00,40.03,receipts,215269,
2012-12-01,5116,BANKING,LIQUOR BARN,51.29,0.00,receipts,215443,
2012-12-01,1000,Cash / Clearing,LIQUOR BARN,0.00,51.29,receipts,215443,
2012-12-01,5116,BANKING,LIQUOR BARN,14.52,0.00,receipts,215444,
2012-12-01,1000,Cash / Clearing,LIQUOR BARN,0.00,14.52,receipts,215444,
2012-12-01,5116,BANKING,LIQUOR BARN,45.14,0.00,receipts,215445,
2012-12-01,1000,Cash / Clearing,LIQUOR BARN,0.00,45.14,receipts,215445,
2012-12-01,5116,BANKING,LIQUOR BARN,90.45,0.00,receipts,215530,
2012-12-01,1000,Cash / Clearing,LIQUOR BARN,0.00,90.45,receipts,215530,
2012-12-01,5715,NSF Fees,NSF Fee,45.00,0.00,receipts,216001,BANKING_IMPORT
2012-12-01,1000,Cash / Clearing,NSF Fee,0.00,45.00,receipts,216001,BANKING_IMPORT
2012-12-01,5710,Bank Fees & Service Charges,Merchant Services Fee,309.55,0.00,receipts,216378,BANKING_IMPORT
2012-12-01,1000,Cash / Clearing,Merchant Services Fee,0.00,309.55,receipts,216378,BANKING_IMPORT
2012-12-01,5715,BANKING,NSF Fee,45.00,0.00,receipts,216927,BANKING_IMPORT
2012-12-01,1000,Cash / Clearing,NSF Fee,0.00,45.00,receipts,216927,BANKING_IMPORT
2012-12-01,5116,"Client Amenities - Food, Coffee, Supplies",BEVERAGES,136.61,0.00,receipts,217084,
2012-12-01,1000,Cash / Clearing,BEVERAGES,0.00,136.61,receipts,217084,
2012-12-01,5320,BANKING,GEORGE'S PIZZA & STEAK,17.05,0.00,receipts,217376,69030
2012-12-01,1000,Cash / Clearing,GEORGE'S PIZZA & STEAK,0.00,17.05,receipts,217376,69030
2012-12-01,5710,Bank Fees & Service Charges,ACARD PAYMENT,4.95,0.00,receipts,217581,
2012-12-01,1000,Cash / Clearing,ACARD PAYMENT,0.00,4.95,receipts,217581,
2012-12-01,5720,BANKING,Merchant Services Fee,309.55,0.00,receipts,217622,BANKING_IMPORT
2012-12-01,1000,Cash / Clearing,Merchant Services Fee,0.00,309.55,receipts,217622,BANKING_IMPORT
2012-12-02,5320,BANKING,BONANNO PIZZA,14.00,0.00,receipts,217576,
2012-12-02,1000,Cash / Clearing,BONANNO PIZZA,0.00,14.00,receipts,217576,
2012-12-03,5710,Bank Fees & Service Charges,CIBC,19.17,0.00,receipts,140828,BANKING_IMPORT
2012-12-03,1000,Cash / Clearing,CIBC,0.00,19.17,receipts,140828,BANKING_IMPORT
2012-12-03,5110,Fuel,RUN'N ON EMPTY,112.50,0.00,receipts,140829,BANKING_IMPORT
2012-12-03,1000,Cash / Clearing,RUN'N ON EMPTY,0.00,112.50,receipts,140829,BANKING_IMPORT
2012-12-03,5110,Fuel,fuel,97.80,0.00,receipts,140830,BANKING_IMPORT
2012-12-03,1000,Cash / Clearing,fuel,0.00,97.80,receipts,140830,BANKING_IMPORT
2012-12-03,5110,Fuel,fuel,67.01,0.00,receipts,140831,BANKING_IMPORT
2012-12-03,1000,Cash / Clearing,fuel,0.00,67.01,receipts,140831,BANKING_IMPORT
2012-12-03,5116,"Client Amenities - Food, Coffee, Supplies",LIQUOR BARN,38.24,0.00,receipts,140832,BANKING_IMPORT
2012-12-03,1000,Cash / Clearing,LIQUOR BARN,0.00,38.24,receipts,140832,BANKING_IMPORT
2012-12-03,5110,Fuel,ESSO,41.00,0.00,receipts,140833,BANKING_IMPORT
2012-12-03,1000,Cash / Clearing,ESSO,0.00,41.00,receipts,140833,BANKING_IMPORT
2012-12-03,5120,Vehicle Maintenance & Repairs,PARRS AUTOMOTIVE,2000.00,0.00,receipts,140834,BANKING_IMPORT
2012-12-03,1000,Cash / Clearing,PARRS AUTOMOTIVE,0.00,2000.00,receipts,140834,BANKING_IMPORT
2012-12-03,5210,Driver Wages & Reimbursements,CHQ 104 KEVIN BOULLEY,1000.00,0.00,receipts,140836,BANKING_IMPORT
2012-12-03,1000,Cash / Clearing,CHQ 104 KEVIN BOULLEY,0.00,1000.00,receipts,140836,BANKING_IMPORT
2012-12-03,5150,Vehicle Lease Payments,ACE TRUCK RENTALS,2695.40,0.00,receipts,140843,BANKING_IMPORT
2012-12-03,1000,Cash / Clearing,ACE TRUCK RENTALS,0.00,2695.40,receipts,140843,BANKING_IMPORT
2012-12-03,5110,Fuel,fuel,116.00,0.00,receipts,140848,BANKING_IMPORT
2012-12-03,1000,Cash / Clearing,fuel,0.00,116.00,receipts,140848,BANKING_IMPORT
2012-12-03,5150,Vehicle Lease Payments,HEFFNER AUTO,471.98,0.00,receipts,150644,BANKING_IMPORT
2012-12-03,1000,Cash / Clearing,HEFFNER AUTO,0.00,471.98,receipts,150644,BANKING_IMPORT
2012-12-03,5150,Vehicle Lease Payments,HEFFNER AUTO,889.87,0.00,receipts,150645,BANKING_IMPORT
2012-12-03,1000,Cash / Clearing,HEFFNER AUTO,0.00,889.87,receipts,150645,BANKING_IMPORT
2012-12-03,5710,Bank Fees & Service Charges,CHQ 282 PARRS AUTOMOTIVE,1000.00,0.00,receipts,150646,BANKING_IMPORT
2012-12-03,1000,Cash / Clearing,CHQ 282 PARRS AUTOMOTIVE,0.00,1000.00,receipts,150646,BANKING_IMPORT
2012-12-03,5110,Fuel,FAS GAS,56.38,0.00,receipts,214193,97154
2012-12-03,1000,Cash / Clearing,FAS GAS,0.00,56.38,receipts,214193,97154
2012-12-03,5120,Vehicle Maintenance & Repairs,PARRS AUTOMOTIVE cash pymt inv#6110 partial,502.07,0.00,receipts,215484,BANKING_IMPORT
2012-12-03,1000,Cash / Clearing,PARRS AUTOMOTIVE cash pymt inv#6110 partial,0.00,502.07,receipts,215484,BANKING_IMPORT
2012-12-03,5710,Bank Fees & Service Charges,Bank Charges & Interest,45.00,0.00,receipts,216379,BANKING_IMPORT
2012-12-03,1000,Cash / Clearing,Bank Charges & Interest,0.00,45.00,receipts,216379,BANKING_IMPORT
2012-12-03,5710,Bank Fees & Service Charges,GBL MERCH FEE,309.55,0.00,receipts,216380,BANKING_IMPORT
2012-12-03,1000,Cash / Clearing,GBL MERCH FEE,0.00,309.55,receipts,216380,BANKING_IMPORT
2012-12-03,5720,BANKING,GBL MERCH FEE,309.55,0.00,receipts,217623,BANKING_IMPORT
2012-12-03,1000,Cash / Clearing,GBL MERCH FEE,0.00,309.55,receipts,217623,BANKING_IMPORT
2012-12-03,2910,BANKING,CHQ 282 PARRS AUTOMOTIVE,1000.00,0.00,receipts,217789,BANKING_IMPORT
2012-12-03,1000,Cash / Clearing,CHQ 282 PARRS AUTOMOTIVE,0.00,1000.00,receipts,217789,BANKING_IMPORT
2012-12-03,5150,Vehicle Lease Payments,HEFFNER AUTO,471.98,0.00,receipts,218189,BANKING_IMPORT
2012-12-03,1000,Cash / Clearing,HEFFNER AUTO,0.00,471.98,receipts,218189,BANKING_IMPORT
2012-12-03,5150,Vehicle Lease Payments,HEFFNER AUTO,889.87,0.00,receipts,218190,BANKING_IMPORT
2012-12-03,1000,Cash / Clearing,HEFFNER AUTO,0.00,889.87,receipts,218190,BANKING_IMPORT
2012-12-03,5110,Fuel,FAS GAS,56.38,0.00,receipts,218191,BANKING_IMPORT
2012-12-03,1000,Cash / Clearing,FAS GAS,0.00,56.38,receipts,218191,BANKING_IMPORT
2012-12-04,5110,Fuel,MOHAWK,50.01,0.00,receipts,140851,BANKING_IMPORT
2012-12-04,1000,Cash / Clearing,MOHAWK,0.00,50.01,receipts,140851,BANKING_IMPORT
2012-12-04,6105,Client Entertainment - Meals,CINEPLEX,42.37,0.00,receipts,140852,BANKING_IMPORT
2012-12-04,1000,Cash / Clearing,CINEPLEX,0.00,42.37,receipts,140852,BANKING_IMPORT
2012-12-04,5210,BANKING,CHQ 105 CHANTEL THOMAS,1567.52,0.00,receipts,140853,BANKING_IMPORT
2012-12-04,1000,Cash / Clearing,CHQ 105 CHANTEL THOMAS,0.00,1567.52,receipts,140853,BANKING_IMPORT
2012-12-04,5720,Charter Revenue,Vcard Deposit,411.47,0.00,receipts,170816,BANKING_IMPORT
2012-12-04,1000,Cash / Clearing,Vcard Deposit,0.00,411.47,receipts,170816,BANKING_IMPORT
2012-12-04,5720,Charter Revenue,Mcard Deposit,281.56,0.00,receipts,170817,BANKING_IMPORT
2012-12-04,1000,Cash / Clearing,Mcard Deposit,0.00,281.56,receipts,170817,BANKING_IMPORT
2012-12-04,1015,Petty Cash,PETTY CASH FUNDING,40.00,0.00,receipts,170825,BANKING_IMPORT
2012-12-04,1000,Cash / Clearing,PETTY CASH FUNDING,0.00,40.00,receipts,170825,BANKING_IMPORT
2012-12-04,2910,BANKING,CHQ 107 DUSTAN TOWNSEND PAYROLL PAID TO KEVIN KOSIK FOR A GUITAR,139.81,0.00,receipts,217790,BANKING_IMPORT
2012-12-04,1000,Cash / Clearing,CHQ 107 DUSTAN TOWNSEND PAYROLL PAID TO KEVIN KOSIK FOR A GUITAR,0.00,139.81,receipts,217790,BANKING_IMPORT
2012-12-04,2910,BANKING,CHQ 103 PAUL MANSELL,1950.00,0.00,receipts,217791,BANKING_IMPORT
2012-12-04,1000,Cash / Clearing,CHQ 103 PAUL MANSELL,0.00,1950.00,receipts,217791,BANKING_IMPORT
2012-12-04,2910,BANKING,CHQ 284 PAUL MANSELL,537.39,0.00,receipts,217792,BANKING_IMPORT
2012-12-04,1000,Cash / Clearing,CHQ 284 PAUL MANSELL,0.00,537.39,receipts,217792,BANKING_IMPORT
2012-12-05,5110,Fuel,fuel,126.23,0.00,receipts,140861,BANKING_IMPORT
2012-12-05,1000,Cash / Clearing,fuel,0.00,126.23,receipts,140861,BANKING_IMPORT
2012-12-05,5430,Telephone & Internet,CHQ 108 SHAWN CALLIN - date approx from surrounding stubs,564.92,0.00,receipts,221556,CHQ108-REG198
2012-12-05,1000,Cash / Clearing,CHQ 108 SHAWN CALLIN - date approx from surrounding stubs,0.00,564.92,receipts,221556,CHQ108-REG198
2012-12-06,5600,Advertising,CHQ 97 WELCOME WAGON,100.00,0.00,receipts,140863,BANKING_IMPORT
2012-12-06,1000,Cash / Clearing,CHQ 97 WELCOME WAGON,0.00,100.00,receipts,140863,BANKING_IMPORT
2012-12-06,5710,Bank Fees & Service Charges,INTERAC FEE,1.50,0.00,receipts,140865,BANKING_IMPORT
2012-12-06,1000,Cash / Clearing,INTERAC FEE,0.00,1.50,receipts,140865,BANKING_IMPORT
2012-12-06,5720,Credit Card Processing Fees,OVERDRAFT FEE,15.00,0.00,receipts,140866,BANKING_IMPORT
2012-12-06,1000,Cash / Clearing,OVERDRAFT FEE,0.00,15.00,receipts,140866,BANKING_IMPORT
2012-12-06,5110,Fuel,CENTEX,35.01,0.00,receipts,140867,BANKING_IMPORT
2012-12-06,1000,Cash / Clearing,CENTEX,0.00,35.01,receipts,140867,BANKING_IMPORT
2012-12-06,5150,Vehicle Lease Payments,JACK CARTER,1885.65,0.00,receipts,140871,BANKING_IMPORT
2012-12-06,1000,Cash / Clearing,JACK CARTER,0.00,1885.65,receipts,140871,BANKING_IMPORT
2012-12-06,1015,Petty Cash,PETTY CASH FUNDING,201.50,0.00,receipts,170841,BANKING_IMPORT
2012-12-06,1000,Cash / Clearing,PETTY CASH FUNDING,0.00,201.50,receipts,170841,BANKING_IMPORT
2012-12-06,5870,BANKING,document delivery,25.46,0.00,receipts,214942,69651
2012-12-06,1000,Cash / Clearing,document delivery,0.00,25.46,receipts,214942,69651
2012-12-06,5650,BANKING,receipt id 2012009 regestration number 11909 1031 rr 0001,200.00,0.00,receipts,214952,
2012-12-06,1000,Cash / Clearing,receipt id 2012009 regestration number 11909 1031 rr 0001,0.00,200.00,receipts,214952,
2012-12-06,5116,BANKING,LIQUOR BARN,24.34,0.00,receipts,215436,
2012-12-06,1000,Cash / Clearing,LIQUOR BARN,0.00,24.34,receipts,215436,
2012-12-06,5116,BANKING,LIQUOR BARN,88.41,0.00,receipts,215437,
2012-12-06,1000,Cash / Clearing,LIQUOR BARN,0.00,88.41,receipts,215437,
2012-12-06,5116,BANKING,LIQUOR BARN,41.69,0.00,receipts,215438,
2012-12-06,1000,Cash / Clearing,LIQUOR BARN,0.00,41.69,receipts,215438,
2012-12-06,5116,BANKING,LIQUOR BARN,41.18,0.00,receipts,215439,
2012-12-06,1000,Cash / Clearing,LIQUOR BARN,0.00,41.18,receipts,215439,
2012-12-06,5715,NSF Fees,NSF Fee,45.00,0.00,receipts,216002,BANKING_IMPORT
2012-12-06,1000,Cash / Clearing,NSF Fee,0.00,45.00,receipts,216002,BANKING_IMPORT
2012-12-06,5150,Vehicle Lease Payments,LFG vehicle operating lease payment,101.14,0.00,receipts,216825,BANKING_IMPORT
2012-12-06,1000,Cash / Clearing,LFG vehicle operating lease payment,0.00,101.14,receipts,216825,BANKING_IMPORT
2012-12-06,5715,BANKING,NSF Fee,45.00,0.00,receipts,216928,BANKING_IMPORT
2012-12-06,1000,Cash / Clearing,NSF Fee,0.00,45.00,receipts,216928,BANKING_IMPORT
2012-12-06,2550,BANKING,CENTEX,35.01,0.00,receipts,217499,
2012-12-06,1000,Cash / Clearing,CENTEX,0.00,35.01,receipts,217499,
2012-12-06,2550,BANKING,SHOES,131.25,0.00,receipts,217562,
2012-12-06,1000,Cash / Clearing,SHOES,0.00,131.25,receipts,217562,
2012-12-06,2910,BANKING,CHQ 106 JESSE GORDON,708.93,0.00,receipts,217793,BANKING_IMPORT
2012-12-06,1000,Cash / Clearing,CHQ 106 JESSE GORDON,0.00,708.93,receipts,217793,BANKING_IMPORT
2012-12-06,2910,BANKING,CHQ 102 PAUL RICHARD - BANK TRANSFER,2200.00,0.00,receipts,217794,BANKING_IMPORT
2012-12-06,1000,Cash / Clearing,CHQ 102 PAUL RICHARD - BANK TRANSFER,0.00,2200.00,receipts,217794,BANKING_IMPORT
2012-12-06,2910,BANKING,CHQ 96 PAUL MANSELL (PAID BY CIBC),658.06,0.00,receipts,217795,BANKING_IMPORT
2012-12-06,1000,Cash / Clearing,CHQ 96 PAUL MANSELL (PAID BY CIBC),0.00,658.06,receipts,217795,BANKING_IMPORT
2012-12-06,2910,BANKING,CPC / SCP RC purchase,25.46,0.00,receipts,218192,BANKING_IMPORT
2012-12-06,1000,Cash / Clearing,CPC / SCP RC purchase,0.00,25.46,receipts,218192,BANKING_IMPORT
2012-12-07,5110,BANKING,FAS GAS,40.01,0.00,receipts,214832,
2012-12-07,1000,Cash / Clearing,FAS GAS,0.00,40.01,receipts,214832,
2012-12-07,5110,BANKING,SHELL,76.00,0.00,receipts,215212,
2012-12-07,1000,Cash / Clearing,SHELL,0.00,76.00,receipts,215212,
2012-12-07,5116,BANKING,LIQUOR BARN,44.90,0.00,receipts,215430,
2012-12-07,1000,Cash / Clearing,LIQUOR BARN,0.00,44.90,receipts,215430,
2012-12-07,5116,BANKING,LIQUOR BOUTIQUE,64.30,0.00,receipts,215431,
2012-12-07,1000,Cash / Clearing,LIQUOR BOUTIQUE,0.00,64.30,receipts,215431,
2012-12-07,5116,BANKING,LIQUOR BARN,20.52,0.00,receipts,215432,
2012-12-07,1000,Cash / Clearing,LIQUOR BARN,0.00,20.52,receipts,215432,
2012-12-07,5116,BANKING,LIQUOR BARN,88.07,0.00,receipts,215433,
2012-12-07,1000,Cash / Clearing,LIQUOR BARN,0.00,88.07,receipts,215433,
2012-12-07,5116,BANKING,ice,5.01,0.00,receipts,215434,
2012-12-07,1000,Cash / Clearing,ice,0.00,5.01,receipts,215434,
2012-12-07,5116,BANKING,LIQUOR BARN,36.34,0.00,receipts,215435,
2012-12-07,1000,Cash / Clearing,LIQUOR BARN,0.00,36.34,receipts,215435,
2012-12-07,5116,BANKING,LIQUOR DEPOT,14.03,0.00,receipts,215756,
2012-12-07,1000,Cash / Clearing,LIQUOR DEPOT,0.00,14.03,receipts,215756,
2012-12-07,5110,BANKING,CENTEX,60.00,0.00,receipts,217291,
2012-12-07,1000,Cash / Clearing,CENTEX,0.00,60.00,receipts,217291,
2012-12-07,5110,BANKING,60.00-22.71 lt log =37.29,37.29,0.00,receipts,217421,
2012-12-07,1000,Cash / Clearing,60.00-22.71 lt log =37.29,0.00,37.29,receipts,217421,
2012-12-07,5110,BANKING,CENTEX,65.26,0.00,receipts,217490,
2012-12-07,1000,Cash / Clearing,CENTEX,0.00,65.26,receipts,217490,
2012-12-08,2550,Advertising,Trade show supplies,156.14,0.00,receipts,173587,
2012-12-08,1000,Cash / Clearing,Trade show supplies,0.00,156.14,receipts,173587,
2012-12-08,2550,Advertising,TRADE SHOW SUPPLIES,217.04,0.00,receipts,173588,
2012-12-08,1000,Cash / Clearing,TRADE SHOW SUPPLIES,0.00,217.04,receipts,173588,
2012-12-08,5110,Fuel,FAS GAS,59.81,0.00,receipts,173589,
2012-12-08,1000,Cash / Clearing,FAS GAS,0.00,59.81,receipts,173589,
2012-12-08,5110,BANKING,CENTEX,50.01,0.00,receipts,215294,
2012-12-08,1000,Cash / Clearing,CENTEX,0.00,50.01,receipts,215294,
2012-12-08,5110,BANKING,CENTEX,40.00,0.00,receipts,215500,
2012-12-08,1000,Cash / Clearing,CENTEX,0.00,40.00,receipts,215500,
2012-12-08,5116,BANKING,ice and oranges for taquila,13.46,0.00,receipts,217130,
2012-12-08,1000,Cash / Clearing,ice and oranges for taquila,0.00,13.46,receipts,217130,
2012-12-08,2550,BANKING,FUEL l8,45.01,0.00,receipts,217270,
2012-12-08,1000,Cash / Clearing,FUEL l8,0.00,45.01,receipts,217270,
2012-12-09,5110,BANKING,FUEL,20.00,0.00,receipts,215265,
2012-12-09,1000,Cash / Clearing,FUEL,0.00,20.00,receipts,215265,
2012-12-09,2550,BANKING,CALGARY AIRPORT AUTHORITY,6.00,0.00,receipts,217096,
2012-12-09,1000,Cash / Clearing,CALGARY AIRPORT AUTHORITY,0.00,6.00,receipts,217096,
2012-12-10,5116,"Client Amenities - Food, Coffee, Supplies",LIQUOR BARN,272.57,0.00,receipts,140879,BANKING_IMPORT
2012-12-10,1000,Cash / Clearing,LIQUOR BARN,0.00,272.57,receipts,140879,BANKING_IMPORT
2012-12-10,5110,Fuel,fuel,182.24,0.00,receipts,140880,BANKING_IMPORT
2012-12-10,1000,Cash / Clearing,fuel,0.00,182.24,receipts,140880,BANKING_IMPORT
2012-12-10,5110,Fuel,fuel,194.25,0.00,receipts,140881,BANKING_IMPORT
2012-12-10,1000,Cash / Clearing,fuel,0.00,194.25,receipts,140881,BANKING_IMPORT
2012-12-10,5110,Fuel,fuel,57.87,0.00,receipts,140882,BANKING_IMPORT
2012-12-10,1000,Cash / Clearing,fuel,0.00,57.87,receipts,140882,BANKING_IMPORT
2012-12-10,5110,Fuel,fuel,85.01,0.00,receipts,140883,BANKING_IMPORT
2012-12-10,1000,Cash / Clearing,fuel,0.00,85.01,receipts,140883,BANKING_IMPORT
2012-12-10,5110,Fuel,fuel,44.00,0.00,receipts,140884,BANKING_IMPORT
2012-12-10,1000,Cash / Clearing,fuel,0.00,44.00,receipts,140884,BANKING_IMPORT
2012-12-10,1220,Vehicle Equipment,STERIO CABLES AND SUPPLIES,138.50,0.00,receipts,140885,BANKING_IMPORT
2012-12-10,1000,Cash / Clearing,STERIO CABLES AND SUPPLIES,0.00,138.50,receipts,140885,BANKING_IMPORT
2012-12-10,5860,Supplies - General Business,A BUCK OR TWO,128.10,0.00,receipts,140886,BANKING_IMPORT
2012-12-10,1000,Cash / Clearing,A BUCK OR TWO,0.00,128.10,receipts,140886,BANKING_IMPORT
2012-12-10,5150,Vehicle Lease Payments,HEFFNER AUTO FINANCE,2525.25,0.00,receipts,140888,BANKING_IMPORT
2012-12-10,1000,Cash / Clearing,HEFFNER AUTO FINANCE,0.00,2525.25,receipts,140888,BANKING_IMPORT
2012-12-10,5120,Vehicle Maintenance & Repairs,ALTERNATOR REPAIR,205.85,0.00,receipts,140893,BANKING_IMPORT
2012-12-10,1000,Cash / Clearing,ALTERNATOR REPAIR,0.00,205.85,receipts,140893,BANKING_IMPORT
2012-12-10,5120,Vehicle Maintenance & Repairs,PARRS AUTOMOTIVE cash pymt inv#6110 balance,355.32,0.00,receipts,215485,BANKING_IMPORT
2012-12-10,1000,Cash / Clearing,PARRS AUTOMOTIVE cash pymt inv#6110 balance,0.00,355.32,receipts,215485,BANKING_IMPORT
2012-12-10,5120,Vehicle Maintenance & Repairs,PARRS AUTOMOTIVE cash pymt inv#6113,593.62,0.00,receipts,215486,BANKING_IMPORT
2012-12-10,1000,Cash / Clearing,PARRS AUTOMOTIVE cash pymt inv#6113,0.00,593.62,receipts,215486,BANKING_IMPORT
2012-12-10,5120,Vehicle Maintenance & Repairs,PARRS AUTOMOTIVE cash pymt inv#6114 partial,53.06,0.00,receipts,215487,BANKING_IMPORT
2012-12-10,1000,Cash / Clearing,PARRS AUTOMOTIVE cash pymt inv#6114 partial,0.00,53.06,receipts,215487,BANKING_IMPORT
2012-12-10,5715,NSF Fees,NSF Fee,45.00,0.00,receipts,216003,BANKING_IMPORT
2012-12-10,1000,Cash / Clearing,NSF Fee,0.00,45.00,receipts,216003,BANKING_IMPORT
2012-12-10,5150,Vehicle Lease Payments,LFG vehicle operating lease payment,202.27,0.00,receipts,216826,BANKING_IMPORT
2012-12-10,1000,Cash / Clearing,LFG vehicle operating lease payment,0.00,202.27,receipts,216826,BANKING_IMPORT
2012-12-10,5715,BANKING,NSF Fee,45.00,0.00,receipts,216929,BANKING_IMPORT
2012-12-10,1000,Cash / Clearing,NSF Fee,0.00,45.00,receipts,216929,BANKING_IMPORT
2012-12-10,5420,BANKING,ICE BAGS AND CLEANER,14.67,0.00,receipts,217063,
2012-12-10,1000,Cash / Clearing,ICE BAGS AND CLEANER,0.00,14.67,receipts,217063,
2012-12-10,2910,BANKING,CHQ 111 KEVIN BOULLEY,55.31,0.00,receipts,217796,BANKING_IMPORT
2012-12-10,1000,Cash / Clearing,CHQ 111 KEVIN BOULLEY,0.00,55.31,receipts,217796,BANKING_IMPORT
2012-12-10,2910,BANKING,CHQ 113 MIKE RICHARD,866.56,0.00,receipts,217797,BANKING_IMPORT
2012-12-10,1000,Cash / Clearing,CHQ 113 MIKE RICHARD,0.00,866.56,receipts,217797,BANKING_IMPORT
2012-12-11,5110,Fuel,ESSO,132.00,0.00,receipts,140894,BANKING_IMPORT
2012-12-11,1000,Cash / Clearing,ESSO,0.00,132.00,receipts,140894,BANKING_IMPORT
2012-12-11,5116,"Client Amenities - Food, Coffee, Supplies",PLAZA LIQUOR,46.10,0.00,receipts,140895,BANKING_IMPORT
2012-12-11,1000,Cash / Clearing,PLAZA LIQUOR,0.00,46.10,receipts,140895,BANKING_IMPORT
2012-12-11,6100,Staff Meals & Entertainment,SUSHI SUSHI,16.64,0.00,receipts,140897,BANKING_IMPORT
2012-12-11,1000,Cash / Clearing,SUSHI SUSHI,0.00,16.64,receipts,140897,BANKING_IMPORT
2012-12-11,5120,BANKING,MR SUDS INC.,5.25,0.00,receipts,215075,
2012-12-11,1000,Cash / Clearing,MR SUDS INC.,0.00,5.25,receipts,215075,
2012-12-11,2910,BANKING,CHQ 110 JEANNIE SHILLINGTON,2120.72,0.00,receipts,217798,BANKING_IMPORT
2012-12-11,1000,Cash / Clearing,CHQ 110 JEANNIE SHILLINGTON,0.00,2120.72,receipts,217798,BANKING_IMPORT
2012-12-11,5110,BANKING,FAS GAS,59.67,0.00,receipts,218193,BANKING_IMPORT
2012-12-11,1000,Cash / Clearing,FAS GAS,0.00,59.67,receipts,218193,BANKING_IMPORT
2012-12-12,5120,Vehicle Maintenance & Repairs,CHOICE AUTO ELECTRIC,315.53,0.00,receipts,140901,BANKING_IMPORT
2012-12-12,1000,Cash / Clearing,CHOICE AUTO ELECTRIC,0.00,315.53,receipts,140901,BANKING_IMPORT
2012-12-12,5420,BANKING,WILLIAMS STATIONARY,2.52,0.00,receipts,214956,
2012-12-12,1000,Cash / Clearing,WILLIAMS STATIONARY,0.00,2.52,receipts,214956,
2012-12-12,5120,BANKING,MR SUDS INC.,18.05,0.00,receipts,215079,
2012-12-12,1000,Cash / Clearing,MR SUDS INC.,0.00,18.05,receipts,215079,
2012-12-12,5120,BANKING,CAR WASH,4.25,0.00,receipts,215189,
2012-12-12,1000,Cash / Clearing,CAR WASH,0.00,4.25,receipts,215189,
2012-12-12,6100,BANKING,ARBYS,5.92,0.00,receipts,217546,
2012-12-12,1000,Cash / Clearing,ARBYS,0.00,5.92,receipts,217546,
2012-12-12,2910,BANKING,CHQ 109 DOUG REDMOND,2297.73,0.00,receipts,217799,BANKING_IMPORT
2012-12-12,1000,Cash / Clearing,CHQ 109 DOUG REDMOND,0.00,2297.73,receipts,217799,BANKING_IMPORT
2012-12-12,2910,BANKING,CHQ 112 PAUL MANSELL,782.57,0.00,receipts,217800,BANKING_IMPORT
2012-12-12,1000,Cash / Clearing,CHQ 112 PAUL MANSELL,0.00,782.57,receipts,217800,BANKING_IMPORT
2012-12-13,5110,Fuel,fuel,84.00,0.00,receipts,140906,BANKING_IMPORT
2012-12-13,1000,Cash / Clearing,fuel,0.00,84.00,receipts,140906,BANKING_IMPORT
2012-12-13,5250,WCB Premiums,overdue charge,14.54,0.00,receipts,145311,18512376
2012-12-13,1000,Cash / Clearing,overdue charge,0.00,14.54,receipts,145311,18512376
2012-12-13,5110,BANKING,RUN'N ON EMPTY,40.00,0.00,receipts,215266,
2012-12-13,1000,Cash / Clearing,RUN'N ON EMPTY,0.00,40.00,receipts,215266,
2012-12-13,5110,BANKING,ICE,2.99,0.00,receipts,215267,
2012-12-13,1000,Cash / Clearing,ICE,0.00,2.99,receipts,215267,
2012-12-13,5116,BANKING,LIQUOR BARN,49.03,0.00,receipts,215425,
2012-12-13,1000,Cash / Clearing,LIQUOR BARN,0.00,49.03,receipts,215425,
2012-12-13,5116,BANKING,LIQUOR BARN,27.96,0.00,receipts,215426,
2012-12-13,1000,Cash / Clearing,LIQUOR BARN,0.00,27.96,receipts,215426,
2012-12-13,5116,BANKING,LIQUOR BARN,182.00,0.00,receipts,215427,
2012-12-13,1000,Cash / Clearing,LIQUOR BARN,0.00,182.00,receipts,215427,
2012-12-13,5116,BANKING,LIQUOR BARN,33.37,0.00,receipts,215428,
2012-12-13,1000,Cash / Clearing,LIQUOR BARN,0.00,33.37,receipts,215428,
2012-12-13,5116,BANKING,LIQUOR BARN,30.06,0.00,receipts,215429,
2012-12-13,1000,Cash / Clearing,LIQUOR BARN,0.00,30.06,receipts,215429,
2012-12-13,5116,BANKING,UPTOWN LIQUOR STORE,10.39,0.00,receipts,215671,
2012-12-13,1000,Cash / Clearing,UPTOWN LIQUOR STORE,0.00,10.39,receipts,215671,
2012-12-13,5116,"Client Amenities - Food, Coffee, Supplies",ICE,5.98,0.00,receipts,215776,
2012-12-13,1000,Cash / Clearing,ICE,0.00,5.98,receipts,215776,
2012-12-13,5320,BANKING,BONANNO PIZZA,38.75,0.00,receipts,217531,
2012-12-13,1000,Cash / Clearing,BONANNO PIZZA,0.00,38.75,receipts,217531,
2012-12-13,2910,BANKING,CHQ 114 KEVIN BOULLEY,210.00,0.00,receipts,217801,BANKING_IMPORT
2012-12-13,1000,Cash / Clearing,CHQ 114 KEVIN BOULLEY,0.00,210.00,receipts,217801,BANKING_IMPORT
2012-12-13,5150,Vehicle Operating Leases,LFG BUSINESS PAD,101.14,0.00,receipts,218194,BANKING_IMPORT
2012-12-13,1000,Cash / Clearing,LFG BUSINESS PAD,0.00,101.14,receipts,218194,BANKING_IMPORT
2012-12-14,5110,Fuel,ESSO,150.00,0.00,receipts,140912,BANKING_IMPORT
2012-12-14,1000,Cash / Clearing,ESSO,0.00,150.00,receipts,140912,BANKING_IMPORT
2012-12-14,5120,Vehicle Maintenance & Repairs,CANADIAN TIRE,86.01,0.00,receipts,140913,BANKING_IMPORT
2012-12-14,1000,Cash / Clearing,CANADIAN TIRE,0.00,86.01,receipts,140913,BANKING_IMPORT
2012-12-14,1015,Petty Cash,PETTY CASH FUNDING,700.00,0.00,receipts,170878,BANKING_IMPORT
2012-12-14,1000,Cash / Clearing,PETTY CASH FUNDING,0.00,700.00,receipts,170878,BANKING_IMPORT
2012-12-14,2550,BANKING,FAS GAS,41.00,0.00,receipts,214048,
2012-12-14,1000,Cash / Clearing,FAS GAS,0.00,41.00,receipts,214048,
2012-12-14,5110,BANKING,RUN'N ON EMPTY,56.00,0.00,receipts,215268,
2012-12-14,1000,Cash / Clearing,RUN'N ON EMPTY,0.00,56.00,receipts,215268,
2012-12-14,5116,BANKING,LIQUOR BARN,396.91,0.00,receipts,215422,
2012-12-14,1000,Cash / Clearing,LIQUOR BARN,0.00,396.91,receipts,215422,
2012-12-14,5116,BANKING,LIQUOR BARN,18.95,0.00,receipts,215423,
2012-12-14,1000,Cash / Clearing,LIQUOR BARN,0.00,18.95,receipts,215423,
2012-12-14,5116,BANKING,LIQUOR BARN,242.08,0.00,receipts,215424,
2012-12-14,1000,Cash / Clearing,LIQUOR BARN,0.00,242.08,receipts,215424,
2012-12-14,5110,Fuel,fuel,50.01,0.00,receipts,217005,BANKING_IMPORT
2012-12-14,1000,Cash / Clearing,fuel,0.00,50.01,receipts,217005,BANKING_IMPORT
2012-12-14,3200,BANKING,lottery ticket,36.00,0.00,receipts,217006,BANKING_IMPORT
2012-12-14,1000,Cash / Clearing,lottery ticket,0.00,36.00,receipts,217006,BANKING_IMPORT
2012-12-14,1015,Petty Cash,PETTY CASH FUNDING,400.00,0.00,receipts,217672,BANKING_IMPORT
2012-12-14,1000,Cash / Clearing,PETTY CASH FUNDING,0.00,400.00,receipts,217672,BANKING_IMPORT
2012-12-15,5110,BANKING,PETRO-CANADA,40.02,0.00,receipts,214065,
2012-12-15,1000,Cash / Clearing,PETRO-CANADA,0.00,40.02,receipts,214065,
2012-12-15,5110,BANKING,RUN'N ON EMPTY,75.00,0.00,receipts,214970,
2012-12-15,1000,Cash / Clearing,RUN'N ON EMPTY,0.00,75.00,receipts,214970,
2012-12-15,5120,BANKING,MR SUDS INC.,8.00,0.00,receipts,215078,
2012-12-15,1000,Cash / Clearing,MR SUDS INC.,0.00,8.00,receipts,215078,
2012-12-15,5120,BANKING,L7,7.00,0.00,receipts,215181,
2012-12-15,1000,Cash / Clearing,L7,0.00,7.00,receipts,215181,
2012-12-15,5110,BANKING,FUEL,110.00,0.00,receipts,215224,BANKING_IMPORT
2012-12-15,1000,Cash / Clearing,FUEL,0.00,110.00,receipts,215224,BANKING_IMPORT
2012-12-15,5116,BANKING,POP,10.36,0.00,receipts,215225,BANKING_IMPORT
2012-12-15,1000,Cash / Clearing,POP,0.00,10.36,receipts,215225,BANKING_IMPORT
2012-12-15,5116,BANKING,LIQUOR BARN,48.35,0.00,receipts,215419,
2012-12-15,1000,Cash / Clearing,LIQUOR BARN,0.00,48.35,receipts,215419,
2012-12-15,5116,BANKING,LIQUOR BARN,29.01,0.00,receipts,215420,
2012-12-15,1000,Cash / Clearing,LIQUOR BARN,0.00,29.01,receipts,215420,
2012-12-15,5116,BANKING,cranberry drinks mix and snacks,18.54,0.00,receipts,217131,
2012-12-15,1000,Cash / Clearing,cranberry drinks mix and snacks,0.00,18.54,receipts,217131,
2012-12-15,5110,BANKING,COOP,41.89,0.00,receipts,217161,
2012-12-15,1000,Cash / Clearing,COOP,0.00,41.89,receipts,217161,
2012-12-15,2550,BANKING,PANAGO,18.00,0.00,receipts,217378,
2012-12-15,1000,Cash / Clearing,PANAGO,0.00,18.00,receipts,217378,
2012-12-16,2550,BANKING,RUN'N ON EMPTY,50.25,0.00,receipts,173665,
2012-12-16,1000,Cash / Clearing,RUN'N ON EMPTY,0.00,50.25,receipts,173665,
2012-12-16,2550,BANKING,RUN'N ON EMPTY,50.01,0.00,receipts,173666,
2012-12-16,1000,Cash / Clearing,RUN'N ON EMPTY,0.00,50.01,receipts,173666,
2012-12-17,5720,Credit Card Processing Fees,OVERDRAFT FEE,20.00,0.00,receipts,140916,BANKING_IMPORT
2012-12-17,1000,Cash / Clearing,OVERDRAFT FEE,0.00,20.00,receipts,140916,BANKING_IMPORT
2012-12-17,5120,Vehicle Maintenance & Repairs,funels pressure guage windex cleanin suplies and a jack,238.18,0.00,receipts,140917,BANKING_IMPORT
2012-12-17,1000,Cash / Clearing,funels pressure guage windex cleanin suplies and a jack,0.00,238.18,receipts,140917,BANKING_IMPORT
2012-12-17,5110,Fuel,bad fuel,51.00,0.00,receipts,140918,BANKING_IMPORT
2012-12-17,1000,Cash / Clearing,bad fuel,0.00,51.00,receipts,140918,BANKING_IMPORT
2012-12-17,5110,Fuel,fuel,71.00,0.00,receipts,140919,BANKING_IMPORT
2012-12-17,1000,Cash / Clearing,fuel,0.00,71.00,receipts,140919,BANKING_IMPORT
2012-12-17,5116,"Client Amenities - Food, Coffee, Supplies",beverages,54.61,0.00,receipts,140920,BANKING_IMPORT
2012-12-17,1000,Cash / Clearing,beverages,0.00,54.61,receipts,140920,BANKING_IMPORT
2012-12-17,5110,Fuel,DOMO GAS,70.00,0.00,receipts,140921,BANKING_IMPORT
2012-12-17,1000,Cash / Clearing,DOMO GAS,0.00,70.00,receipts,140921,BANKING_IMPORT
2012-12-17,5116,"Client Amenities - Food, Coffee, Supplies",LIQUOR BARN,194.37,0.00,receipts,140922,BANKING_IMPORT
2012-12-17,1000,Cash / Clearing,LIQUOR BARN,0.00,194.37,receipts,140922,BANKING_IMPORT
2012-12-17,5116,"Client Amenities - Food, Coffee, Supplies",LIQUOR BARN,148.26,0.00,receipts,140924,BANKING_IMPORT
2012-12-17,1000,Cash / Clearing,LIQUOR BARN,0.00,148.26,receipts,140924,BANKING_IMPORT
2012-12-17,2550,Vehicle Lease Payments,HEFFNER AUTO FINANCE,889.88,0.00,receipts,140927,BANKING_IMPORT
2012-12-17,1000,Cash / Clearing,HEFFNER AUTO FINANCE,0.00,889.88,receipts,140927,BANKING_IMPORT
2012-12-17,5150,Vehicle Lease Payments,JACK CARTER,1885.65,0.00,receipts,140934,BANKING_IMPORT
2012-12-17,1000,Cash / Clearing,JACK CARTER,0.00,1885.65,receipts,140934,BANKING_IMPORT
2012-12-17,5150,Vehicle Lease Payments,HEFFNER AUTO,471.97,0.00,receipts,150648,BANKING_IMPORT
2012-12-17,1000,Cash / Clearing,HEFFNER AUTO,0.00,471.97,receipts,150648,BANKING_IMPORT
2012-12-17,5150,Vehicle Lease Payments,HEFFNER AUTO,889.88,0.00,receipts,150649,BANKING_IMPORT
2012-12-17,1000,Cash / Clearing,HEFFNER AUTO,0.00,889.88,receipts,150649,BANKING_IMPORT
2012-12-17,5150,Vehicle Lease Payments,HEFFNER AUTO,1900.50,0.00,receipts,150650,BANKING_IMPORT
2012-12-17,1000,Cash / Clearing,HEFFNER AUTO,0.00,1900.50,receipts,150650,BANKING_IMPORT
2012-12-17,5150,Vehicle Lease Payments,HEFFNER AUTO,1475.25,0.00,receipts,150651,BANKING_IMPORT
2012-12-17,1000,Cash / Clearing,HEFFNER AUTO,0.00,1475.25,receipts,150651,BANKING_IMPORT
2012-12-17,5150,Vehicle Lease Payments,HEFFNER AUTO,2525.25,0.00,receipts,150652,BANKING_IMPORT
2012-12-17,1000,Cash / Clearing,HEFFNER AUTO,0.00,2525.25,receipts,150652,BANKING_IMPORT
2012-12-17,2550,Advertising,TRADE SHOW SUPPLIES,175.34,0.00,receipts,173590,
2012-12-17,1000,Cash / Clearing,TRADE SHOW SUPPLIES,0.00,175.34,receipts,173590,
2012-12-17,2550,BANKING,FAS GAS,45.01,0.00,receipts,173664,
2012-12-17,1000,Cash / Clearing,FAS GAS,0.00,45.01,receipts,173664,
2012-12-17,5420,BANKING,PRAIRIE OFFICE SUPPLIES,38.69,0.00,receipts,214943,
2012-12-17,1000,Cash / Clearing,PRAIRIE OFFICE SUPPLIES,0.00,38.69,receipts,214943,
2012-12-17,5110,BANKING,FUEL,104.00,0.00,receipts,215210,BANKING_IMPORT
2012-12-17,1000,Cash / Clearing,FUEL,0.00,104.00,receipts,215210,BANKING_IMPORT
2012-12-17,5116,BANKING,BEVERAGE,12.05,0.00,receipts,215211,BANKING_IMPORT
2012-12-17,1000,Cash / Clearing,BEVERAGE,0.00,12.05,receipts,215211,BANKING_IMPORT
2012-12-17,5715,NSF Fees,NSF Fee,45.00,0.00,receipts,216004,BANKING_IMPORT
2012-12-17,1000,Cash / Clearing,NSF Fee,0.00,45.00,receipts,216004,BANKING_IMPORT
2012-12-17,5715,BANKING,NSF Fee,45.00,0.00,receipts,216930,BANKING_IMPORT
2012-12-17,1000,Cash / Clearing,NSF Fee,0.00,45.00,receipts,216930,BANKING_IMPORT
2012-12-17,2550,Vehicle Maintenance & Repairs,extension cord cleaning supplies,238.18,0.00,receipts,217003,
2012-12-17,1000,Cash / Clearing,extension cord cleaning supplies,0.00,238.18,receipts,217003,
2012-12-17,2910,BANKING,CHQ 89 DALE MENARD,324.86,0.00,receipts,217802,BANKING_IMPORT
2012-12-17,1000,Cash / Clearing,CHQ 89 DALE MENARD,0.00,324.86,receipts,217802,BANKING_IMPORT
2012-12-17,5110,BANKING,SHELL,116.05,0.00,receipts,218195,BANKING_IMPORT
2012-12-17,1000,Cash / Clearing,SHELL,0.00,116.05,receipts,218195,BANKING_IMPORT
2012-12-17,5150,Vehicle Lease Payments,HEFFNER AUTO,471.97,0.00,receipts,218196,BANKING_IMPORT
2012-12-17,1000,Cash / Clearing,HEFFNER AUTO,0.00,471.97,receipts,218196,BANKING_IMPORT
2012-12-17,5150,Vehicle Lease Payments,HEFFNER AUTO,1900.50,0.00,receipts,218197,BANKING_IMPORT
2012-12-17,1000,Cash / Clearing,HEFFNER AUTO,0.00,1900.50,receipts,218197,BANKING_IMPORT
2012-12-17,5150,Vehicle Lease Payments,HEFFNER AUTO,1475.25,0.00,receipts,218198,BANKING_IMPORT
2012-12-17,1000,Cash / Clearing,HEFFNER AUTO,0.00,1475.25,receipts,218198,BANKING_IMPORT
2012-12-17,5150,Vehicle Lease Payments,HEFFNER AUTO,2525.25,0.00,receipts,218199,BANKING_IMPORT
2012-12-17,1000,Cash / Clearing,HEFFNER AUTO,0.00,2525.25,receipts,218199,BANKING_IMPORT
2012-12-17,5150,Vehicle Operating Leases,LFG BUSINESS PAD,202.27,0.00,receipts,218200,BANKING_IMPORT
2012-12-17,1000,Cash / Clearing,LFG BUSINESS PAD,0.00,202.27,receipts,218200,BANKING_IMPORT
2012-12-18,5720,Credit Card Processing Fees,OVERDRAFT FEE,5.00,0.00,receipts,140938,BANKING_IMPORT
2012-12-18,1000,Cash / Clearing,OVERDRAFT FEE,0.00,5.00,receipts,140938,BANKING_IMPORT
2012-12-18,5710,Bank Fees & Service Charges,Client card refund (card withdrawal),175.00,0.00,receipts,140939,BANKING_IMPORT
2012-12-18,1000,Cash / Clearing,Client card refund (card withdrawal),0.00,175.00,receipts,140939,BANKING_IMPORT
2012-12-18,2550,BANKING,MOHAWK,125.00,0.00,receipts,215011,
2012-12-18,1000,Cash / Clearing,MOHAWK,0.00,125.00,receipts,215011,
2012-12-18,5116,BANKING,LIQUOR BARN,293.41,0.00,receipts,215417,
2012-12-18,1000,Cash / Clearing,LIQUOR BARN,0.00,293.41,receipts,215417,
2012-12-18,5116,BANKING,LIQUOR BARN,55.88,0.00,receipts,215418,
2012-12-18,1000,Cash / Clearing,LIQUOR BARN,0.00,55.88,receipts,215418,
2012-12-18,5110,BANKING,44.048 LTS,44.00,0.00,receipts,217069,
2012-12-18,1000,Cash / Clearing,44.048 LTS,0.00,44.00,receipts,217069,
2012-12-18,5110,BANKING,38.052 LTS,38.01,0.00,receipts,217070,
2012-12-18,1000,Cash / Clearing,38.052 LTS,0.00,38.01,receipts,217070,
2012-12-18,2550,BANKING,CALGARY AIRPORT AUTHORITY,6.00,0.00,receipts,217095,
2012-12-18,1000,Cash / Clearing,CALGARY AIRPORT AUTHORITY,0.00,6.00,receipts,217095,
2012-12-18,5116,BANKING,bulk ice and beverages,17.76,0.00,receipts,217132,
2012-12-18,1000,Cash / Clearing,bulk ice and beverages,0.00,17.76,receipts,217132,
2012-12-18,5110,BANKING,CENTEX,50.01,0.00,receipts,217489,
2012-12-18,1000,Cash / Clearing,CENTEX,0.00,50.01,receipts,217489,
2012-12-19,5720,Credit Card Processing Fees,OVERDRAFT FEE,5.00,0.00,receipts,140941,BANKING_IMPORT
2012-12-19,1000,Cash / Clearing,OVERDRAFT FEE,0.00,5.00,receipts,140941,BANKING_IMPORT
2012-12-19,5120,Vehicle Maintenance & Repairs,CHOICE AUTO ELECTRIC,800.00,0.00,receipts,140942,BANKING_IMPORT
2012-12-19,1000,Cash / Clearing,CHOICE AUTO ELECTRIC,0.00,800.00,receipts,140942,BANKING_IMPORT
2012-12-19,6900,BANKING,physio,35.00,0.00,receipts,140945,BANKING_IMPORT
2012-12-19,1000,Cash / Clearing,physio,0.00,35.00,receipts,140945,BANKING_IMPORT
2012-12-19,5120,Vehicle Maintenance & Repairs,PARRS AUTOMOTIVE,1000.00,0.00,receipts,143130,BANKING_IMPORT
2012-12-19,1000,Cash / Clearing,PARRS AUTOMOTIVE,0.00,1000.00,receipts,143130,BANKING_IMPORT
2012-12-19,6105,Client Entertainment - Meals,CINEPLEX,101.09,0.00,receipts,143131,BANKING_IMPORT
2012-12-19,1000,Cash / Clearing,CINEPLEX,0.00,101.09,receipts,143131,BANKING_IMPORT
2012-12-19,2550,BANKING,RUN'N ON EMPTY,49.99,0.00,receipts,173663,
2012-12-19,1000,Cash / Clearing,RUN'N ON EMPTY,0.00,49.99,receipts,173663,
2012-12-19,5110,BANKING,ESSO,47.00,0.00,receipts,214924,
2012-12-19,1000,Cash / Clearing,ESSO,0.00,47.00,receipts,214924,
2012-12-19,5116,BANKING,LIQUOR BARN,24.38,0.00,receipts,215416,
2012-12-19,1000,Cash / Clearing,LIQUOR BARN,0.00,24.38,receipts,215416,
2012-12-19,2910,BANKING,CHQ 98 JEANNIE SHILLINGTON,200.00,0.00,receipts,217803,BANKING_IMPORT
2012-12-19,1000,Cash / Clearing,CHQ 98 JEANNIE SHILLINGTON,0.00,200.00,receipts,217803,BANKING_IMPORT
2012-12-19,5120,Vehicle Maintenance & Repairs,CHOICE AUTO ELECTRIC,101.09,0.00,receipts,218201,BANKING_IMPORT
2012-12-19,1000,Cash / Clearing,CHOICE AUTO ELECTRIC,0.00,101.09,receipts,218201,BANKING_IMPORT
2012-12-20,5120,Vehicle Maintenance & Repairs,BATTERIES AND ALTERNATOR,258.38,0.00,receipts,143135,BANKING_IMPORT
2012-12-20,1000,Cash / Clearing,BATTERIES AND ALTERNATOR,0.00,258.38,receipts,143135,BANKING_IMPORT
2012-12-20,5710,Bank Fees & Service Charges,CANADIAN TIRE,53.16,0.00,receipts,150655,BANKING_IMPORT
2012-12-20,1000,Cash / Clearing,CANADIAN TIRE,0.00,53.16,receipts,150655,BANKING_IMPORT
2012-12-20,1015,Petty Cash,PETTY CASH FUNDING,1000.00,0.00,receipts,170918,BANKING_IMPORT
2012-12-20,1000,Cash / Clearing,PETTY CASH FUNDING,0.00,1000.00,receipts,170918,BANKING_IMPORT
2012-12-20,1015,Petty Cash,PETTY CASH FUNDING,3281.12,0.00,receipts,170919,BANKING_IMPORT
2012-12-20,1000,Cash / Clearing,PETTY CASH FUNDING,0.00,3281.12,receipts,170919,BANKING_IMPORT
2012-12-20,5130,Uncategorized / Unknown,Voided cheque - inter-account transfer tracking (accountant method),2257.98,0.00,receipts,170921,BANKING_IMPORT
2012-12-20,1000,Cash / Clearing,Voided cheque - inter-account transfer tracking (accountant method),0.00,2257.98,receipts,170921,BANKING_IMPORT
2012-12-20,5110,BANKING,PETRO-CANADA,55.00,0.00,receipts,214100,
2012-12-20,1000,Cash / Clearing,PETRO-CANADA,0.00,55.00,receipts,214100,
2012-12-20,5420,BANKING,keys,21.00,0.00,receipts,214954,
2012-12-20,1000,Cash / Clearing,keys,0.00,21.00,receipts,214954,
2012-12-20,5116,BANKING,LIQUOR BARN,75.45,0.00,receipts,215415,
2012-12-20,1000,Cash / Clearing,LIQUOR BARN,0.00,75.45,receipts,215415,
2012-12-20,5320,BANKING,MACS CONVENIENCE,8.38,0.00,receipts,215765,
2012-12-20,1000,Cash / Clearing,MACS CONVENIENCE,0.00,8.38,receipts,215765,
2012-12-20,5116,BANKING,WATER,1.88,0.00,receipts,215773,
2012-12-20,1000,Cash / Clearing,WATER,0.00,1.88,receipts,215773,
2012-12-20,5120,BANKING,BALLANCE OF BATTERIES AND ALTERNATOR,100.00,0.00,receipts,217234,
2012-12-20,1000,Cash / Clearing,BALLANCE OF BATTERIES AND ALTERNATOR,0.00,100.00,receipts,217234,
2012-12-20,5740,BANKING,CITY PARKING,6.00,0.00,receipts,217241,
2012-12-20,1000,Cash / Clearing,CITY PARKING,0.00,6.00,receipts,217241,
2012-12-20,5740,BANKING,CITY PARKING,6.00,0.00,receipts,217242,
2012-12-20,1000,Cash / Clearing,CITY PARKING,0.00,6.00,receipts,217242,
2012-12-20,5710,Bank Fees & Service Charges,INTEREST,46.89,0.00,receipts,217354,
2012-12-20,1000,Cash / Clearing,INTEREST,0.00,46.89,receipts,217354,
2012-12-20,5110,Fuel,fuel,44.01,0.00,receipts,217488,
2012-12-20,1000,Cash / Clearing,fuel,0.00,44.01,receipts,217488,
2012-12-20,5120,Vehicle Maintenance & Repairs,CANADIAN TIRE,53.16,0.00,receipts,218202,BANKING_IMPORT
2012-12-20,1000,Cash / Clearing,CANADIAN TIRE,0.00,53.16,receipts,218202,BANKING_IMPORT
2012-12-20,5120,Vehicle Maintenance & Repairs,CHOICE AUTO ELECTRIC,258.38,0.00,receipts,218203,BANKING_IMPORT
2012-12-20,1000,Cash / Clearing,CHOICE AUTO ELECTRIC,0.00,258.38,receipts,218203,BANKING_IMPORT
2012-12-21,5720,Credit Card Processing Fees,OVERDRAFT FEE,5.00,0.00,receipts,140952,BANKING_IMPORT
2012-12-21,1000,Cash / Clearing,OVERDRAFT FEE,0.00,5.00,receipts,140952,BANKING_IMPORT
2012-12-21,2550,BANKING,FAS GAS,19.00,0.00,receipts,173660,
2012-12-21,1000,Cash / Clearing,FAS GAS,0.00,19.00,receipts,173660,
2012-12-21,2550,BANKING,RUN'N ON EMPTY,75.00,0.00,receipts,173661,
2012-12-21,1000,Cash / Clearing,RUN'N ON EMPTY,0.00,75.00,receipts,173661,
2012-12-21,5110,BANKING,RUN'N ON EMPTY,60.00,0.00,receipts,214026,BANKING_IMPORT | PG17_COLLISION_ORIG_ID=173662 | FALLBACK_BT=96081
2012-12-21,1000,Cash / Clearing,RUN'N ON EMPTY,0.00,60.00,receipts,214026,BANKING_IMPORT | PG17_COLLISION_ORIG_ID=173662 | FALLBACK_BT=96081
2012-12-21,5110,BANKING,ESSO,40.00,0.00,receipts,214923,
2012-12-21,1000,Cash / Clearing,ESSO,0.00,40.00,receipts,214923,
2012-12-21,5120,BANKING,L10,4.75,0.00,receipts,215077,
2012-12-21,1000,Cash / Clearing,L10,0.00,4.75,receipts,215077,
2012-12-21,5110,BANKING,SHELL,100.00,0.00,receipts,215226,
2012-12-21,1000,Cash / Clearing,SHELL,0.00,100.00,receipts,215226,
2012-12-21,5116,BANKING,LIQUOR BARN,50.89,0.00,receipts,215411,
2012-12-21,1000,Cash / Clearing,LIQUOR BARN,0.00,50.89,receipts,215411,
2012-12-21,5116,BANKING,LIQUOR BARN,38.02,0.00,receipts,215412,
2012-12-21,1000,Cash / Clearing,LIQUOR BARN,0.00,38.02,receipts,215412,
2012-12-21,5116,BANKING,LIQUOR BARN,357.24,0.00,receipts,215413,
2012-12-21,1000,Cash / Clearing,LIQUOR BARN,0.00,357.24,receipts,215413,
2012-12-21,5116,BANKING,LIQUOR BARN,66.55,0.00,receipts,215414,
2012-12-21,1000,Cash / Clearing,LIQUOR BARN,0.00,66.55,receipts,215414,
2012-12-21,5116,BANKING,LIQUOR DEPOT,22.96,0.00,receipts,215755,
2012-12-21,1000,Cash / Clearing,LIQUOR DEPOT,0.00,22.96,receipts,215755,
2012-12-21,5116,"Client Amenities - Food, Coffee, Supplies",ICE,5.98,0.00,receipts,215774,
2012-12-21,1000,Cash / Clearing,ICE,0.00,5.98,receipts,215774,
2012-12-21,5116,"Client Amenities - Food, Coffee, Supplies",ICE,16.45,0.00,receipts,217065,
2012-12-21,1000,Cash / Clearing,ICE,0.00,16.45,receipts,217065,
2012-12-21,2550,BANKING,CALGARY AIRPORT AUTHORITY,17.87,0.00,receipts,217093,
2012-12-21,1000,Cash / Clearing,CALGARY AIRPORT AUTHORITY,0.00,17.87,receipts,217093,
2012-12-21,2550,BANKING,CALGARY AIRPORT AUTHORITY,6.00,0.00,receipts,217094,
2012-12-21,1000,Cash / Clearing,CALGARY AIRPORT AUTHORITY,0.00,6.00,receipts,217094,
2012-12-21,5320,BANKING,SWIGS & SWINE,17.50,0.00,receipts,217362,
2012-12-21,1000,Cash / Clearing,SWIGS & SWINE,0.00,17.50,receipts,217362,
2012-12-22,5116,BANKING,ice/ pop,13.77,0.00,receipts,173657,
2012-12-22,1000,Cash / Clearing,ice/ pop,0.00,13.77,receipts,173657,
2012-12-22,5110,BANKING,RUN'N ON EMPTY,68.00,0.00,receipts,214025,BANKING_IMPORT | PG17_COLLISION_ORIG_ID=173659 | FALLBACK_BT=96080
2012-12-22,1000,Cash / Clearing,RUN'N ON EMPTY,0.00,68.00,receipts,214025,BANKING_IMPORT | PG17_COLLISION_ORIG_ID=173659 | FALLBACK_BT=96080
2012-12-22,5116,BANKING,CAPRI LIQUOR STORE,5.98,0.00,receipts,215720,
2012-12-22,1000,Cash / Clearing,CAPRI LIQUOR STORE,0.00,5.98,receipts,215720,
2012-12-22,5116,BANKING,CAPRI LIQUOR STORE,74.98,0.00,receipts,215721,
2012-12-22,1000,Cash / Clearing,CAPRI LIQUOR STORE,0.00,74.98,receipts,215721,
2012-12-23,5110,BANKING,RUN'N ON EMPTY,49.73,0.00,receipts,214024,BANKING_IMPORT | PG17_COLLISION_ORIG_ID=173656 | FALLBACK_BT=96079
2012-12-23,1000,Cash / Clearing,RUN'N ON EMPTY,0.00,49.73,receipts,214024,BANKING_IMPORT | PG17_COLLISION_ORIG_ID=173656 | FALLBACK_BT=96079
2012-12-23,5110,Fuel,fuel,20.00,0.00,receipts,217487,
2012-12-23,1000,Cash / Clearing,fuel,0.00,20.00,receipts,217487,
2012-12-24,5720,Credit Card Processing Fees,OVERDRAFT FEE,10.00,0.00,receipts,140954,BANKING_IMPORT
2012-12-24,1000,Cash / Clearing,OVERDRAFT FEE,0.00,10.00,receipts,140954,BANKING_IMPORT
2012-12-24,5130,Insurance,JEVCO INSURANCE,293.18,0.00,receipts,140956,BANKING_IMPORT
2012-12-24,1000,Cash / Clearing,JEVCO INSURANCE,0.00,293.18,receipts,140956,BANKING_IMPORT
2012-12-24,5880,Client Entertainment - Meals,THE RANCH HOUSE Client meeting,67.26,0.00,receipts,212997,BANKING_IMPORT | PG17_COLLISION_ORIG_ID=166644 | FALLBACK_BT=95057
2012-12-24,1000,Cash / Clearing,THE RANCH HOUSE Client meeting,0.00,67.26,receipts,212997,BANKING_IMPORT | PG17_COLLISION_ORIG_ID=166644 | FALLBACK_BT=95057
2012-12-24,5120,Vehicle Maintenance & Repairs,CANADIAN TIRE,53.16,0.00,receipts,214194,97171
2012-12-24,1000,Cash / Clearing,CANADIAN TIRE,0.00,53.16,receipts,214194,97171
2012-12-24,5120,Vehicle Maintenance & Repairs,parts,1621.00,0.00,receipts,214195,97173
2012-12-24,1000,Cash / Clearing,parts,0.00,1621.00,receipts,214195,97173
2012-12-24,5120,Vehicle Maintenance & Repairs,CANADIAN TIRE,92.00,0.00,receipts,214196,97174
2012-12-24,1000,Cash / Clearing,CANADIAN TIRE,0.00,92.00,receipts,214196,97174
2012-12-24,2550,BANKING,scrub brush  water hoses,54.31,0.00,receipts,216991,
2012-12-24,1000,Cash / Clearing,scrub brush  water hoses,0.00,54.31,receipts,216991,
2012-12-24,5320,BANKING,WOK BOX,24.50,0.00,receipts,217522,
2012-12-24,1000,Cash / Clearing,WOK BOX,0.00,24.50,receipts,217522,
2012-12-24,2910,BANKING,THE RANCH HOUSE,67.26,0.00,receipts,218204,BANKING_IMPORT
2012-12-24,1000,Cash / Clearing,THE RANCH HOUSE,0.00,67.26,receipts,218204,BANKING_IMPORT
2012-12-24,5120,Vehicle Maintenance & Repairs,Canadian Tire,53.16,0.00,receipts,218205,BANKING_IMPORT
2012-12-24,1000,Cash / Clearing,Canadian Tire,0.00,53.16,receipts,218205,BANKING_IMPORT
2012-12-24,5120,Vehicle Maintenance & Repairs,Canadian Tire,92.00,0.00,receipts,218207,BANKING_IMPORT
2012-12-24,1000,Cash / Clearing,Canadian Tire,0.00,92.00,receipts,218207,BANKING_IMPORT
2012-12-24,5300,Insurance,COOP INSURANCE CSI,105.15,0.00,receipts,218208,BANKING_IMPORT
2012-12-24,1000,Cash / Clearing,COOP INSURANCE CSI,0.00,105.15,receipts,218208,BANKING_IMPORT
2012-12-26,2550,Fuel,FAS GAS | SPLIT/106.37,92.00,0.00,receipts,173630,BANKING_IMPORT
2012-12-26,1000,Cash / Clearing,FAS GAS | SPLIT/106.37,0.00,92.00,receipts,173630,BANKING_IMPORT
2012-12-26,2550,Administrative Expenses,FAS GAS | SPLIT/106.37,14.37,0.00,receipts,173631,BANKING_IMPORT
2012-12-26,1000,Cash / Clearing,FAS GAS | SPLIT/106.37,0.00,14.37,receipts,173631,BANKING_IMPORT
2012-12-26,2550,BANKING,MOHAWK,62.00,0.00,receipts,215012,
2012-12-26,1000,Cash / Clearing,MOHAWK,0.00,62.00,receipts,215012,
2012-12-26,5116,BANKING,LIQUOR BARN,119.91,0.00,receipts,215493,
2012-12-26,1000,Cash / Clearing,LIQUOR BARN,0.00,119.91,receipts,215493,
2012-12-26,5116,BANKING,LIQUOR BARN,206.17,0.00,receipts,215514,
2012-12-26,1000,Cash / Clearing,LIQUOR BARN,0.00,206.17,receipts,215514,
2012-12-27,5110,Fuel,RUN'N ON EMPTY,91.01,0.00,receipts,140959,BANKING_IMPORT
2012-12-27,1000,Cash / Clearing,RUN'N ON EMPTY,0.00,91.01,receipts,140959,BANKING_IMPORT
2012-12-27,5116,Client Hospitality - Charter Supplies,RANCH HOUSE,67.26,0.00,receipts,143147,BANKING_IMPORT
2012-12-27,1000,Cash / Clearing,RANCH HOUSE,0.00,67.26,receipts,143147,BANKING_IMPORT
2012-12-27,5710,Bank Fees & Service Charges,VILLAGE CHIROPRACTIOR,35.00,0.00,receipts,150658,BANKING_IMPORT
2012-12-27,1000,Cash / Clearing,VILLAGE CHIROPRACTIOR,0.00,35.00,receipts,150658,BANKING_IMPORT
2012-12-27,2550,BANKING,OIL CHANGE,73.47,0.00,receipts,217199,
2012-12-27,1000,Cash / Clearing,OIL CHANGE,0.00,73.47,receipts,217199,
2012-12-27,2910,BANKING,VILLAGE CHIROPRACTIOR,35.00,0.00,receipts,218209,BANKING_IMPORT
2012-12-27,1000,Cash / Clearing,VILLAGE CHIROPRACTIOR,0.00,35.00,receipts,218209,BANKING_IMPORT
2012-12-27,2910,BANKING,Ranch House,67.26,0.00,receipts,218210,BANKING_IMPORT
2012-12-27,1000,Cash / Clearing,Ranch House,0.00,67.26,receipts,218210,BANKING_IMPORT
2012-12-28,5150,Vehicle Lease Payments,LFG BUSINESS PAD,202.27,0.00,receipts,138975,BANKING_IMPORT
2012-12-28,1000,Cash / Clearing,LFG BUSINESS PAD,0.00,202.27,receipts,138975,BANKING_IMPORT
2012-12-28,6300,BANKING,fleet renewal,603.95,0.00,receipts,140962,BANKING_IMPORT
2012-12-28,1000,Cash / Clearing,fleet renewal,0.00,603.95,receipts,140962,BANKING_IMPORT
2012-12-28,5710,Bank Fees & Service Charges,ACARD PAYMENT,4.95,0.00,receipts,150659,BANKING_IMPORT
2012-12-28,1000,Cash / Clearing,ACARD PAYMENT,0.00,4.95,receipts,150659,BANKING_IMPORT
2012-12-28,1015,Petty Cash,PETTY CASH FUNDING,200.00,0.00,receipts,170935,BANKING_IMPORT
2012-12-28,1000,Cash / Clearing,PETTY CASH FUNDING,0.00,200.00,receipts,170935,BANKING_IMPORT
2012-12-28,5116,BANKING,LIQUOR BARN,61.50,0.00,receipts,215545,
2012-12-28,1000,Cash / Clearing,LIQUOR BARN,0.00,61.50,receipts,215545,
2012-12-28,5116,BANKING,LIQUOR BARN,20.04,0.00,receipts,215547,
2012-12-28,1000,Cash / Clearing,LIQUOR BARN,0.00,20.04,receipts,215547,
2012-12-28,5120,BANKING,OIL CHANGE,71.27,0.00,receipts,217200,
2012-12-28,1000,Cash / Clearing,OIL CHANGE,0.00,71.27,receipts,217200,
2012-12-28,2550,BANKING,OIL CHANGE,69.28,0.00,receipts,217201,
2012-12-28,1000,Cash / Clearing,OIL CHANGE,0.00,69.28,receipts,217201,
2012-12-28,5710,Bank Fees & Service Charges,ACARD PAYMENT,4.95,0.00,receipts,218211,BANKING_IMPORT
2012-12-28,1000,Cash / Clearing,ACARD PAYMENT,0.00,4.95,receipts,218211,BANKING_IMPORT
2012-12-29,5110,BANKING,PETRO-CANADA,43.45,0.00,receipts,214062,
2012-12-29,1000,Cash / Clearing,PETRO-CANADA,0.00,43.45,receipts,214062,
2012-12-29,5120,BANKING,MR SUDS INC.,7.20,0.00,receipts,215114,
2012-12-29,1000,Cash / Clearing,MR SUDS INC.,0.00,7.20,receipts,215114,
2012-12-29,6400,BANKING,THE SOURCE,52.46,0.00,receipts,217056,
2012-12-29,1000,Cash / Clearing,THE SOURCE,0.00,52.46,receipts,217056,
2012-12-29,5320,BANKING,MR MIKES,58.73,0.00,receipts,217564,
2012-12-29,1000,Cash / Clearing,MR MIKES,0.00,58.73,receipts,217564,
2012-12-30,5420,BANKING,PAPER TOWEL,10.47,0.00,receipts,217077,
2012-12-30,1000,Cash / Clearing,PAPER TOWEL,0.00,10.47,receipts,217077,
2012-12-30,5360,BANKING,REGISTRATION RENEWAL FLEET,644.65,0.00,receipts,217233,
2012-12-30,1000,Cash / Clearing,REGISTRATION RENEWAL FLEET,0.00,644.65,receipts,217233,
2012-12-31,5720,Credit Card Processing Fees,OVERDRAFT FEE,17.78,0.00,receipts,140965,BANKING_IMPORT
2012-12-31,1000,Cash / Clearing,OVERDRAFT FEE,0.00,17.78,receipts,140965,BANKING_IMPORT
2012-12-31,5710,Bank Fees & Service Charges,SERVICE CHARGE,115.35,0.00,receipts,140966,BANKING_IMPORT
2012-12-31,1000,Cash / Clearing,SERVICE CHARGE,0.00,115.35,receipts,140966,BANKING_IMPORT
2012-12-31,5110,Fuel,ESSO,110.00,0.00,receipts,140967,BANKING_IMPORT
2012-12-31,1000,Cash / Clearing,ESSO,0.00,110.00,receipts,140967,BANKING_IMPORT
2012-12-31,5110,Fuel,fuel,43.00,0.00,receipts,140968,BANKING_IMPORT
2012-12-31,1000,Cash / Clearing,fuel,0.00,43.00,receipts,140968,BANKING_IMPORT
2012-12-31,5710,Bank Fees & Service Charges,MONEY MART,300.00,0.00,receipts,140969,BANKING_IMPORT
2012-12-31,1000,Cash / Clearing,MONEY MART,0.00,300.00,receipts,140969,BANKING_IMPORT
2012-12-31,5110,Fuel,fuel,39.00,0.00,receipts,140970,BANKING_IMPORT
2012-12-31,1000,Cash / Clearing,fuel,0.00,39.00,receipts,140970,BANKING_IMPORT
2012-12-31,5210,Driver Wages & Reimbursements,CHQ 118 JESSE GORDON,800.00,0.00,receipts,140971,BANKING_IMPORT
2012-12-31,1000,Cash / Clearing,CHQ 118 JESSE GORDON,0.00,800.00,receipts,140971,BANKING_IMPORT
2012-12-31,5110,BANKING,FUEL,50.00,0.00,receipts,215262,
2012-12-31,1000,Cash / Clearing,FUEL,0.00,50.00,receipts,215262,
2012-12-31,5116,BANKING,ICE,10.30,0.00,receipts,215263,
2012-12-31,1000,Cash / Clearing,ICE,0.00,10.30,receipts,215263,
2012-12-31,5116,BANKING,SUGAR AND CREAMER,12.75,0.00,receipts,215264,
2012-12-31,1000,Cash / Clearing,SUGAR AND CREAMER,0.00,12.75,receipts,215264,
2012-12-31,5110,BANKING,fuel,50.50,0.00,receipts,215364,
2012-12-31,1000,Cash / Clearing,fuel,0.00,50.50,receipts,215364,
2012-12-31,5116,BANKING,LIQUOR BARN,204.26,0.00,receipts,215492,
2012-12-31,1000,Cash / Clearing,LIQUOR BARN,0.00,204.26,receipts,215492,
2012-12-31,5116,BANKING,LIQUOR BARN,19.08,0.00,receipts,215499,
2012-12-31,1000,Cash / Clearing,LIQUOR BARN,0.00,19.08,receipts,215499,
2012-12-31,5116,BANKING,LIQUOR BARN,296.04,0.00,receipts,215525,
2012-12-31,1000,Cash / Clearing,LIQUOR BARN,0.00,296.04,receipts,215525,
2012-12-31,5116,BANKING,LIQUOR BARN,94.16,0.00,receipts,215541,
2012-12-31,1000,Cash / Clearing,LIQUOR BARN,0.00,94.16,receipts,215541,
2012-12-31,5116,BANKING,LIQUOR BARN,60.32,0.00,receipts,215543,
2012-12-31,1000,Cash / Clearing,LIQUOR BARN,0.00,60.32,receipts,215543,
2012-12-31,5116,BANKING,LIQUOR DEPOT,90.39,0.00,receipts,215757,
2012-12-31,1000,Cash / Clearing,LIQUOR DEPOT,0.00,90.39,receipts,215757,
2012-12-31,5710,Bank Fees & Service Charges,Account Fee,35.00,0.00,receipts,216005,BANKING_IMPORT
2012-12-31,1000,Cash / Clearing,Account Fee,0.00,35.00,receipts,216005,BANKING_IMPORT
2012-12-31,5715,NSF Fees,NSF Fee,45.00,0.00,receipts,216006,BANKING_IMPORT
2012-12-31,1000,Cash / Clearing,NSF Fee,0.00,45.00,receipts,216006,BANKING_IMPORT
2012-12-31,5710,Bank Fees & Service Charges,Overdraft Interest,0.10,0.00,receipts,216007,BANKING_IMPORT
2012-12-31,1000,Cash / Clearing,Overdraft Interest,0.00,0.10,receipts,216007,BANKING_IMPORT
2012-12-31,5710,Bank Fees & Service Charges,Bank Charges & Interest,35.10,0.00,receipts,216381,BANKING_IMPORT
2012-12-31,1000,Cash / Clearing,Bank Charges & Interest,0.00,35.10,receipts,216381,BANKING_IMPORT
2012-12-31,5710,Bank Fees & Service Charges,Account Fee,35.00,0.00,receipts,216931,BANKING_IMPORT
2012-12-31,1000,Cash / Clearing,Account Fee,0.00,35.00,receipts,216931,BANKING_IMPORT
2012-12-31,5715,BANKING,NSF Fee,45.00,0.00,receipts,216932,BANKING_IMPORT
2012-12-31,1000,Cash / Clearing,NSF Fee,0.00,45.00,receipts,216932,BANKING_IMPORT
2012-12-31,5710,Bank Fees & Service Charges,Bank Charges & Interest,35.10,0.00,receipts,217627,BANKING_IMPORT
2012-12-31,1000,Cash / Clearing,Bank Charges & Interest,0.00,35.10,receipts,217627,BANKING_IMPORT
2012-12-31,5710,Bank Fees & Service Charges,BANK FEE,35.00,0.00,receipts,217629,BANKING_IMPORT
2012-12-31,1000,Cash / Clearing,BANK FEE,0.00,35.00,receipts,217629,BANKING_IMPORT
2012-12-31,5150,Vehicle Operating Leases,Lease Finance Group,202.27,0.00,receipts,218212,BANKING_IMPORT
2012-12-31,1000,Cash / Clearing,Lease Finance Group,0.00,202.27,receipts,218212,BANKING_IMPORT
2012-12-31,3000,Retained Earnings,Year-end close to retained earnings,0.00,-348620.95,year_end_close,2012,YEAR-END-CLOSE-2012
2012-12-31,9999,Year-End Clearing,Balancing close marker,-348620.95,0.00,year_end_close,2012,YEAR-END-CLOSE-2012
